{"created_at": "Fri May 25 14:41:34 +0000 2018", "id": 1000024076835016705, "id_str": "1000024076835016705", "text": "I am nauseated by the Bill Clinton like tactics being employed to circumvent our justice system by shyster Trump an\u2026 https://t.co/BLDL6JESfw", "truncated": true, "entities": {"hashtags": [], "symbols": [], "user_mentions": [], "urls": [{"url": "https://t.co/BLDL6JESfw", "expanded_url": "https://twitter.com/i/web/status/1000024076835016705", "display_url": "twitter.com/i/web/status/1\u2026", "indices": [117, 140]}]}, "source": "<a href=\"http://twitter.com\" rel=\"nofollow\">Twitter Web Client</a>", "in_reply_to_status_id": null, "in_reply_to_status_id_str": null, "in_reply_to_user_id": null, "in_reply_to_user_id_str": null, "in_reply_to_screen_name": null, "user": {"id": 32387787, "id_str": "32387787", "name": "Klaatu", "screen_name": "dbjdpb", "location": "", "description": "Retired investigator, Love Buddhism & Panpsychism, USN vet. Love dogs, animals. Hate corrupt politicians. Am a Progressive Independent. Hoping for dog heaven.", "url": null, "entities": {"description": {"urls": []}}, "protected": false, "followers_count": 3489, "friends_count": 3797, "listed_count": 6, "created_at": "Fri Apr 17 12:39:13 +0000 2009", "favourites_count": 40473, "utc_offset": null, "time_zone": null, "geo_enabled": false, "verified": false, "statuses_count": 62234, "lang": null, "contributors_enabled": false, "is_translator": false, "is_translation_enabled": false, "profile_background_color": "9AE4E8", "profile_background_image_url": "http://abs.twimg.com/images/themes/theme16/bg.gif", "profile_background_image_url_https": "https://abs.twimg.com/images/themes/theme16/bg.gif", "profile_background_tile": false, "profile_image_url": "http://pbs.twimg.com/profile_images/1287829021263376390/EJUEAELU_normal.jpg", "profile_image_url_https": "https://pbs.twimg.com/profile_images/1287829021263376390/EJUEAELU_normal.jpg", "profile_banner_url": "https://pbs.twimg.com/profile_banners/32387787/1588005344", "profile_link_color": "0084B4", "profile_sidebar_border_color": "BDDCAD", "profile_sidebar_fill_color": "DDFFCC", "profile_text_color": "333333", "profile_use_background_image": true, "has_extended_profile": true, "default_profile": false, "default_profile_image": false, "following": false, "follow_request_sent": false, "notifications": false, "translator_type": "none"}, "geo": null, "coordinates": null, "place": null, "contributors": null, "is_quote_status": false, "retweet_count": 0, "favorite_count": 0, "favorited": false, "retweeted": false, "possibly_sensitive": false, "lang": "en"}