{"created_at": "Sat May 26 00:50:52 +0000 2018", "id": 1000177413865771009, "id_str": "1000177413865771009", "text": "Rudy Giuliani: Trump Won&amp;apos;t Interview With Mueller Until We Get\u2026 https://t.co/18doQ0zWDL ExcitingAds! News", "truncated": false, "entities": {"hashtags": [], "symbols": [], "user_mentions": [], "urls": [{"url": "https://t.co/18doQ0zWDL", "expanded_url": "https://goo.gl/fb/MGxvnZ", "display_url": "goo.gl/fb/MGxvnZ", "indices": [73, 96]}]}, "source": "<a href=\"https://www.google.com/\" rel=\"nofollow\">Google</a>", "in_reply_to_status_id": null, "in_reply_to_status_id_str": null, "in_reply_to_user_id": null, "in_reply_to_user_id_str": null, "in_reply_to_screen_name": null, "user": {"id": 58261563, "id_str": "58261563", "name": "Navaid Iqbal Syed", "screen_name": "ExcitingAds", "location": "Woodbridge, VA USA", "description": "Bring better things to your life!", "url": "http://t.co/lWUXrZswyX", "entities": {"url": {"urls": [{"url": "http://t.co/lWUXrZswyX", "expanded_url": "http://www.excitingads.com", "display_url": "excitingads.com", "indices": [0, 22]}]}, "description": {"urls": []}}, "protected": false, "followers_count": 1533, "friends_count": 4817, "listed_count": 43, "created_at": "Sun Jul 19 18:39:10 +0000 2009", "favourites_count": 5184, "utc_offset": null, "time_zone": null, "geo_enabled": true, "verified": false, "statuses_count": 344979, "lang": null, "contributors_enabled": false, "is_translator": false, "is_translation_enabled": false, "profile_background_color": "FFF04D", "profile_background_image_url": "http://abs.twimg.com/images/themes/theme1/bg.png", "profile_background_image_url_https": "https://abs.twimg.com/images/themes/theme1/bg.png", "profile_background_tile": true, "profile_image_url": "http://pbs.twimg.com/profile_images/1154146582/na_normal.jpg", "profile_image_url_https": "https://pbs.twimg.com/profile_images/1154146582/na_normal.jpg", "profile_banner_url": "https://pbs.twimg.com/profile_banners/58261563/1353865167", "profile_link_color": "0099CC", "profile_sidebar_border_color": "D94FFF", "profile_sidebar_fill_color": "F6FFD1", "profile_text_color": "333333", "profile_use_background_image": true, "has_extended_profile": false, "default_profile": false, "default_profile_image": false, "following": false, "follow_request_sent": false, "notifications": false, "translator_type": "none"}, "geo": null, "coordinates": null, "place": null, "contributors": null, "is_quote_status": false, "retweet_count": 0, "favorite_count": 0, "favorited": false, "retweeted": false, "possibly_sensitive": false, "lang": "en"}