{"created_at": "Tue May 29 14:52:37 +0000 2018", "id": 1001476408680443904, "id_str": "1001476408680443904", "text": "Retired teacher gives Trump a 'D' for writing - and, that was more than likely after Nancy DeVos proofread it at he\u2026 https://t.co/GCc8ThQg7t", "truncated": true, "entities": {"hashtags": [], "symbols": [], "user_mentions": [], "urls": [{"url": "https://t.co/GCc8ThQg7t", "expanded_url": "https://twitter.com/i/web/status/1001476408680443904", "display_url": "twitter.com/i/web/status/1\u2026", "indices": [117, 140]}]}, "source": "<a href=\"http://twitter.com\" rel=\"nofollow\">Twitter Web Client</a>", "in_reply_to_status_id": null, "in_reply_to_status_id_str": null, "in_reply_to_user_id": null, "in_reply_to_user_id_str": null, "in_reply_to_screen_name": null, "user": {"id": 782162030941700096, "id_str": "782162030941700096", "name": "E.J. Guler", "screen_name": "Swingvoter44", "location": "Southwestern US", "description": "Political Independent. Educator, writer, & advocate for veterans, youth, & families, etc. Former military. Genealogist.\ud83d\udc4d #Resist #TheResistance #BlueWave", "url": null, "entities": {"description": {"urls": []}}, "protected": false, "followers_count": 3256, "friends_count": 4988, "listed_count": 4, "created_at": "Sat Oct 01 10:15:34 +0000 2016", "favourites_count": 46169, "utc_offset": null, "time_zone": null, "geo_enabled": false, "verified": false, "statuses_count": 51164, "lang": null, "contributors_enabled": false, "is_translator": false, "is_translation_enabled": false, "profile_background_color": "000000", "profile_background_image_url": "http://abs.twimg.com/images/themes/theme1/bg.png", "profile_background_image_url_https": "https://abs.twimg.com/images/themes/theme1/bg.png", "profile_background_tile": false, "profile_image_url": "http://pbs.twimg.com/profile_images/945122500794466304/6gqN3gdM_normal.jpg", "profile_image_url_https": "https://pbs.twimg.com/profile_images/945122500794466304/6gqN3gdM_normal.jpg", "profile_banner_url": "https://pbs.twimg.com/profile_banners/782162030941700096/1556834274", "profile_link_color": "1B95E0", "profile_sidebar_border_color": "000000", "profile_sidebar_fill_color": "000000", "profile_text_color": "000000", "profile_use_background_image": false, "has_extended_profile": false, "default_profile": false, "default_profile_image": false, "following": false, "follow_request_sent": false, "notifications": false, "translator_type": "none"}, "geo": null, "coordinates": null, "place": null, "contributors": null, "is_quote_status": false, "retweet_count": 0, "favorite_count": 0, "favorited": false, "retweeted": false, "lang": "en"}