{"created_at": "Thu May 31 14:59:45 +0000 2018", "id": 1002202979724857344, "id_str": "1002202979724857344", "text": "Apparently former POTUS's seek to portray FedEx founder, CEO, and Chairman of the Board Fred Smith as an honorable\u2026 https://t.co/W9vEWWwWiM", "truncated": true, "entities": {"hashtags": [], "symbols": [], "user_mentions": [], "urls": [{"url": "https://t.co/W9vEWWwWiM", "expanded_url": "https://twitter.com/i/web/status/1002202979724857344", "display_url": "twitter.com/i/web/status/1\u2026", "indices": [116, 139]}]}, "source": "<a href=\"http://twitter.com/download/iphone\" rel=\"nofollow\">Twitter for iPhone</a>", "in_reply_to_status_id": null, "in_reply_to_status_id_str": null, "in_reply_to_user_id": null, "in_reply_to_user_id_str": null, "in_reply_to_screen_name": null, "user": {"id": 111770324, "id_str": "111770324", "name": "Christophe", "screen_name": "Reid_Rothschild", "location": "(941)773-3990", "description": "There is no intrinsic reason for the scarcity of capital. John Maynard Keynes https://t.co/xgbBsnXdhl", "url": "https://t.co/uSxB5cNZaF", "entities": {"url": {"urls": [{"url": "https://t.co/uSxB5cNZaF", "expanded_url": "http://TheDelivery-Boy.com", "display_url": "TheDelivery-Boy.com", "indices": [0, 23]}]}, "description": {"urls": [{"url": "https://t.co/xgbBsnXdhl", "expanded_url": "https://en.m.wikipedia.org/wiki/Second_Bill_of_Rights", "display_url": "en.m.wikipedia.org/wiki/Second_Bi\u2026", "indices": [78, 101]}]}}, "protected": false, "followers_count": 535, "friends_count": 613, "listed_count": 30, "created_at": "Sat Feb 06 02:47:59 +0000 2010", "favourites_count": 17886, "utc_offset": null, "time_zone": null, "geo_enabled": false, "verified": false, "statuses_count": 38170, "lang": null, "contributors_enabled": false, "is_translator": false, "is_translation_enabled": false, "profile_background_color": "FFF04D", "profile_background_image_url": "http://abs.twimg.com/images/themes/theme19/bg.gif", "profile_background_image_url_https": "https://abs.twimg.com/images/themes/theme19/bg.gif", "profile_background_tile": false, "profile_image_url": "http://pbs.twimg.com/profile_images/920865589270339585/w3c9DE3s_normal.jpg", "profile_image_url_https": "https://pbs.twimg.com/profile_images/920865589270339585/w3c9DE3s_normal.jpg", "profile_banner_url": "https://pbs.twimg.com/profile_banners/111770324/1453418740", "profile_link_color": "0000CC", "profile_sidebar_border_color": "FFF8AD", "profile_sidebar_fill_color": "F6FFD1", "profile_text_color": "333333", "profile_use_background_image": true, "has_extended_profile": true, "default_profile": false, "default_profile_image": false, "following": false, "follow_request_sent": false, "notifications": false, "translator_type": "none"}, "geo": null, "coordinates": null, "place": null, "contributors": null, "is_quote_status": false, "retweet_count": 0, "favorite_count": 0, "favorited": false, "retweeted": false, "possibly_sensitive": false, "lang": "en"}