{"created_at": "Tue Jun 05 22:25:43 +0000 2018", "id": 1004127151963045889, "id_str": "1004127151963045889", "text": "@elizaskinner Apathy in the face of all these harassment stories is sickening. Silence is complicity. Progress begi\u2026 https://t.co/SGFnvFrRfq", "truncated": true, "entities": {"hashtags": [], "symbols": [], "user_mentions": [{"screen_name": "elizaskinner", "name": "Eliza Skinner", "id": 15690771, "id_str": "15690771", "indices": [0, 13]}], "urls": [{"url": "https://t.co/SGFnvFrRfq", "expanded_url": "https://twitter.com/i/web/status/1004127151963045889", "display_url": "twitter.com/i/web/status/1\u2026", "indices": [117, 140]}]}, "source": "<a href=\"http://twitter.com/download/android\" rel=\"nofollow\">Twitter for Android</a>", "in_reply_to_status_id": 1004070367680319488, "in_reply_to_status_id_str": "1004070367680319488", "in_reply_to_user_id": 15690771, "in_reply_to_user_id_str": "15690771", "in_reply_to_screen_name": "elizaskinner", "user": {"id": 480986000, "id_str": "480986000", "name": "A Fat Cool Boy", "screen_name": "FakeSpiderFacts", "location": "Salem, OR", "description": "(\u3063\u02d8\u03c9\u02d8\u03c2) They/Them", "url": null, "entities": {"description": {"urls": []}}, "protected": false, "followers_count": 82, "friends_count": 505, "listed_count": 3, "created_at": "Thu Feb 02 04:54:29 +0000 2012", "favourites_count": 44978, "utc_offset": null, "time_zone": null, "geo_enabled": true, "verified": false, "statuses_count": 12983, "lang": null, "contributors_enabled": false, "is_translator": false, "is_translation_enabled": false, "profile_background_color": "C0DEED", "profile_background_image_url": "http://abs.twimg.com/images/themes/theme1/bg.png", "profile_background_image_url_https": "https://abs.twimg.com/images/themes/theme1/bg.png", "profile_background_tile": false, "profile_image_url": "http://pbs.twimg.com/profile_images/946334743607439360/NiMPW3SC_normal.jpg", "profile_image_url_https": "https://pbs.twimg.com/profile_images/946334743607439360/NiMPW3SC_normal.jpg", "profile_banner_url": "https://pbs.twimg.com/profile_banners/480986000/1398932312", "profile_link_color": "1DA1F2", "profile_sidebar_border_color": "C0DEED", "profile_sidebar_fill_color": "DDEEF6", "profile_text_color": "333333", "profile_use_background_image": true, "has_extended_profile": false, "default_profile": true, "default_profile_image": false, "following": false, "follow_request_sent": false, "notifications": false, "translator_type": "none"}, "geo": null, "coordinates": null, "place": null, "contributors": null, "is_quote_status": false, "retweet_count": 3, "favorite_count": 21, "favorited": false, "retweeted": false, "lang": "en"}