{"created_at": "Tue Jun 05 19:11:09 +0000 2018", "id": 1004078189327585280, "id_str": "1004078189327585280", "text": "White House Press Briefing with Sarah Sanders \" Eagles Political Stunt ' June 5, 2018: https://t.co/5jQrNbD5As via @YouTube", "truncated": false, "entities": {"hashtags": [], "symbols": [], "user_mentions": [{"screen_name": "YouTube", "name": "YouTube", "id": 10228272, "id_str": "10228272", "indices": [115, 123]}], "urls": [{"url": "https://t.co/5jQrNbD5As", "expanded_url": "http://youtu.be/2gANIfW6ZiY?a", "display_url": "youtu.be/2gANIfW6ZiY?a", "indices": [87, 110]}]}, "source": "<a href=\"https://www.google.com/\" rel=\"nofollow\">Google</a>", "in_reply_to_status_id": null, "in_reply_to_status_id_str": null, "in_reply_to_user_id": null, "in_reply_to_user_id_str": null, "in_reply_to_screen_name": null, "user": {"id": 15798331, "id_str": "15798331", "name": "LiveSatelliteStudios", "screen_name": "LiveSatNews", "location": "USA", "description": "LIVE SATELLITE STUDIOS", "url": "https://t.co/ec3rKp3aus", "entities": {"url": {"urls": [{"url": "https://t.co/ec3rKp3aus", "expanded_url": "https://www.youtube.com/channel/UCEu3KY-hNCbWVCXrqQfPB9w", "display_url": "youtube.com/channel/UCEu3K\u2026", "indices": [0, 23]}]}, "description": {"urls": []}}, "protected": false, "followers_count": 267, "friends_count": 0, "listed_count": 7, "created_at": "Sun Aug 10 14:43:19 +0000 2008", "favourites_count": 1, "utc_offset": null, "time_zone": null, "geo_enabled": false, "verified": false, "statuses_count": 16503, "lang": null, "contributors_enabled": false, "is_translator": false, "is_translation_enabled": false, "profile_background_color": "1A1B1F", "profile_background_image_url": "http://abs.twimg.com/images/themes/theme9/bg.gif", "profile_background_image_url_https": "https://abs.twimg.com/images/themes/theme9/bg.gif", "profile_background_tile": false, "profile_image_url": "http://pbs.twimg.com/profile_images/1113135201587286018/jFQnYKjd_normal.png", "profile_image_url_https": "https://pbs.twimg.com/profile_images/1113135201587286018/jFQnYKjd_normal.png", "profile_banner_url": "https://pbs.twimg.com/profile_banners/15798331/1554226861", "profile_link_color": "121010", "profile_sidebar_border_color": "A0AAAC", "profile_sidebar_fill_color": "252429", "profile_text_color": "FCF8F8", "profile_use_background_image": true, "has_extended_profile": false, "default_profile": false, "default_profile_image": false, "following": false, "follow_request_sent": false, "notifications": false, "translator_type": "none"}, "geo": null, "coordinates": null, "place": null, "contributors": null, "is_quote_status": false, "retweet_count": 0, "favorite_count": 0, "favorited": false, "retweeted": false, "possibly_sensitive": false, "lang": "en"}