{"created_at": "Tue Jun 05 23:32:00 +0000 2018", "id": 1004143833431592961, "id_str": "1004143833431592961", "text": "When will the white house press core band together and protest the constant lying and non answers from sarah sander\u2026 https://t.co/bPcKuZLUyi", "truncated": true, "entities": {"hashtags": [], "symbols": [], "user_mentions": [], "urls": [{"url": "https://t.co/bPcKuZLUyi", "expanded_url": "https://twitter.com/i/web/status/1004143833431592961", "display_url": "twitter.com/i/web/status/1\u2026", "indices": [117, 140]}]}, "source": "<a href=\"https://mobile.twitter.com\" rel=\"nofollow\">Twitter Web App</a>", "in_reply_to_status_id": null, "in_reply_to_status_id_str": null, "in_reply_to_user_id": null, "in_reply_to_user_id_str": null, "in_reply_to_screen_name": null, "user": {"id": 873305105260400640, "id_str": "873305105260400640", "name": "Mitchell blue jeans", "screen_name": "blue_mitchell22", "location": "PRESENTLY EARTH", "description": "VOTE BLUE I Care abt the earth, likes R  books, music, art, animals, Sports, painting, nature & fly fishing,  \n  hates R traffic, liars, idiot's & lg crowds", "url": null, "entities": {"description": {"urls": []}}, "protected": false, "followers_count": 11698, "friends_count": 10339, "listed_count": 6, "created_at": "Fri Jun 09 22:25:37 +0000 2017", "favourites_count": 25019, "utc_offset": null, "time_zone": null, "geo_enabled": false, "verified": false, "statuses_count": 9523, "lang": null, "contributors_enabled": false, "is_translator": false, "is_translation_enabled": false, "profile_background_color": "F5F8FA", "profile_background_image_url": null, "profile_background_image_url_https": null, "profile_background_tile": false, "profile_image_url": "http://pbs.twimg.com/profile_images/1056330483846524928/p-eFMdvz_normal.jpg", "profile_image_url_https": "https://pbs.twimg.com/profile_images/1056330483846524928/p-eFMdvz_normal.jpg", "profile_banner_url": "https://pbs.twimg.com/profile_banners/873305105260400640/1540848499", "profile_link_color": "1DA1F2", "profile_sidebar_border_color": "C0DEED", "profile_sidebar_fill_color": "DDEEF6", "profile_text_color": "333333", "profile_use_background_image": true, "has_extended_profile": false, "default_profile": true, "default_profile_image": false, "following": false, "follow_request_sent": false, "notifications": false, "translator_type": "none"}, "geo": null, "coordinates": null, "place": null, "contributors": null, "is_quote_status": false, "retweet_count": 3, "favorite_count": 6, "favorited": false, "retweeted": false, "lang": "en"}