{"created_at": "Thu Jun 07 02:15:28 +0000 2018", "id": 1004547357436973057, "id_str": "1004547357436973057", "text": "No, Mr. Trump, Canada Did Not Burn Down the White House in the War of 1812   via @NYTimes ... Guess he didn't read\u2026 https://t.co/q5PbwCai2x", "truncated": true, "entities": {"hashtags": [], "symbols": [], "user_mentions": [{"screen_name": "nytimes", "name": "The New York Times", "id": 807095, "id_str": "807095", "indices": [81, 89]}], "urls": [{"url": "https://t.co/q5PbwCai2x", "expanded_url": "https://twitter.com/i/web/status/1004547357436973057", "display_url": "twitter.com/i/web/status/1\u2026", "indices": [116, 139]}]}, "source": "<a href=\"http://twitter.com/download/iphone\" rel=\"nofollow\">Twitter for iPhone</a>", "in_reply_to_status_id": null, "in_reply_to_status_id_str": null, "in_reply_to_user_id": null, "in_reply_to_user_id_str": null, "in_reply_to_screen_name": null, "user": {"id": 37361016, "id_str": "37361016", "name": "G. Todd Yeomans", "screen_name": "GToddYeomansAIA", "location": "Sarasota, Florida", "description": "", "url": "https://t.co/Y5OFk7KQE6", "entities": {"url": {"urls": [{"url": "https://t.co/Y5OFk7KQE6", "expanded_url": "http://www.todd-yeomans.com", "display_url": "todd-yeomans.com", "indices": [0, 23]}]}, "description": {"urls": []}}, "protected": false, "followers_count": 86, "friends_count": 773, "listed_count": 4, "created_at": "Sun May 03 04:10:20 +0000 2009", "favourites_count": 2413, "utc_offset": null, "time_zone": null, "geo_enabled": true, "verified": false, "statuses_count": 492, "lang": null, "contributors_enabled": false, "is_translator": false, "is_translation_enabled": false, "profile_background_color": "352726", "profile_background_image_url": "http://abs.twimg.com/images/themes/theme5/bg.gif", "profile_background_image_url_https": "https://abs.twimg.com/images/themes/theme5/bg.gif", "profile_background_tile": false, "profile_image_url": "http://pbs.twimg.com/profile_images/193927008/Todd_Jacket_normal.jpg", "profile_image_url_https": "https://pbs.twimg.com/profile_images/193927008/Todd_Jacket_normal.jpg", "profile_link_color": "D02B55", "profile_sidebar_border_color": "829D5E", "profile_sidebar_fill_color": "99CC33", "profile_text_color": "3E4415", "profile_use_background_image": true, "has_extended_profile": false, "default_profile": false, "default_profile_image": false, "following": false, "follow_request_sent": false, "notifications": false, "translator_type": "none"}, "geo": null, "coordinates": null, "place": null, "contributors": null, "is_quote_status": false, "retweet_count": 0, "favorite_count": 0, "favorited": false, "retweeted": false, "possibly_sensitive": false, "lang": "en"}