{"created_at": "Wed Jun 06 16:20:30 +0000 2018", "id": 1004397628468146176, "id_str": "1004397628468146176", "text": "White House CHAOS Press Briefing 6/5/18, Sarah Sanders SHUTS DOWN Reporters One By One https://t.co/oYy48G2E5T #Trump #TrumpRealInform", "truncated": false, "entities": {"hashtags": [{"text": "Trump", "indices": [111, 117]}, {"text": "TrumpRealInform", "indices": [118, 134]}], "symbols": [], "user_mentions": [], "urls": [{"url": "https://t.co/oYy48G2E5T", "expanded_url": "https://goo.gl/KxD9Ff", "display_url": "goo.gl/KxD9Ff", "indices": [87, 110]}]}, "source": "<a href=\"https://app.socialpilot.co/\" rel=\"nofollow\">SocialPilot.co</a>", "in_reply_to_status_id": null, "in_reply_to_status_id_str": null, "in_reply_to_user_id": null, "in_reply_to_user_id_str": null, "in_reply_to_screen_name": null, "user": {"id": 826811209563381760, "id_str": "826811209563381760", "name": "Trump Information", "screen_name": "RealTrumpInform", "location": "Texas, USA", "description": "Trump Information is news that is worth looking at when it comes to learning more about President Trumps actions.", "url": null, "entities": {"description": {"urls": []}}, "protected": false, "followers_count": 103, "friends_count": 259, "listed_count": 2, "created_at": "Wed Feb 01 15:15:28 +0000 2017", "favourites_count": 5, "utc_offset": null, "time_zone": null, "geo_enabled": false, "verified": false, "statuses_count": 2917, "lang": null, "contributors_enabled": false, "is_translator": false, "is_translation_enabled": false, "profile_background_color": "F5F8FA", "profile_background_image_url": null, "profile_background_image_url_https": null, "profile_background_tile": false, "profile_image_url": "http://pbs.twimg.com/profile_images/826813394921545728/zyPsQGgv_normal.jpg", "profile_image_url_https": "https://pbs.twimg.com/profile_images/826813394921545728/zyPsQGgv_normal.jpg", "profile_banner_url": "https://pbs.twimg.com/profile_banners/826811209563381760/1485962836", "profile_link_color": "1DA1F2", "profile_sidebar_border_color": "C0DEED", "profile_sidebar_fill_color": "DDEEF6", "profile_text_color": "333333", "profile_use_background_image": true, "has_extended_profile": true, "default_profile": true, "default_profile_image": false, "following": false, "follow_request_sent": false, "notifications": false, "translator_type": "none"}, "geo": null, "coordinates": null, "place": null, "contributors": null, "is_quote_status": false, "retweet_count": 0, "favorite_count": 0, "favorited": false, "retweeted": false, "possibly_sensitive": false, "lang": "en"}