{"created_at": "Thu Jun 07 18:25:34 +0000 2018", "id": 1004791491347271684, "id_str": "1004791491347271684", "text": "In an interview with our Jordana Miller Trump\u2019s lawyer Rudy #Giuliani says the president won\u2019t fire special counsel\u2026 https://t.co/l4YzhqPmkm", "truncated": true, "entities": {"hashtags": [{"text": "Giuliani", "indices": [60, 69]}], "symbols": [], "user_mentions": [], "urls": [{"url": "https://t.co/l4YzhqPmkm", "expanded_url": "https://twitter.com/i/web/status/1004791491347271684", "display_url": "twitter.com/i/web/status/1\u2026", "indices": [117, 140]}]}, "source": "<a href=\"http://twitter.com/download/iphone\" rel=\"nofollow\">Twitter for iPhone</a>", "in_reply_to_status_id": null, "in_reply_to_status_id_str": null, "in_reply_to_user_id": null, "in_reply_to_user_id_str": null, "in_reply_to_screen_name": null, "user": {"id": 22289204, "id_str": "22289204", "name": "Nurit Ben", "screen_name": "NuritBen", "location": "", "description": "Anchor, Senior producer, reporter; previously @i24NEWS_EN @CBSEveningNews @GQMagazine @NYTMag", "url": null, "entities": {"description": {"urls": []}}, "protected": false, "followers_count": 2826, "friends_count": 1813, "listed_count": 49, "created_at": "Sat Feb 28 19:55:49 +0000 2009", "favourites_count": 588, "utc_offset": null, "time_zone": null, "geo_enabled": false, "verified": false, "statuses_count": 1582, "lang": null, "contributors_enabled": false, "is_translator": false, "is_translation_enabled": false, "profile_background_color": "C0DEED", "profile_background_image_url": "http://abs.twimg.com/images/themes/theme1/bg.png", "profile_background_image_url_https": "https://abs.twimg.com/images/themes/theme1/bg.png", "profile_background_tile": false, "profile_image_url": "http://pbs.twimg.com/profile_images/938007963461193728/m_38dyOr_normal.jpg", "profile_image_url_https": "https://pbs.twimg.com/profile_images/938007963461193728/m_38dyOr_normal.jpg", "profile_banner_url": "https://pbs.twimg.com/profile_banners/22289204/1513843474", "profile_link_color": "1DA1F2", "profile_sidebar_border_color": "C0DEED", "profile_sidebar_fill_color": "DDEEF6", "profile_text_color": "333333", "profile_use_background_image": true, "has_extended_profile": true, "default_profile": true, "default_profile_image": false, "following": false, "follow_request_sent": false, "notifications": false, "translator_type": "none"}, "geo": null, "coordinates": null, "place": null, "contributors": null, "is_quote_status": true, "quoted_status_id": 1004777978310557696, "quoted_status_id_str": "1004777978310557696", "quoted_status": {"created_at": "Thu Jun 07 17:31:52 +0000 2018", "id": 1004777978310557696, "id_str": "1004777978310557696", "text": "\"The President's not going to fire Mueller. We should get that off the table,\" says @realDonaldTrump's attorney and\u2026 https://t.co/ntth1EQ1Dn", "truncated": true, "entities": {"hashtags": [], "symbols": [], "user_mentions": [{"screen_name": "realDonaldTrump", "name": "Donald J. Trump", "id": 25073877, "id_str": "25073877", "indices": [84, 100]}], "urls": [{"url": "https://t.co/ntth1EQ1Dn", "expanded_url": "https://twitter.com/i/web/status/1004777978310557696", "display_url": "twitter.com/i/web/status/1\u2026", "indices": [117, 140]}]}, "source": "<a href=\"http://wildmoka.com\" rel=\"nofollow\">Wildmoka</a>", "in_reply_to_status_id": null, "in_reply_to_status_id_str": null, "in_reply_to_user_id": null, "in_reply_to_user_id_str": null, "in_reply_to_screen_name": null, "user": {"id": 1322420269, "id_str": "1322420269", "name": "i24NEWS English", "screen_name": "i24NEWS_EN", "location": "Jaffa Port", "description": "Global news broadcasting live from around the world bringing you the day\u2019s biggest stories from the U.S., Europe, and the Middle East.", "url": "https://t.co/wwJoCm0HJ1", "entities": {"url": {"urls": [{"url": "https://t.co/wwJoCm0HJ1", "expanded_url": "http://www.i24news.tv/en/", "display_url": "i24news.tv/en/", "indices": [0, 23]}]}, "description": {"urls": []}}, "protected": false, "followers_count": 51593, "friends_count": 92, "listed_count": 1242, "created_at": "Tue Apr 02 12:43:33 +0000 2013", "favourites_count": 3422, "utc_offset": null, "time_zone": null, "geo_enabled": true, "verified": true, "statuses_count": 95786, "lang": null, "contributors_enabled": false, "is_translator": false, "is_translation_enabled": false, "profile_background_color": "283470", "profile_background_image_url": "http://abs.twimg.com/images/themes/theme1/bg.png", "profile_background_image_url_https": "https://abs.twimg.com/images/themes/theme1/bg.png", "profile_background_tile": true, "profile_image_url": "http://pbs.twimg.com/profile_images/823200304493723650/19itBAk7_normal.jpg", "profile_image_url_https": "https://pbs.twimg.com/profile_images/823200304493723650/19itBAk7_normal.jpg", "profile_banner_url": "https://pbs.twimg.com/profile_banners/1322420269/1574748352", "profile_link_color": "FAB81E", "profile_sidebar_border_color": "000000", "profile_sidebar_fill_color": "DDEEF6", "profile_text_color": "333333", "profile_use_background_image": true, "has_extended_profile": false, "default_profile": false, "default_profile_image": false, "following": false, "follow_request_sent": false, "notifications": false, "translator_type": "none"}, "geo": null, "coordinates": null, "place": null, "contributors": null, "is_quote_status": false, "retweet_count": 5, "favorite_count": 2, "favorited": false, "retweeted": false, "possibly_sensitive": false, "lang": "en"}, "retweet_count": 2, "favorite_count": 5, "favorited": false, "retweeted": false, "possibly_sensitive": false, "lang": "en"}