{"created_at": "Wed Jun 06 15:00:19 +0000 2018", "id": 1004377450812280834, "id_str": "1004377450812280834", "text": "REALTORS\u00ae, members of the National Association of REALTORS\u00ae, from across the country had the opportunity to attend\u2026 https://t.co/lN7qYGmv6I", "truncated": true, "entities": {"hashtags": [], "symbols": [], "user_mentions": [], "urls": [{"url": "https://t.co/lN7qYGmv6I", "expanded_url": "https://twitter.com/i/web/status/1004377450812280834", "display_url": "twitter.com/i/web/status/1\u2026", "indices": [116, 139]}]}, "source": "<a href=\"http://www.facebook.com/twitter\" rel=\"nofollow\">Facebook</a>", "in_reply_to_status_id": null, "in_reply_to_status_id_str": null, "in_reply_to_user_id": null, "in_reply_to_user_id_str": null, "in_reply_to_screen_name": null, "user": {"id": 2209932804, "id_str": "2209932804", "name": "Marlene Greene", "screen_name": "MarleneGreene01", "location": "", "description": "Broker Associate in So Cal, Seasoned in Short Sales, Foreclosures, HUD homes, first time home buyers, and seniors.", "url": null, "entities": {"description": {"urls": []}}, "protected": false, "followers_count": 72, "friends_count": 146, "listed_count": 2, "created_at": "Sat Nov 23 03:46:55 +0000 2013", "favourites_count": 58, "utc_offset": null, "time_zone": null, "geo_enabled": false, "verified": false, "statuses_count": 1057, "lang": null, "contributors_enabled": false, "is_translator": false, "is_translation_enabled": false, "profile_background_color": "C0DEED", "profile_background_image_url": "http://abs.twimg.com/images/themes/theme1/bg.png", "profile_background_image_url_https": "https://abs.twimg.com/images/themes/theme1/bg.png", "profile_background_tile": false, "profile_image_url": "http://pbs.twimg.com/profile_images/378800000777062619/a9e6f2a59cb06325257bf30e59c42d54_normal.jpeg", "profile_image_url_https": "https://pbs.twimg.com/profile_images/378800000777062619/a9e6f2a59cb06325257bf30e59c42d54_normal.jpeg", "profile_link_color": "1DA1F2", "profile_sidebar_border_color": "C0DEED", "profile_sidebar_fill_color": "DDEEF6", "profile_text_color": "333333", "profile_use_background_image": true, "has_extended_profile": false, "default_profile": true, "default_profile_image": false, "following": false, "follow_request_sent": false, "notifications": false, "translator_type": "none"}, "geo": null, "coordinates": null, "place": null, "contributors": null, "is_quote_status": false, "retweet_count": 0, "favorite_count": 0, "favorited": false, "retweeted": false, "possibly_sensitive": false, "lang": "en"}