{"created_at": "Thu Jun 07 01:49:14 +0000 2018", "id": 1004540756680413186, "id_str": "1004540756680413186", "text": "The White House Press Briefing genius who somehow thinks we developed a great relationship with Germany because of\u2026 https://t.co/C2fpha4eF8", "truncated": true, "entities": {"hashtags": [], "symbols": [], "user_mentions": [], "urls": [{"url": "https://t.co/C2fpha4eF8", "expanded_url": "https://twitter.com/i/web/status/1004540756680413186", "display_url": "twitter.com/i/web/status/1\u2026", "indices": [116, 139]}]}, "source": "<a href=\"http://twitter.com/download/iphone\" rel=\"nofollow\">Twitter for iPhone</a>", "in_reply_to_status_id": null, "in_reply_to_status_id_str": null, "in_reply_to_user_id": null, "in_reply_to_user_id_str": null, "in_reply_to_screen_name": null, "user": {"id": 781991185695051776, "id_str": "781991185695051776", "name": "\u018a\u0404\u0181 for Biden/Harris", "screen_name": "DebJHolley", "location": "NC", "description": "#BlackLivesMatter All in for Biden/Harris, Cal Cunningham, Gov Cooper, all Democrats in NC.", "url": null, "entities": {"description": {"urls": []}}, "protected": false, "followers_count": 2820, "friends_count": 3396, "listed_count": 4, "created_at": "Fri Sep 30 22:56:42 +0000 2016", "favourites_count": 84504, "utc_offset": null, "time_zone": null, "geo_enabled": true, "verified": false, "statuses_count": 299177, "lang": null, "contributors_enabled": false, "is_translator": false, "is_translation_enabled": false, "profile_background_color": "000000", "profile_background_image_url": "http://abs.twimg.com/images/themes/theme1/bg.png", "profile_background_image_url_https": "https://abs.twimg.com/images/themes/theme1/bg.png", "profile_background_tile": false, "profile_image_url": "http://pbs.twimg.com/profile_images/1242813970781798400/ujv2l464_normal.jpg", "profile_image_url_https": "https://pbs.twimg.com/profile_images/1242813970781798400/ujv2l464_normal.jpg", "profile_banner_url": "https://pbs.twimg.com/profile_banners/781991185695051776/1597945492", "profile_link_color": "5A4FCF", "profile_sidebar_border_color": "000000", "profile_sidebar_fill_color": "000000", "profile_text_color": "000000", "profile_use_background_image": false, "has_extended_profile": false, "default_profile": false, "default_profile_image": false, "following": false, "follow_request_sent": false, "notifications": false, "translator_type": "none"}, "geo": null, "coordinates": null, "place": null, "contributors": null, "is_quote_status": true, "quoted_status_id": 1004531365856018435, "quoted_status_id_str": "1004531365856018435", "quoted_status": {"created_at": "Thu Jun 07 01:11:55 +0000 2018", "id": 1004531365856018435, "id_str": "1004531365856018435", "text": "@DebJHolley Other than insulting our closest ally, what did I miss?", "truncated": false, "entities": {"hashtags": [], "symbols": [], "user_mentions": [{"screen_name": "DebJHolley", "name": "\u018a\u0404\u0181 for Biden/Harris", "id": 781991185695051776, "id_str": "781991185695051776", "indices": [0, 11]}], "urls": []}, "source": "<a href=\"http://twitter.com\" rel=\"nofollow\">Twitter Web Client</a>", "in_reply_to_status_id": 1004530119451598848, "in_reply_to_status_id_str": "1004530119451598848", "in_reply_to_user_id": 781991185695051776, "in_reply_to_user_id_str": "781991185695051776", "in_reply_to_screen_name": "DebJHolley", "user": {"id": 75603661, "id_str": "75603661", "name": "Auntie is #RidenwithBiden", "screen_name": "AuntieTeaches", "location": "", "description": "Teacher, tech addict, learner, dog lover Possible Graduate Student- all while consuming massive amounts of coffee\ud83c\udf08\ud83c\udff3\ufe0f\u200d\ud83c\udf08 She/her", "url": null, "entities": {"description": {"urls": []}}, "protected": false, "followers_count": 1227, "friends_count": 1333, "listed_count": 10, "created_at": "Sat Sep 19 17:55:11 +0000 2009", "favourites_count": 1113, "utc_offset": null, "time_zone": null, "geo_enabled": false, "verified": false, "statuses_count": 25431, "lang": null, "contributors_enabled": false, "is_translator": false, "is_translation_enabled": false, "profile_background_color": "000000", "profile_background_image_url": "http://abs.twimg.com/images/themes/theme1/bg.png", "profile_background_image_url_https": "https://abs.twimg.com/images/themes/theme1/bg.png", "profile_background_tile": false, "profile_image_url": "http://pbs.twimg.com/profile_images/1288621715120107520/kRKoJeZU_normal.jpg", "profile_image_url_https": "https://pbs.twimg.com/profile_images/1288621715120107520/kRKoJeZU_normal.jpg", "profile_banner_url": "https://pbs.twimg.com/profile_banners/75603661/1595786689", "profile_link_color": "19CF86", "profile_sidebar_border_color": "000000", "profile_sidebar_fill_color": "000000", "profile_text_color": "000000", "profile_use_background_image": false, "has_extended_profile": false, "default_profile": false, "default_profile_image": false, "following": false, "follow_request_sent": false, "notifications": false, "translator_type": "none"}, "geo": null, "coordinates": null, "place": null, "contributors": null, "is_quote_status": false, "retweet_count": 0, "favorite_count": 0, "favorited": false, "retweeted": false, "lang": "en"}, "retweet_count": 0, "favorite_count": 0, "favorited": false, "retweeted": false, "possibly_sensitive": false, "lang": "en"}