{"created_at": "Tue Jun 05 19:00:27 +0000 2018", "id": 1004075494403436546, "id_str": "1004075494403436546", "text": "One of the main reasons I watch the #cluster that is the White House press briefing is just to see what @AprilDRyan will say!", "truncated": false, "entities": {"hashtags": [{"text": "cluster", "indices": [36, 44]}], "symbols": [], "user_mentions": [{"screen_name": "AprilDRyan", "name": "AprilDRyan", "id": 18018355, "id_str": "18018355", "indices": [104, 115]}], "urls": []}, "source": "<a href=\"http://twitter.com/download/iphone\" rel=\"nofollow\">Twitter for iPhone</a>", "in_reply_to_status_id": null, "in_reply_to_status_id_str": null, "in_reply_to_user_id": null, "in_reply_to_user_id_str": null, "in_reply_to_screen_name": null, "user": {"id": 3038077454, "id_str": "3038077454", "name": "Diana Miller", "screen_name": "miller25_diana", "location": "Dallas, Texas", "description": "Woman. Queer. Artist. Pronouns She/Her/Hers. Human Rights Advocate. 90s Disney aficionado. Not throwing away my shot. (profile banner by Dave Filoni)", "url": null, "entities": {"description": {"urls": []}}, "protected": false, "followers_count": 55, "friends_count": 424, "listed_count": 0, "created_at": "Mon Feb 23 13:43:14 +0000 2015", "favourites_count": 3512, "utc_offset": null, "time_zone": null, "geo_enabled": true, "verified": false, "statuses_count": 4102, "lang": null, "contributors_enabled": false, "is_translator": false, "is_translation_enabled": false, "profile_background_color": "000000", "profile_background_image_url": "http://abs.twimg.com/images/themes/theme1/bg.png", "profile_background_image_url_https": "https://abs.twimg.com/images/themes/theme1/bg.png", "profile_background_tile": false, "profile_image_url": "http://pbs.twimg.com/profile_images/1209954418000629762/NqVKaJN-_normal.jpg", "profile_image_url_https": "https://pbs.twimg.com/profile_images/1209954418000629762/NqVKaJN-_normal.jpg", "profile_banner_url": "https://pbs.twimg.com/profile_banners/3038077454/1578242871", "profile_link_color": "FAB81E", "profile_sidebar_border_color": "000000", "profile_sidebar_fill_color": "000000", "profile_text_color": "000000", "profile_use_background_image": false, "has_extended_profile": true, "default_profile": false, "default_profile_image": false, "following": false, "follow_request_sent": false, "notifications": false, "translator_type": "none"}, "geo": null, "coordinates": null, "place": null, "contributors": null, "is_quote_status": false, "retweet_count": 0, "favorite_count": 2, "favorited": false, "retweeted": false, "lang": "en"}