{"created_at": "Tue Jun 05 21:09:28 +0000 2018", "id": 1004107963907346438, "id_str": "1004107963907346438", "text": "WATCH: Sarah Sanders holds White House news briefing https://t.co/ciuJJuzFCu via @YouTube", "truncated": false, "entities": {"hashtags": [], "symbols": [], "user_mentions": [{"screen_name": "YouTube", "name": "YouTube", "id": 10228272, "id_str": "10228272", "indices": [81, 89]}], "urls": [{"url": "https://t.co/ciuJJuzFCu", "expanded_url": "https://youtu.be/kOt89wG3HFw", "display_url": "youtu.be/kOt89wG3HFw", "indices": [53, 76]}]}, "source": "<a href=\"http://twitter.com\" rel=\"nofollow\">Twitter Web Client</a>", "in_reply_to_status_id": null, "in_reply_to_status_id_str": null, "in_reply_to_user_id": null, "in_reply_to_user_id_str": null, "in_reply_to_screen_name": null, "user": {"id": 238207778, "id_str": "238207778", "name": "Brian Six", "screen_name": "BrianJSix", "location": "Moline, Illinois", "description": "Independent Scholar And Researcher, With A Strong Emphasis On History And Politics. I Also Study Law, Sociology, Criminology, Psychology, And Related Fields.", "url": "http://t.co/VgAQxVoB5m", "entities": {"url": {"urls": [{"url": "http://t.co/VgAQxVoB5m", "expanded_url": "http://www.myspace.com/quadcitiesfor911truth", "display_url": "myspace.com/quadcitiesfor9\u2026", "indices": [0, 22]}]}, "description": {"urls": []}}, "protected": false, "followers_count": 511, "friends_count": 3529, "listed_count": 12, "created_at": "Fri Jan 14 16:30:26 +0000 2011", "favourites_count": 10476, "utc_offset": null, "time_zone": null, "geo_enabled": false, "verified": false, "statuses_count": 46524, "lang": null, "contributors_enabled": false, "is_translator": false, "is_translation_enabled": false, "profile_background_color": "C0DEED", "profile_background_image_url": "http://abs.twimg.com/images/themes/theme1/bg.png", "profile_background_image_url_https": "https://abs.twimg.com/images/themes/theme1/bg.png", "profile_background_tile": false, "profile_image_url": "http://pbs.twimg.com/profile_images/1222456598/american_flag_normal.jpg", "profile_image_url_https": "https://pbs.twimg.com/profile_images/1222456598/american_flag_normal.jpg", "profile_link_color": "1B95E0", "profile_sidebar_border_color": "C0DEED", "profile_sidebar_fill_color": "DDEEF6", "profile_text_color": "333333", "profile_use_background_image": true, "has_extended_profile": true, "default_profile": false, "default_profile_image": false, "following": false, "follow_request_sent": false, "notifications": false, "translator_type": "none"}, "geo": null, "coordinates": null, "place": null, "contributors": null, "is_quote_status": false, "retweet_count": 0, "favorite_count": 0, "favorited": false, "retweeted": false, "possibly_sensitive": false, "lang": "en"}