{"created_at": "Thu Jun 07 06:31:02 +0000 2018", "id": 1004611672542142464, "id_str": "1004611672542142464", "text": "6/5/18: White House Press Briefing - https://t.co/jNuwyJhTFM The Times Business", "truncated": false, "entities": {"hashtags": [], "symbols": [], "user_mentions": [], "urls": [{"url": "https://t.co/jNuwyJhTFM", "expanded_url": "http://www.thetimesbusiness.com/6-5-18-white-house-press-briefing/", "display_url": "thetimesbusiness.com/6-5-18-white-h\u2026", "indices": [37, 60]}]}, "source": "<a href=\"http://www.thetimesbusiness.com/\" rel=\"nofollow\">NextScriptsSocialAuto</a>", "in_reply_to_status_id": null, "in_reply_to_status_id_str": null, "in_reply_to_user_id": null, "in_reply_to_user_id_str": null, "in_reply_to_screen_name": null, "user": {"id": 2962665473, "id_str": "2962665473", "name": "The Times Business", "screen_name": "thetimesbusines", "location": "", "description": "KNOWLEDGEABLE Stories || National & International Business || #News || #Articles || #CaseStudies || #Analysis & Much More..!", "url": "https://t.co/Nj0PXkSO8V", "entities": {"url": {"urls": [{"url": "https://t.co/Nj0PXkSO8V", "expanded_url": "http://www.thetimesbusiness.com", "display_url": "thetimesbusiness.com", "indices": [0, 23]}]}, "description": {"urls": []}}, "protected": false, "followers_count": 801, "friends_count": 4763, "listed_count": 58, "created_at": "Mon Jan 05 20:27:43 +0000 2015", "favourites_count": 1147, "utc_offset": null, "time_zone": null, "geo_enabled": false, "verified": false, "statuses_count": 72055, "lang": null, "contributors_enabled": false, "is_translator": false, "is_translation_enabled": false, "profile_background_color": "000000", "profile_background_image_url": "http://abs.twimg.com/images/themes/theme1/bg.png", "profile_background_image_url_https": "https://abs.twimg.com/images/themes/theme1/bg.png", "profile_background_tile": false, "profile_image_url": "http://pbs.twimg.com/profile_images/1103336319416188928/IRBihfok_normal.png", "profile_image_url_https": "https://pbs.twimg.com/profile_images/1103336319416188928/IRBihfok_normal.png", "profile_banner_url": "https://pbs.twimg.com/profile_banners/2962665473/1505939537", "profile_link_color": "1B95E0", "profile_sidebar_border_color": "000000", "profile_sidebar_fill_color": "000000", "profile_text_color": "000000", "profile_use_background_image": false, "has_extended_profile": false, "default_profile": false, "default_profile_image": false, "following": false, "follow_request_sent": false, "notifications": false, "translator_type": "none"}, "geo": null, "coordinates": null, "place": null, "contributors": null, "is_quote_status": false, "retweet_count": 0, "favorite_count": 0, "favorited": false, "retweeted": false, "possibly_sensitive": false, "lang": "en"}