{"created_at": "Tue Jun 05 19:32:59 +0000 2018", "id": 1004083682762559488, "id_str": "1004083682762559488", "text": "Latest: White House press briefing | June 5th https://t.co/AWm4g1lqw8", "truncated": false, "entities": {"hashtags": [], "symbols": [], "user_mentions": [], "urls": [{"url": "https://t.co/AWm4g1lqw8", "expanded_url": "https://goo.gl/rCvJKD", "display_url": "goo.gl/rCvJKD", "indices": [46, 69]}]}, "source": "<a href=\"http://watsupamericas.com\" rel=\"nofollow\">WatsupAmericas</a>", "in_reply_to_status_id": null, "in_reply_to_status_id_str": null, "in_reply_to_user_id": null, "in_reply_to_user_id_str": null, "in_reply_to_screen_name": null, "user": {"id": 3771043037, "id_str": "3771043037", "name": "WatsupAmericas", "screen_name": "WatsupAmericas", "location": "The America's.", "description": "The America's - Latest News & Entertainment. All Video. Follow For Instant Updates @watsupamericas FB: https://t.co/EdVwBufFeT", "url": "http://t.co/hz6ksUXR3n", "entities": {"url": {"urls": [{"url": "http://t.co/hz6ksUXR3n", "expanded_url": "http://watsupamericas.com", "display_url": "watsupamericas.com", "indices": [0, 22]}]}, "description": {"urls": [{"url": "https://t.co/EdVwBufFeT", "expanded_url": "http://facebook.com/watsupamericas", "display_url": "facebook.com/watsupamericas", "indices": [103, 126]}]}}, "protected": false, "followers_count": 2749, "friends_count": 1798, "listed_count": 51, "created_at": "Fri Sep 25 12:37:43 +0000 2015", "favourites_count": 0, "utc_offset": null, "time_zone": null, "geo_enabled": false, "verified": false, "statuses_count": 291585, "lang": null, "contributors_enabled": false, "is_translator": false, "is_translation_enabled": false, "profile_background_color": "C0DEED", "profile_background_image_url": "http://abs.twimg.com/images/themes/theme1/bg.png", "profile_background_image_url_https": "https://abs.twimg.com/images/themes/theme1/bg.png", "profile_background_tile": false, "profile_image_url": "http://pbs.twimg.com/profile_images/648778529769955328/ZxZJrCcT_normal.jpg", "profile_image_url_https": "https://pbs.twimg.com/profile_images/648778529769955328/ZxZJrCcT_normal.jpg", "profile_banner_url": "https://pbs.twimg.com/profile_banners/3771043037/1457705637", "profile_link_color": "FF0000", "profile_sidebar_border_color": "000000", "profile_sidebar_fill_color": "000000", "profile_text_color": "000000", "profile_use_background_image": true, "has_extended_profile": false, "default_profile": false, "default_profile_image": false, "following": false, "follow_request_sent": false, "notifications": false, "translator_type": "none"}, "geo": null, "coordinates": null, "place": null, "contributors": null, "is_quote_status": false, "retweet_count": 0, "favorite_count": 0, "favorited": false, "retweeted": false, "possibly_sensitive": false, "lang": "en"}