{"created_at": "Wed Jun 06 12:16:07 +0000 2018", "id": 1004336130559545346, "id_str": "1004336130559545346", "text": "April Ryan has Full Blown MELTDOWN at White House Press Briefing with Sa... https://t.co/IpZ0Lo4TOY via @YouTube", "truncated": false, "entities": {"hashtags": [], "symbols": [], "user_mentions": [{"screen_name": "YouTube", "name": "YouTube", "id": 10228272, "id_str": "10228272", "indices": [104, 112]}], "urls": [{"url": "https://t.co/IpZ0Lo4TOY", "expanded_url": "https://youtu.be/mwbYymA-Puk", "display_url": "youtu.be/mwbYymA-Puk", "indices": [76, 99]}]}, "source": "<a href=\"http://twitter.com/download/iphone\" rel=\"nofollow\">Twitter for iPhone</a>", "in_reply_to_status_id": null, "in_reply_to_status_id_str": null, "in_reply_to_user_id": null, "in_reply_to_user_id_str": null, "in_reply_to_screen_name": null, "user": {"id": 2783180225, "id_str": "2783180225", "name": "Maher Tawasha", "screen_name": "MaherMahert", "location": "Kentucky, USA", "description": "", "url": null, "entities": {"description": {"urls": []}}, "protected": false, "followers_count": 4802, "friends_count": 0, "listed_count": 9, "created_at": "Thu Sep 25 00:17:24 +0000 2014", "favourites_count": 1466, "utc_offset": null, "time_zone": null, "geo_enabled": true, "verified": false, "statuses_count": 260501, "lang": null, "contributors_enabled": false, "is_translator": false, "is_translation_enabled": false, "profile_background_color": "C0DEED", "profile_background_image_url": "http://abs.twimg.com/images/themes/theme1/bg.png", "profile_background_image_url_https": "https://abs.twimg.com/images/themes/theme1/bg.png", "profile_background_tile": false, "profile_image_url": "http://pbs.twimg.com/profile_images/653556194070654976/JIJ7dGsw_normal.jpg", "profile_image_url_https": "https://pbs.twimg.com/profile_images/653556194070654976/JIJ7dGsw_normal.jpg", "profile_link_color": "1DA1F2", "profile_sidebar_border_color": "C0DEED", "profile_sidebar_fill_color": "DDEEF6", "profile_text_color": "333333", "profile_use_background_image": true, "has_extended_profile": true, "default_profile": true, "default_profile_image": false, "following": false, "follow_request_sent": false, "notifications": false, "translator_type": "none"}, "geo": null, "coordinates": null, "place": {"id": "6ffcf3b0b904bbcb", "url": "https://api.twitter.com/1.1/geo/id/6ffcf3b0b904bbcb.json", "place_type": "admin", "name": "Kentucky", "full_name": "Kentucky, USA", "country_code": "US", "country": "United States", "contained_within": [], "bounding_box": {"type": "Polygon", "coordinates": [[[-89.57151, 36.497129], [-81.964971, 36.497129], [-81.964971, 39.147359], [-89.57151, 39.147359]]]}, "attributes": {}}, "contributors": null, "is_quote_status": false, "retweet_count": 0, "favorite_count": 0, "favorited": false, "retweeted": false, "possibly_sensitive": false, "lang": "en"}