{"created_at": "Wed Jun 13 00:08:04 +0000 2018", "id": 1006689625333813248, "id_str": "1006689625333813248", "text": "I'm quite certain is just one of the many sleazy things Giuliani and Trump have in common.\n\n\"Rudy Giuliani\u00a0had an a\u2026 https://t.co/8ZSwH4mU8M", "truncated": true, "entities": {"hashtags": [], "symbols": [], "user_mentions": [], "urls": [{"url": "https://t.co/8ZSwH4mU8M", "expanded_url": "https://twitter.com/i/web/status/1006689625333813248", "display_url": "twitter.com/i/web/status/1\u2026", "indices": [117, 140]}]}, "source": "<a href=\"http://twitter.com/download/android\" rel=\"nofollow\">Twitter for Android</a>", "in_reply_to_status_id": null, "in_reply_to_status_id_str": null, "in_reply_to_user_id": null, "in_reply_to_user_id_str": null, "in_reply_to_screen_name": null, "user": {"id": 411446545, "id_str": "411446545", "name": "(((Edelwei\u00dfpirat))) guter Unruhestifter", "screen_name": "crandallgold", "location": "Sic Semper Tyrannis", "description": "MBA, MSM, PsyD, teetotaler, terrible blogger, even worse singer.\nRoving dude.\n*Opinions solely from the voices in my head*", "url": "https://t.co/ZNb2GXhL3h", "entities": {"url": {"urls": [{"url": "https://t.co/ZNb2GXhL3h", "expanded_url": "http://piratreport.com", "display_url": "piratreport.com", "indices": [0, 23]}]}, "description": {"urls": []}}, "protected": false, "followers_count": 13275, "friends_count": 10711, "listed_count": 18, "created_at": "Sun Nov 13 12:33:50 +0000 2011", "favourites_count": 90733, "utc_offset": null, "time_zone": null, "geo_enabled": false, "verified": false, "statuses_count": 35237, "lang": null, "contributors_enabled": false, "is_translator": false, "is_translation_enabled": false, "profile_background_color": "C0DEED", "profile_background_image_url": "http://abs.twimg.com/images/themes/theme1/bg.png", "profile_background_image_url_https": "https://abs.twimg.com/images/themes/theme1/bg.png", "profile_background_tile": false, "profile_image_url": "http://pbs.twimg.com/profile_images/1281101181738266624/2QrYIsqN_normal.jpg", "profile_image_url_https": "https://pbs.twimg.com/profile_images/1281101181738266624/2QrYIsqN_normal.jpg", "profile_banner_url": "https://pbs.twimg.com/profile_banners/411446545/1535782668", "profile_link_color": "1DA1F2", "profile_sidebar_border_color": "C0DEED", "profile_sidebar_fill_color": "DDEEF6", "profile_text_color": "333333", "profile_use_background_image": true, "has_extended_profile": false, "default_profile": true, "default_profile_image": false, "following": false, "follow_request_sent": false, "notifications": false, "translator_type": "none"}, "geo": null, "coordinates": null, "place": null, "contributors": null, "is_quote_status": false, "retweet_count": 1, "favorite_count": 4, "favorited": false, "retweeted": false, "possibly_sensitive": false, "lang": "en"}