{"created_at": "Mon Jun 11 08:05:29 +0000 2018", "id": 1006084993460920320, "id_str": "1006084993460920320", "text": "So according to the US Department of Education, today and tomorrow, US State Secretary of Education, Betsy DeVos is\u2026 https://t.co/p13Q3uKYE2", "truncated": true, "entities": {"hashtags": [], "symbols": [], "user_mentions": [], "urls": [{"url": "https://t.co/p13Q3uKYE2", "expanded_url": "https://twitter.com/i/web/status/1006084993460920320", "display_url": "twitter.com/i/web/status/1\u2026", "indices": [117, 140]}]}, "source": "<a href=\"https://about.twitter.com/products/tweetdeck\" rel=\"nofollow\">TweetDeck</a>", "in_reply_to_status_id": null, "in_reply_to_status_id_str": null, "in_reply_to_user_id": null, "in_reply_to_user_id_str": null, "in_reply_to_screen_name": null, "user": {"id": 168508680, "id_str": "168508680", "name": "Flavia Dzodan", "screen_name": "redlightvoices", "location": "Amsterdam, The Netherlands", "description": "Writer; feminist; Latina; sudaca; immigrant; I don't rant, I write manifestos. https://t.co/s5w59OwjoS contact@thispoliticalwoman.com", "url": "https://t.co/nNw4weVJtL", "entities": {"url": {"urls": [{"url": "https://t.co/nNw4weVJtL", "expanded_url": "https://medium.com/this-political-woman", "display_url": "medium.com/this-political\u2026", "indices": [0, 23]}]}, "description": {"urls": [{"url": "https://t.co/s5w59OwjoS", "expanded_url": "https://www.patreon.com/flaviadzodan", "display_url": "patreon.com/flaviadzodan", "indices": [79, 102]}]}}, "protected": false, "followers_count": 28396, "friends_count": 1044, "listed_count": 465, "created_at": "Mon Jul 19 14:51:05 +0000 2010", "favourites_count": 56373, "utc_offset": null, "time_zone": null, "geo_enabled": true, "verified": true, "statuses_count": 77134, "lang": null, "contributors_enabled": false, "is_translator": false, "is_translation_enabled": false, "profile_background_color": "54100B", "profile_background_image_url": "http://abs.twimg.com/images/themes/theme5/bg.gif", "profile_background_image_url_https": "https://abs.twimg.com/images/themes/theme5/bg.gif", "profile_background_tile": false, "profile_image_url": "http://pbs.twimg.com/profile_images/1132984790/05_breast_amsterdam_red_light_district_photo_by_dutchamsterdam.nl_normal.jpg", "profile_image_url_https": "https://pbs.twimg.com/profile_images/1132984790/05_breast_amsterdam_red_light_district_photo_by_dutchamsterdam.nl_normal.jpg", "profile_banner_url": "https://pbs.twimg.com/profile_banners/168508680/1544569881", "profile_link_color": "E35919", "profile_sidebar_border_color": "9C605E", "profile_sidebar_fill_color": "911D0E", "profile_text_color": "EB7A2F", "profile_use_background_image": true, "has_extended_profile": true, "default_profile": false, "default_profile_image": false, "following": false, "follow_request_sent": false, "notifications": false, "translator_type": "none"}, "geo": null, "coordinates": null, "place": null, "contributors": null, "is_quote_status": false, "retweet_count": 8, "favorite_count": 4, "favorited": false, "retweeted": false, "possibly_sensitive": false, "lang": "en"}