{"created_at": "Tue Jun 12 23:36:52 +0000 2018", "id": 1006681771822407680, "id_str": "1006681771822407680", "text": "He saw himself as an outdoorsman, and he knew that all the important work in paleontology was done outdoors, with y\u2026 https://t.co/bzHQT4l0cW", "truncated": true, "entities": {"hashtags": [], "symbols": [], "user_mentions": [], "urls": [{"url": "https://t.co/bzHQT4l0cW", "expanded_url": "https://twitter.com/i/web/status/1006681771822407680", "display_url": "twitter.com/i/web/status/1\u2026", "indices": [117, 140]}]}, "source": "<a href=\"http://twitter.com\" rel=\"nofollow\">Twitter Web Client</a>", "in_reply_to_status_id": null, "in_reply_to_status_id_str": null, "in_reply_to_user_id": null, "in_reply_to_user_id_str": null, "in_reply_to_screen_name": null, "user": {"id": 719986787997736960, "id_str": "719986787997736960", "name": "Elizabeth S. Wallace", "screen_name": "lefty_town", "location": "Inside", "description": "Novelist", "url": null, "entities": {"description": {"urls": []}}, "protected": false, "followers_count": 47, "friends_count": 57, "listed_count": 3, "created_at": "Tue Apr 12 20:33:21 +0000 2016", "favourites_count": 2434, "utc_offset": null, "time_zone": null, "geo_enabled": false, "verified": false, "statuses_count": 22010, "lang": null, "contributors_enabled": false, "is_translator": false, "is_translation_enabled": false, "profile_background_color": "F5F8FA", "profile_background_image_url": null, "profile_background_image_url_https": null, "profile_background_tile": false, "profile_image_url": "http://pbs.twimg.com/profile_images/885074999396184068/eIgcCkFJ_normal.jpg", "profile_image_url_https": "https://pbs.twimg.com/profile_images/885074999396184068/eIgcCkFJ_normal.jpg", "profile_link_color": "1DA1F2", "profile_sidebar_border_color": "C0DEED", "profile_sidebar_fill_color": "DDEEF6", "profile_text_color": "333333", "profile_use_background_image": true, "has_extended_profile": true, "default_profile": true, "default_profile_image": false, "following": false, "follow_request_sent": false, "notifications": false, "translator_type": "none"}, "geo": null, "coordinates": null, "place": null, "contributors": null, "is_quote_status": false, "retweet_count": 0, "favorite_count": 0, "favorited": false, "retweeted": false, "lang": "en"}