{"created_at": "Mon Jun 11 16:44:16 +0000 2018", "id": 1006215551549693952, "id_str": "1006215551549693952", "text": "John Oliver's displays gross negligence in his portrayal of Venezuela during last weeks episode. He is usually on p\u2026 https://t.co/E9in7qrmF1", "truncated": true, "entities": {"hashtags": [], "symbols": [], "user_mentions": [], "urls": [{"url": "https://t.co/E9in7qrmF1", "expanded_url": "https://twitter.com/i/web/status/1006215551549693952", "display_url": "twitter.com/i/web/status/1\u2026", "indices": [117, 140]}]}, "source": "<a href=\"http://twitter.com\" rel=\"nofollow\">Twitter Web Client</a>", "in_reply_to_status_id": null, "in_reply_to_status_id_str": null, "in_reply_to_user_id": null, "in_reply_to_user_id_str": null, "in_reply_to_screen_name": null, "user": {"id": 3220295547, "id_str": "3220295547", "name": "AdamV#ACAB", "screen_name": "FriarTuck_2", "location": "Tycho Station", "description": "#UBI undermines corruption, coercion, & exploitation; it is F YOU money for all. #ADOS ally. \ud83c\udff3\ufe0f\u200d\ud83c\udf08.\nSocialize medicine you scum.", "url": "https://t.co/E5BEgNJaL6", "entities": {"url": {"urls": [{"url": "https://t.co/E5BEgNJaL6", "expanded_url": "https://onlyfans.com/houroffrot", "display_url": "onlyfans.com/houroffrot", "indices": [0, 23]}]}, "description": {"urls": []}}, "protected": false, "followers_count": 1057, "friends_count": 718, "listed_count": 60, "created_at": "Wed Apr 29 04:34:34 +0000 2015", "favourites_count": 198464, "utc_offset": null, "time_zone": null, "geo_enabled": false, "verified": false, "statuses_count": 28373, "lang": null, "contributors_enabled": false, "is_translator": false, "is_translation_enabled": false, "profile_background_color": "000000", "profile_background_image_url": "http://abs.twimg.com/images/themes/theme1/bg.png", "profile_background_image_url_https": "https://abs.twimg.com/images/themes/theme1/bg.png", "profile_background_tile": false, "profile_image_url": "http://pbs.twimg.com/profile_images/1297912596058734595/U6RdjJvc_normal.jpg", "profile_image_url_https": "https://pbs.twimg.com/profile_images/1297912596058734595/U6RdjJvc_normal.jpg", "profile_banner_url": "https://pbs.twimg.com/profile_banners/3220295547/1500405848", "profile_link_color": "E81C4F", "profile_sidebar_border_color": "000000", "profile_sidebar_fill_color": "000000", "profile_text_color": "000000", "profile_use_background_image": false, "has_extended_profile": false, "default_profile": false, "default_profile_image": false, "following": false, "follow_request_sent": false, "notifications": false, "translator_type": "none"}, "geo": null, "coordinates": null, "place": null, "contributors": null, "is_quote_status": false, "retweet_count": 0, "favorite_count": 0, "favorited": false, "retweeted": false, "possibly_sensitive": false, "lang": "en"}