{"created_at": "Wed Jun 13 18:35:23 +0000 2018", "id": 1006968289703153666, "id_str": "1006968289703153666", "text": "@JohnMartin929 John, I need you to watch this after the show today, then look up how he coached De'Aaron Fox last s\u2026 https://t.co/D57RtzDsGo", "truncated": true, "entities": {"hashtags": [], "symbols": [], "user_mentions": [{"screen_name": "JohnMartin929", "name": "John Martin", "id": 27781943, "id_str": "27781943", "indices": [0, 14]}], "urls": [{"url": "https://t.co/D57RtzDsGo", "expanded_url": "https://twitter.com/i/web/status/1006968289703153666", "display_url": "twitter.com/i/web/status/1\u2026", "indices": [117, 140]}]}, "source": "<a href=\"http://twitter.com/download/android\" rel=\"nofollow\">Twitter for Android</a>", "in_reply_to_status_id": 1006965681882058759, "in_reply_to_status_id_str": "1006965681882058759", "in_reply_to_user_id": 27781943, "in_reply_to_user_id_str": "27781943", "in_reply_to_screen_name": "JohnMartin929", "user": {"id": 95791672, "id_str": "95791672", "name": "Kev", "screen_name": "Kev_Twit901", "location": "Florida, USA/Memphis, TN", "description": "I'm Kevin, and I'm here for the sports talk.\nMemphis Grizzlies die-hard since 2001.\nTennessee Titans die-hard since 1999.\nUniv. of Memphis Alumni. #GTG", "url": "https://t.co/DUBthapOPx", "entities": {"url": {"urls": [{"url": "https://t.co/DUBthapOPx", "expanded_url": "http://www.facebook.com/kv.derrickson", "display_url": "facebook.com/kv.derrickson", "indices": [0, 23]}]}, "description": {"urls": []}}, "protected": false, "followers_count": 432, "friends_count": 378, "listed_count": 3, "created_at": "Thu Dec 10 01:36:41 +0000 2009", "favourites_count": 6660, "utc_offset": null, "time_zone": null, "geo_enabled": false, "verified": false, "statuses_count": 11537, "lang": null, "contributors_enabled": false, "is_translator": false, "is_translation_enabled": false, "profile_background_color": "154352", "profile_background_image_url": "http://abs.twimg.com/images/themes/theme1/bg.png", "profile_background_image_url_https": "https://abs.twimg.com/images/themes/theme1/bg.png", "profile_background_tile": true, "profile_image_url": "http://pbs.twimg.com/profile_images/1250533134791294976/8kTZY5Nt_normal.jpg", "profile_image_url_https": "https://pbs.twimg.com/profile_images/1250533134791294976/8kTZY5Nt_normal.jpg", "profile_banner_url": "https://pbs.twimg.com/profile_banners/95791672/1479340115", "profile_link_color": "1094CC", "profile_sidebar_border_color": "FFFFFF", "profile_sidebar_fill_color": "203B96", "profile_text_color": "060B3D", "profile_use_background_image": true, "has_extended_profile": false, "default_profile": false, "default_profile_image": false, "following": false, "follow_request_sent": false, "notifications": false, "translator_type": "none"}, "geo": null, "coordinates": null, "place": null, "contributors": null, "is_quote_status": false, "retweet_count": 0, "favorite_count": 0, "favorited": false, "retweeted": false, "possibly_sensitive": false, "lang": "en"}