{"created_at": "Sat Jun 16 23:49:00 +0000 2018", "id": 1008134376981397504, "id_str": "1008134376981397504", "text": "I think everyone should dig up an N64, take a chill pill, and spend their weekends being drunk and eating breakfast\u2026 https://t.co/Pbfbqa2We6", "truncated": true, "entities": {"hashtags": [], "symbols": [], "user_mentions": [], "urls": [{"url": "https://t.co/Pbfbqa2We6", "expanded_url": "https://twitter.com/i/web/status/1008134376981397504", "display_url": "twitter.com/i/web/status/1\u2026", "indices": [117, 140]}]}, "source": "<a href=\"http://twitter.com/download/android\" rel=\"nofollow\">Twitter for Android</a>", "in_reply_to_status_id": null, "in_reply_to_status_id_str": null, "in_reply_to_user_id": null, "in_reply_to_user_id_str": null, "in_reply_to_screen_name": null, "user": {"id": 894133937705951232, "id_str": "894133937705951232", "name": "Gary", "screen_name": "MothMonsterManG", "location": "Maryland, USA", "description": "Student (Again). Star Wars Cantina Expert. Ravens/Caps Fan. Parking Ticket Victim. Free Hat Winner. Mortal Kombat Punching Bag.", "url": null, "entities": {"description": {"urls": []}}, "protected": false, "followers_count": 198, "friends_count": 316, "listed_count": 4, "created_at": "Sun Aug 06 09:51:57 +0000 2017", "favourites_count": 38120, "utc_offset": null, "time_zone": null, "geo_enabled": false, "verified": false, "statuses_count": 14484, "lang": null, "contributors_enabled": false, "is_translator": false, "is_translation_enabled": false, "profile_background_color": "F5F8FA", "profile_background_image_url": null, "profile_background_image_url_https": null, "profile_background_tile": false, "profile_image_url": "http://pbs.twimg.com/profile_images/1248831609744306177/yHhZZJFR_normal.jpg", "profile_image_url_https": "https://pbs.twimg.com/profile_images/1248831609744306177/yHhZZJFR_normal.jpg", "profile_banner_url": "https://pbs.twimg.com/profile_banners/894133937705951232/1597852936", "profile_link_color": "1DA1F2", "profile_sidebar_border_color": "C0DEED", "profile_sidebar_fill_color": "DDEEF6", "profile_text_color": "333333", "profile_use_background_image": true, "has_extended_profile": true, "default_profile": true, "default_profile_image": false, "following": false, "follow_request_sent": false, "notifications": false, "translator_type": "none"}, "geo": null, "coordinates": null, "place": null, "contributors": null, "is_quote_status": false, "retweet_count": 0, "favorite_count": 2, "favorited": false, "retweeted": false, "lang": "en"}