{"created_at": "Wed Jun 20 21:42:53 +0000 2018", "id": 1009552192376856576, "id_str": "1009552192376856576", "text": "6/18/18: White House Press Briefing https://t.co/xpRHuYcjle via @YouTube", "truncated": false, "entities": {"hashtags": [], "symbols": [], "user_mentions": [{"screen_name": "YouTube", "name": "YouTube", "id": 10228272, "id_str": "10228272", "indices": [64, 72]}], "urls": [{"url": "https://t.co/xpRHuYcjle", "expanded_url": "https://youtu.be/Y1exA8ik5QI", "display_url": "youtu.be/Y1exA8ik5QI", "indices": [36, 59]}]}, "source": "<a href=\"http://twitter.com/download/iphone\" rel=\"nofollow\">Twitter for iPhone</a>", "in_reply_to_status_id": null, "in_reply_to_status_id_str": null, "in_reply_to_user_id": null, "in_reply_to_user_id_str": null, "in_reply_to_screen_name": null, "user": {"id": 2783180225, "id_str": "2783180225", "name": "Maher Tawasha", "screen_name": "MaherMahert", "location": "Kentucky, USA", "description": "", "url": null, "entities": {"description": {"urls": []}}, "protected": false, "followers_count": 4802, "friends_count": 0, "listed_count": 9, "created_at": "Thu Sep 25 00:17:24 +0000 2014", "favourites_count": 1466, "utc_offset": null, "time_zone": null, "geo_enabled": true, "verified": false, "statuses_count": 260501, "lang": null, "contributors_enabled": false, "is_translator": false, "is_translation_enabled": false, "profile_background_color": "C0DEED", "profile_background_image_url": "http://abs.twimg.com/images/themes/theme1/bg.png", "profile_background_image_url_https": "https://abs.twimg.com/images/themes/theme1/bg.png", "profile_background_tile": false, "profile_image_url": "http://pbs.twimg.com/profile_images/653556194070654976/JIJ7dGsw_normal.jpg", "profile_image_url_https": "https://pbs.twimg.com/profile_images/653556194070654976/JIJ7dGsw_normal.jpg", "profile_link_color": "1DA1F2", "profile_sidebar_border_color": "C0DEED", "profile_sidebar_fill_color": "DDEEF6", "profile_text_color": "333333", "profile_use_background_image": true, "has_extended_profile": true, "default_profile": true, "default_profile_image": false, "following": false, "follow_request_sent": false, "notifications": false, "translator_type": "none"}, "geo": null, "coordinates": null, "place": null, "contributors": null, "is_quote_status": false, "retweet_count": 0, "favorite_count": 0, "favorited": false, "retweeted": false, "possibly_sensitive": false, "lang": "en"}