{"created_at": "Fri Jun 22 00:17:36 +0000 2018", "id": 1009953513428996097, "id_str": "1009953513428996097", "text": "DHS secretary was flown to the White House because Sarah Sanders didn't want to do the briefing on child separation https://t.co/YTlwGet8YQ", "truncated": false, "entities": {"hashtags": [], "symbols": [], "user_mentions": [], "urls": [{"url": "https://t.co/YTlwGet8YQ", "expanded_url": "https://www.rawstory.com/2018/06/dhs-secretary-flown-white-house-sarah-sanders-didnt-want-briefing-child-separation/#.WyxAHdFmUgA.twitter", "display_url": "rawstory.com/2018/06/dhs-se\u2026", "indices": [116, 139]}]}, "source": "<a href=\"http://twitter.com/download/android\" rel=\"nofollow\">Twitter for Android</a>", "in_reply_to_status_id": null, "in_reply_to_status_id_str": null, "in_reply_to_user_id": null, "in_reply_to_user_id_str": null, "in_reply_to_screen_name": null, "user": {"id": 785213216854937600, "id_str": "785213216854937600", "name": "Funky Cold Edema\ud83c\udf0a", "screen_name": "lola_patty", "location": "Pittsburgh, PA", "description": "RT: 97%\ud83d\udc4d/3% \ud83e\udd2f! #FBR \u267f\n#StrongerThanHate \n#Resist #DogLover \ud83d\udc36  #PittsburghProud #Yinzer #StillWithHer #BLM \n#TrumpLies #PreExistingCondition \u267f", "url": null, "entities": {"description": {"urls": []}}, "protected": false, "followers_count": 11964, "friends_count": 13148, "listed_count": 15, "created_at": "Sun Oct 09 20:19:54 +0000 2016", "favourites_count": 301417, "utc_offset": null, "time_zone": null, "geo_enabled": true, "verified": false, "statuses_count": 241873, "lang": null, "contributors_enabled": false, "is_translator": false, "is_translation_enabled": false, "profile_background_color": "000000", "profile_background_image_url": "http://abs.twimg.com/images/themes/theme1/bg.png", "profile_background_image_url_https": "https://abs.twimg.com/images/themes/theme1/bg.png", "profile_background_tile": false, "profile_image_url": "http://pbs.twimg.com/profile_images/1139775990450798592/iAkkqnPD_normal.jpg", "profile_image_url_https": "https://pbs.twimg.com/profile_images/1139775990450798592/iAkkqnPD_normal.jpg", "profile_banner_url": "https://pbs.twimg.com/profile_banners/785213216854937600/1593975632", "profile_link_color": "91D2FA", "profile_sidebar_border_color": "000000", "profile_sidebar_fill_color": "000000", "profile_text_color": "000000", "profile_use_background_image": false, "has_extended_profile": true, "default_profile": false, "default_profile_image": false, "following": false, "follow_request_sent": false, "notifications": false, "translator_type": "none"}, "geo": null, "coordinates": null, "place": null, "contributors": null, "is_quote_status": false, "retweet_count": 0, "favorite_count": 2, "favorited": false, "retweeted": false, "possibly_sensitive": false, "lang": "en"}