{"created_at": "Fri Jun 22 01:14:02 +0000 2018", "id": 1009967716088844288, "id_str": "1009967716088844288", "text": "@AmoneyResists @DrQuinnTweets @nbc @ABC @MSNBC @CBS @CNN They should ignore the White House briefing room, too.", "truncated": false, "entities": {"hashtags": [], "symbols": [], "user_mentions": [{"screen_name": "AmoneyResists", "name": "Andrew Wortman", "id": 739844197935644672, "id_str": "739844197935644672", "indices": [0, 14]}, {"screen_name": "DrQuinnTweets", "name": "Sandy Quinn", "id": 150712085, "id_str": "150712085", "indices": [15, 29]}, {"screen_name": "nbc", "name": "NBC Entertainment", "id": 26585095, "id_str": "26585095", "indices": [30, 34]}, {"screen_name": "ABC", "name": "ABC News", "id": 28785486, "id_str": "28785486", "indices": [35, 39]}, {"screen_name": "MSNBC", "name": "MSNBC", "id": 2836421, "id_str": "2836421", "indices": [40, 46]}, {"screen_name": "CBS", "name": "CBS", "id": 97739866, "id_str": "97739866", "indices": [47, 51]}, {"screen_name": "CNN", "name": "CNN", "id": 759251, "id_str": "759251", "indices": [52, 56]}], "urls": []}, "source": "<a href=\"http://twitter.com/download/iphone\" rel=\"nofollow\">Twitter for iPhone</a>", "in_reply_to_status_id": 1009636690414194688, "in_reply_to_status_id_str": "1009636690414194688", "in_reply_to_user_id": 739844197935644672, "in_reply_to_user_id_str": "739844197935644672", "in_reply_to_screen_name": "AmoneyResists", "user": {"id": 360756008, "id_str": "360756008", "name": "Jim Rubin", "screen_name": "JamesRubin1", "location": "United States", "description": "#Resist #BLM #BBQAnon #BidenHarris2020 #UnionYes #IATSE #IBEW #TheClash As bad as things are, I still find humor where I can! Grew up NYC 60\u2019s & 70\u2019s", "url": null, "entities": {"description": {"urls": []}}, "protected": false, "followers_count": 1623, "friends_count": 1119, "listed_count": 7, "created_at": "Tue Aug 23 18:24:03 +0000 2011", "favourites_count": 99319, "utc_offset": null, "time_zone": null, "geo_enabled": false, "verified": false, "statuses_count": 49376, "lang": null, "contributors_enabled": false, "is_translator": false, "is_translation_enabled": false, "profile_background_color": "C0DEED", "profile_background_image_url": "http://abs.twimg.com/images/themes/theme1/bg.png", "profile_background_image_url_https": "https://abs.twimg.com/images/themes/theme1/bg.png", "profile_background_tile": false, "profile_image_url": "http://pbs.twimg.com/profile_images/1270940496408588288/EypxKmq7_normal.jpg", "profile_image_url_https": "https://pbs.twimg.com/profile_images/1270940496408588288/EypxKmq7_normal.jpg", "profile_banner_url": "https://pbs.twimg.com/profile_banners/360756008/1597206898", "profile_link_color": "1DA1F2", "profile_sidebar_border_color": "C0DEED", "profile_sidebar_fill_color": "DDEEF6", "profile_text_color": "333333", "profile_use_background_image": true, "has_extended_profile": true, "default_profile": true, "default_profile_image": false, "following": false, "follow_request_sent": false, "notifications": false, "translator_type": "none"}, "geo": null, "coordinates": null, "place": null, "contributors": null, "is_quote_status": false, "retweet_count": 0, "favorite_count": 1, "favorited": false, "retweeted": false, "lang": "en"}