{"created_at": "Sat Jun 23 05:14:53 +0000 2018", "id": 1010390714939793408, "id_str": "1010390714939793408", "text": "@AprilDRyan Do you ever really get answers at a @WhiteHouse briefing?", "truncated": false, "entities": {"hashtags": [], "symbols": [], "user_mentions": [{"screen_name": "AprilDRyan", "name": "AprilDRyan", "id": 18018355, "id_str": "18018355", "indices": [0, 11]}, {"screen_name": "WhiteHouse", "name": "The White House", "id": 822215673812119553, "id_str": "822215673812119553", "indices": [48, 59]}], "urls": []}, "source": "<a href=\"http://twitter.com/download/iphone\" rel=\"nofollow\">Twitter for iPhone</a>", "in_reply_to_status_id": 1010375100640694272, "in_reply_to_status_id_str": "1010375100640694272", "in_reply_to_user_id": 18018355, "in_reply_to_user_id_str": "18018355", "in_reply_to_screen_name": "AprilDRyan", "user": {"id": 2329119869, "id_str": "2329119869", "name": "Brandon Frenzy\ud83c\uddfa\ud83c\uddf8\ud83c\udff3\ufe0f\u200d\ud83c\udf08\ud83c\udf0a\ud83c\udfc4\ud83c\udffb\u200d\u2642\ufe0f", "screen_name": "BrandonFrenzy", "location": "Boston, MA", "description": "History of Horror Films Professor & Cancer Survivor \ud83c\uddfa\ud83c\uddf8\ud83c\udff3\ufe0f\u200d\ud83c\udf08\u270c\ud83c\udffb\ud83c\udf0a #Resist #FBR #FuckTrump", "url": null, "entities": {"description": {"urls": []}}, "protected": false, "followers_count": 6834, "friends_count": 7036, "listed_count": 9, "created_at": "Fri Feb 07 00:02:01 +0000 2014", "favourites_count": 99338, "utc_offset": null, "time_zone": null, "geo_enabled": false, "verified": false, "statuses_count": 6121, "lang": null, "contributors_enabled": false, "is_translator": false, "is_translation_enabled": false, "profile_background_color": "C0DEED", "profile_background_image_url": "http://abs.twimg.com/images/themes/theme1/bg.png", "profile_background_image_url_https": "https://abs.twimg.com/images/themes/theme1/bg.png", "profile_background_tile": false, "profile_image_url": "http://pbs.twimg.com/profile_images/1305604175284363264/rDkS-AK0_normal.jpg", "profile_image_url_https": "https://pbs.twimg.com/profile_images/1305604175284363264/rDkS-AK0_normal.jpg", "profile_banner_url": "https://pbs.twimg.com/profile_banners/2329119869/1554165582", "profile_link_color": "1DA1F2", "profile_sidebar_border_color": "C0DEED", "profile_sidebar_fill_color": "DDEEF6", "profile_text_color": "333333", "profile_use_background_image": true, "has_extended_profile": true, "default_profile": true, "default_profile_image": false, "following": false, "follow_request_sent": false, "notifications": false, "translator_type": "none"}, "geo": null, "coordinates": null, "place": null, "contributors": null, "is_quote_status": false, "retweet_count": 0, "favorite_count": 0, "favorited": false, "retweeted": false, "lang": "en"}