{"created_at": "Sat Jun 23 07:02:41 +0000 2018", "id": 1010417845409181696, "id_str": "1010417845409181696", "text": "Here\u2019s the team for #theGathering #weluhGod #trueworship #funtimes\u2764\ufe0f #leadworshiplikelivesdependonit @ Apostolic Ch\u2026 https://t.co/WIiy25zzZ8", "truncated": true, "entities": {"hashtags": [{"text": "theGathering", "indices": [20, 33]}, {"text": "weluhGod", "indices": [34, 43]}, {"text": "trueworship", "indices": [44, 56]}, {"text": "funtimes", "indices": [57, 66]}, {"text": "leadworshiplikelivesdependonit", "indices": [69, 100]}], "symbols": [], "user_mentions": [], "urls": [{"url": "https://t.co/WIiy25zzZ8", "expanded_url": "https://twitter.com/i/web/status/1010417845409181696", "display_url": "twitter.com/i/web/status/1\u2026", "indices": [117, 140]}]}, "source": "<a href=\"http://instagram.com\" rel=\"nofollow\">Instagram</a>", "in_reply_to_status_id": null, "in_reply_to_status_id_str": null, "in_reply_to_user_id": null, "in_reply_to_user_id_str": null, "in_reply_to_screen_name": null, "user": {"id": 49718378, "id_str": "49718378", "name": "Miss Stephens", "screen_name": "LaShondraS", "location": "\u00dcT: 41.776915,-87.745101", "description": "CEO of Preacher Girl Swag, Assist Pastor Apostolic Church of God, youth advocate, naturalista, Morgan State U alum, McCormick Theological Seminary alum", "url": "https://t.co/Hk3bj9pK5n", "entities": {"url": {"urls": [{"url": "https://t.co/Hk3bj9pK5n", "expanded_url": "http://lashondrastephens.com", "display_url": "lashondrastephens.com", "indices": [0, 23]}]}, "description": {"urls": []}}, "protected": false, "followers_count": 1058, "friends_count": 913, "listed_count": 36, "created_at": "Mon Jun 22 18:34:30 +0000 2009", "favourites_count": 1789, "utc_offset": null, "time_zone": null, "geo_enabled": true, "verified": false, "statuses_count": 42133, "lang": null, "contributors_enabled": false, "is_translator": false, "is_translation_enabled": false, "profile_background_color": "FFFFFF", "profile_background_image_url": "http://abs.twimg.com/images/themes/theme11/bg.gif", "profile_background_image_url_https": "https://abs.twimg.com/images/themes/theme11/bg.gif", "profile_background_tile": false, "profile_image_url": "http://pbs.twimg.com/profile_images/639865983298076672/HbbaGaxv_normal.jpg", "profile_image_url_https": "https://pbs.twimg.com/profile_images/639865983298076672/HbbaGaxv_normal.jpg", "profile_banner_url": "https://pbs.twimg.com/profile_banners/49718378/1529511968", "profile_link_color": "FA0DDE", "profile_sidebar_border_color": "000000", "profile_sidebar_fill_color": "F312EB", "profile_text_color": "000000", "profile_use_background_image": true, "has_extended_profile": true, "default_profile": false, "default_profile_image": false, "following": false, "follow_request_sent": false, "notifications": false, "translator_type": "none"}, "geo": {"type": "Point", "coordinates": [41.77960593, -87.59213521]}, "coordinates": {"type": "Point", "coordinates": [-87.59213521, 41.77960593]}, "place": {"id": "1d9a5370a355ab0c", "url": "https://api.twitter.com/1.1/geo/id/1d9a5370a355ab0c.json", "place_type": "city", "name": "Chicago", "full_name": "Chicago, IL", "country_code": "US", "country": "United States", "contained_within": [], "bounding_box": {"type": "Polygon", "coordinates": [[[-87.940033, 41.644102], [-87.523993, 41.644102], [-87.523993, 42.0230669], [-87.940033, 42.0230669]]]}, "attributes": {}}, "contributors": null, "is_quote_status": false, "retweet_count": 0, "favorite_count": 0, "favorited": false, "retweeted": false, "possibly_sensitive": false, "lang": "en"}