{"created_at": "Fri Jun 22 18:12:29 +0000 2018", "id": 1010224019298291721, "id_str": "1010224019298291721", "text": "@PressSec @realDonaldTrump When is the next White House Press Briefing? This is your chance to communicate official\u2026 https://t.co/t6JmsRTozt", "truncated": true, "entities": {"hashtags": [], "symbols": [], "user_mentions": [{"screen_name": "PressSec", "name": "Kayleigh McEnany", "id": 818927131883356161, "id_str": "818927131883356161", "indices": [0, 9]}, {"screen_name": "realDonaldTrump", "name": "Donald J. Trump", "id": 25073877, "id_str": "25073877", "indices": [10, 26]}], "urls": [{"url": "https://t.co/t6JmsRTozt", "expanded_url": "https://twitter.com/i/web/status/1010224019298291721", "display_url": "twitter.com/i/web/status/1\u2026", "indices": [117, 140]}]}, "source": "<a href=\"https://mobile.twitter.com\" rel=\"nofollow\">Twitter Web App</a>", "in_reply_to_status_id": null, "in_reply_to_status_id_str": null, "in_reply_to_user_id": 818927131883356161, "in_reply_to_user_id_str": "818927131883356161", "in_reply_to_screen_name": "PressSec", "user": {"id": 39494027, "id_str": "39494027", "name": "John Wilson", "screen_name": "jbw2dogs", "location": "Madison, Alabama", "description": "Son, brother, husband, father, uncle, grandfather, UAB Alum, Army Armor Veteran, American by the grace of God.  My \"STUPID\" Radar works just fine.", "url": null, "entities": {"description": {"urls": []}}, "protected": false, "followers_count": 25, "friends_count": 244, "listed_count": 0, "created_at": "Tue May 12 13:05:23 +0000 2009", "favourites_count": 2794, "utc_offset": null, "time_zone": null, "geo_enabled": false, "verified": false, "statuses_count": 7277, "lang": null, "contributors_enabled": false, "is_translator": false, "is_translation_enabled": false, "profile_background_color": "C0DEED", "profile_background_image_url": "http://abs.twimg.com/images/themes/theme1/bg.png", "profile_background_image_url_https": "https://abs.twimg.com/images/themes/theme1/bg.png", "profile_background_tile": false, "profile_image_url": "http://pbs.twimg.com/profile_images/1290259367602814982/y9uJRCRm_normal.jpg", "profile_image_url_https": "https://pbs.twimg.com/profile_images/1290259367602814982/y9uJRCRm_normal.jpg", "profile_banner_url": "https://pbs.twimg.com/profile_banners/39494027/1591243891", "profile_link_color": "1DA1F2", "profile_sidebar_border_color": "C0DEED", "profile_sidebar_fill_color": "DDEEF6", "profile_text_color": "333333", "profile_use_background_image": true, "has_extended_profile": true, "default_profile": true, "default_profile_image": false, "following": false, "follow_request_sent": false, "notifications": false, "translator_type": "none"}, "geo": null, "coordinates": null, "place": null, "contributors": null, "is_quote_status": false, "retweet_count": 0, "favorite_count": 0, "favorited": false, "retweeted": false, "lang": "en"}