{"created_at": "Tue Jun 26 16:48:24 +0000 2018", "id": 1011652407359655937, "id_str": "1011652407359655937", "text": "I liked a @YouTube video https://t.co/abzFF56oh5 Sarah Sanders Discusses Immigration Policies At White House Press Briefing | TIME", "truncated": false, "entities": {"hashtags": [], "symbols": [], "user_mentions": [{"screen_name": "YouTube", "name": "YouTube", "id": 10228272, "id_str": "10228272", "indices": [10, 18]}], "urls": [{"url": "https://t.co/abzFF56oh5", "expanded_url": "http://youtu.be/EEX1Ewc26Fw?a", "display_url": "youtu.be/EEX1Ewc26Fw?a", "indices": [25, 48]}]}, "source": "<a href=\"https://www.google.com/\" rel=\"nofollow\">Google</a>", "in_reply_to_status_id": null, "in_reply_to_status_id_str": null, "in_reply_to_user_id": null, "in_reply_to_user_id_str": null, "in_reply_to_screen_name": null, "user": {"id": 211038663, "id_str": "211038663", "name": "\uf8ff Charlie Hatton", "screen_name": "Evilmititis", "location": "Branson, MO", "description": "Half the time, I'm just trying to keep it together.", "url": "https://t.co/969imkcp6S", "entities": {"url": {"urls": [{"url": "https://t.co/969imkcp6S", "expanded_url": "https://www.instagram.com/evilmititis/", "display_url": "instagram.com/evilmititis/", "indices": [0, 23]}]}, "description": {"urls": []}}, "protected": false, "followers_count": 110, "friends_count": 121, "listed_count": 2, "created_at": "Tue Nov 02 03:41:43 +0000 2010", "favourites_count": 16735, "utc_offset": null, "time_zone": null, "geo_enabled": true, "verified": false, "statuses_count": 8244, "lang": null, "contributors_enabled": false, "is_translator": false, "is_translation_enabled": false, "profile_background_color": "000000", "profile_background_image_url": "http://abs.twimg.com/images/themes/theme1/bg.png", "profile_background_image_url_https": "https://abs.twimg.com/images/themes/theme1/bg.png", "profile_background_tile": false, "profile_image_url": "http://pbs.twimg.com/profile_images/1298510598112772096/mfnrwT56_normal.jpg", "profile_image_url_https": "https://pbs.twimg.com/profile_images/1298510598112772096/mfnrwT56_normal.jpg", "profile_banner_url": "https://pbs.twimg.com/profile_banners/211038663/1598423553", "profile_link_color": "1B95E0", "profile_sidebar_border_color": "000000", "profile_sidebar_fill_color": "000000", "profile_text_color": "000000", "profile_use_background_image": false, "has_extended_profile": true, "default_profile": false, "default_profile_image": false, "following": false, "follow_request_sent": false, "notifications": false, "translator_type": "none"}, "geo": null, "coordinates": null, "place": null, "contributors": null, "is_quote_status": false, "retweet_count": 0, "favorite_count": 0, "favorited": false, "retweeted": false, "possibly_sensitive": false, "lang": "en"}