{"created_at": "Tue Jun 26 14:27:39 +0000 2018", "id": 1011616986579783680, "id_str": "1011616986579783680", "text": "@SydNeCoh @JonJustice Could you explain what Freedoms have been lost since Jan 20, 2017? And be specific. I've seen\u2026 https://t.co/HCtP3nrB3K", "truncated": true, "entities": {"hashtags": [], "symbols": [], "user_mentions": [{"screen_name": "JonJustice", "name": "Jon Justice", "id": 20020759, "id_str": "20020759", "indices": [10, 21]}], "urls": [{"url": "https://t.co/HCtP3nrB3K", "expanded_url": "https://twitter.com/i/web/status/1011616986579783680", "display_url": "twitter.com/i/web/status/1\u2026", "indices": [117, 140]}]}, "source": "<a href=\"http://twitter.com/download/android\" rel=\"nofollow\">Twitter for Android</a>", "in_reply_to_status_id": null, "in_reply_to_status_id_str": null, "in_reply_to_user_id": null, "in_reply_to_user_id_str": null, "in_reply_to_screen_name": null, "user": {"id": 776894484055404544, "id_str": "776894484055404544", "name": "Michael 'Browncoat_Six' M", "screen_name": "Browncoat_Six", "location": "Minnesota, USA", "description": "Malo periculosam, libertatem quam quietam servitutem.\nI am not here for followers. I am here for fellow Patriots.\nAmerican, Father, Constitutionalist, AMT.", "url": "https://t.co/AxBoWShU19", "entities": {"url": {"urls": [{"url": "https://t.co/AxBoWShU19", "expanded_url": "http://www.browncoatarmory.com", "display_url": "browncoatarmory.com", "indices": [0, 23]}]}, "description": {"urls": []}}, "protected": false, "followers_count": 202, "friends_count": 300, "listed_count": 0, "created_at": "Fri Sep 16 21:24:14 +0000 2016", "favourites_count": 12601, "utc_offset": null, "time_zone": null, "geo_enabled": false, "verified": false, "statuses_count": 5283, "lang": null, "contributors_enabled": false, "is_translator": false, "is_translation_enabled": false, "profile_background_color": "F5F8FA", "profile_background_image_url": null, "profile_background_image_url_https": null, "profile_background_tile": false, "profile_image_url": "http://pbs.twimg.com/profile_images/1239326377796608000/leAJKxp6_normal.jpg", "profile_image_url_https": "https://pbs.twimg.com/profile_images/1239326377796608000/leAJKxp6_normal.jpg", "profile_banner_url": "https://pbs.twimg.com/profile_banners/776894484055404544/1568656824", "profile_link_color": "1DA1F2", "profile_sidebar_border_color": "C0DEED", "profile_sidebar_fill_color": "DDEEF6", "profile_text_color": "333333", "profile_use_background_image": true, "has_extended_profile": false, "default_profile": true, "default_profile_image": false, "following": false, "follow_request_sent": false, "notifications": false, "translator_type": "none"}, "geo": null, "coordinates": null, "place": null, "contributors": null, "is_quote_status": false, "retweet_count": 0, "favorite_count": 1, "favorited": false, "retweeted": false, "lang": "en"}