{"created_at": "Tue Jun 26 13:39:01 +0000 2018", "id": 1011604747579809792, "id_str": "1011604747579809792", "text": "Options for your \"industry\" when creating a profile on https://t.co/rg2YgnZmtQ with US Department of Education Offi\u2026 https://t.co/H43uL9vqGJ", "truncated": true, "entities": {"hashtags": [], "symbols": [], "user_mentions": [], "urls": [{"url": "https://t.co/rg2YgnZmtQ", "expanded_url": "https://edu2030.agorize.com/en/challenges/challenge", "display_url": "edu2030.agorize.com/en/challenges/\u2026", "indices": [55, 78]}, {"url": "https://t.co/H43uL9vqGJ", "expanded_url": "https://twitter.com/i/web/status/1011604747579809792", "display_url": "twitter.com/i/web/status/1\u2026", "indices": [117, 140]}]}, "source": "<a href=\"http://twitter.com\" rel=\"nofollow\">Twitter Web Client</a>", "in_reply_to_status_id": null, "in_reply_to_status_id_str": null, "in_reply_to_user_id": null, "in_reply_to_user_id_str": null, "in_reply_to_screen_name": null, "user": {"id": 10076902, "id_str": "10076902", "name": "Tom Woodward", "screen_name": "twoodwar", "location": "Richmond VA", "description": "I'm your huckleberry.", "url": "http://t.co/95ZKS5F7nO", "entities": {"url": {"urls": [{"url": "http://t.co/95ZKS5F7nO", "expanded_url": "http://bionicteaching.com", "display_url": "bionicteaching.com", "indices": [0, 22]}]}, "description": {"urls": []}}, "protected": false, "followers_count": 2327, "friends_count": 3120, "listed_count": 180, "created_at": "Thu Nov 08 19:58:25 +0000 2007", "favourites_count": 3662, "utc_offset": null, "time_zone": null, "geo_enabled": true, "verified": false, "statuses_count": 21210, "lang": null, "contributors_enabled": false, "is_translator": false, "is_translation_enabled": false, "profile_background_color": "0F0F0F", "profile_background_image_url": "http://abs.twimg.com/images/themes/theme1/bg.png", "profile_background_image_url_https": "https://abs.twimg.com/images/themes/theme1/bg.png", "profile_background_tile": true, "profile_image_url": "http://pbs.twimg.com/profile_images/3607940841/6d6fca6643e447bc5a76bc9c1cbab4b2_normal.jpeg", "profile_image_url_https": "https://pbs.twimg.com/profile_images/3607940841/6d6fca6643e447bc5a76bc9c1cbab4b2_normal.jpeg", "profile_banner_url": "https://pbs.twimg.com/profile_banners/10076902/1404582652", "profile_link_color": "060649", "profile_sidebar_border_color": "FFFFFF", "profile_sidebar_fill_color": "353535", "profile_text_color": "030202", "profile_use_background_image": true, "has_extended_profile": false, "default_profile": false, "default_profile_image": false, "following": false, "follow_request_sent": false, "notifications": false, "translator_type": "none"}, "geo": null, "coordinates": null, "place": null, "contributors": null, "is_quote_status": false, "retweet_count": 1, "favorite_count": 2, "favorited": false, "retweeted": false, "possibly_sensitive": false, "lang": "en"}