{"created_at": "Thu Jun 28 17:22:14 +0000 2018", "id": 1012385698379268096, "id_str": "1012385698379268096", "text": "Roy Rogers headlines the 2018 Historic Wallace Blues Festival next month. Here he is performing with Bonnie Raitt a\u2026 https://t.co/wdHkpDHyHz", "truncated": true, "entities": {"hashtags": [], "symbols": [], "user_mentions": [], "urls": [{"url": "https://t.co/wdHkpDHyHz", "expanded_url": "https://twitter.com/i/web/status/1012385698379268096", "display_url": "twitter.com/i/web/status/1\u2026", "indices": [117, 140]}]}, "source": "<a href=\"http://www.facebook.com/twitter\" rel=\"nofollow\">Facebook</a>", "in_reply_to_status_id": null, "in_reply_to_status_id_str": null, "in_reply_to_user_id": null, "in_reply_to_user_id_str": null, "in_reply_to_screen_name": null, "user": {"id": 277294883, "id_str": "277294883", "name": "Wallace Chamber", "screen_name": "WallaceChamber", "location": "Historic Wallace, Idaho", "description": "Silver Capital of the World, Center of the Universe", "url": "http://t.co/9jctsliprT", "entities": {"url": {"urls": [{"url": "http://t.co/9jctsliprT", "expanded_url": "http://www.wallaceidahochamber.com", "display_url": "wallaceidahochamber.com", "indices": [0, 22]}]}, "description": {"urls": []}}, "protected": false, "followers_count": 160, "friends_count": 15, "listed_count": 10, "created_at": "Tue Apr 05 02:39:20 +0000 2011", "favourites_count": 0, "utc_offset": null, "time_zone": null, "geo_enabled": false, "verified": false, "statuses_count": 3436, "lang": null, "contributors_enabled": false, "is_translator": false, "is_translation_enabled": false, "profile_background_color": "C0DEED", "profile_background_image_url": "http://abs.twimg.com/images/themes/theme1/bg.png", "profile_background_image_url_https": "https://abs.twimg.com/images/themes/theme1/bg.png", "profile_background_tile": false, "profile_image_url": "http://pbs.twimg.com/profile_images/1361364508/46507_111365068919893_111365032253230_90412_7666074_n_normal.jpg", "profile_image_url_https": "https://pbs.twimg.com/profile_images/1361364508/46507_111365068919893_111365032253230_90412_7666074_n_normal.jpg", "profile_link_color": "1DA1F2", "profile_sidebar_border_color": "C0DEED", "profile_sidebar_fill_color": "DDEEF6", "profile_text_color": "333333", "profile_use_background_image": true, "has_extended_profile": false, "default_profile": true, "default_profile_image": false, "following": false, "follow_request_sent": false, "notifications": false, "translator_type": "none"}, "geo": null, "coordinates": null, "place": null, "contributors": null, "is_quote_status": false, "retweet_count": 0, "favorite_count": 0, "favorited": false, "retweeted": false, "possibly_sensitive": false, "lang": "en"}