{"created_at": "Thu Jun 28 20:29:03 +0000 2018", "id": 1012432712441974784, "id_str": "1012432712441974784", "text": "A voice just came over the loudspeaker in the White House briefing room announcing that in five minutes \u201cthere will\u2026 https://t.co/47DjgCdys2", "truncated": true, "entities": {"hashtags": [], "symbols": [], "user_mentions": [], "urls": [{"url": "https://t.co/47DjgCdys2", "expanded_url": "https://twitter.com/i/web/status/1012432712441974784", "display_url": "twitter.com/i/web/status/1\u2026", "indices": [117, 140]}]}, "source": "<a href=\"http://twitter.com/download/iphone\" rel=\"nofollow\">Twitter for iPhone</a>", "in_reply_to_status_id": null, "in_reply_to_status_id_str": null, "in_reply_to_user_id": null, "in_reply_to_user_id_str": null, "in_reply_to_screen_name": null, "user": {"id": 21212087, "id_str": "21212087", "name": "Olivia Nuzzi", "screen_name": "Olivianuzzi", "location": "Washington, DC", "description": "Washington Correspondent, New York Magazine. Writing a book with @RyanLizza for Simon & Schuster\u2019s Avid Reader about the 2020 campaign. IG: olivianuzzix", "url": "https://t.co/h3Ulh5oQm9", "entities": {"url": {"urls": [{"url": "https://t.co/h3Ulh5oQm9", "expanded_url": "http://nymag.com", "display_url": "nymag.com", "indices": [0, 23]}]}, "description": {"urls": []}}, "protected": false, "followers_count": 272592, "friends_count": 3215, "listed_count": 3985, "created_at": "Wed Feb 18 16:33:13 +0000 2009", "favourites_count": 381, "utc_offset": null, "time_zone": null, "geo_enabled": false, "verified": false, "statuses_count": 70420, "lang": null, "contributors_enabled": false, "is_translator": false, "is_translation_enabled": false, "profile_background_color": "1A1B1F", "profile_background_image_url": "http://abs.twimg.com/images/themes/theme9/bg.gif", "profile_background_image_url_https": "https://abs.twimg.com/images/themes/theme9/bg.gif", "profile_background_tile": true, "profile_image_url": "http://pbs.twimg.com/profile_images/1175990453239459840/zAUguth1_normal.jpg", "profile_image_url_https": "https://pbs.twimg.com/profile_images/1175990453239459840/zAUguth1_normal.jpg", "profile_banner_url": "https://pbs.twimg.com/profile_banners/21212087/1453787076", "profile_link_color": "2FC2EF", "profile_sidebar_border_color": "FFFFFF", "profile_sidebar_fill_color": "252429", "profile_text_color": "666666", "profile_use_background_image": true, "has_extended_profile": true, "default_profile": false, "default_profile_image": false, "following": false, "follow_request_sent": false, "notifications": false, "translator_type": "none"}, "geo": null, "coordinates": null, "place": null, "contributors": null, "is_quote_status": false, "retweet_count": 46, "favorite_count": 84, "favorited": false, "retweeted": false, "lang": "en"}