{"created_at": "Wed Jun 27 17:06:12 +0000 2018", "id": 1012019275287224320, "id_str": "1012019275287224320", "text": "Will the @PressSec ever fully recover and hold another White House press briefing? https://t.co/AfucrII3AV", "truncated": false, "entities": {"hashtags": [], "symbols": [], "user_mentions": [{"screen_name": "PressSec", "name": "Kayleigh McEnany", "id": 818927131883356161, "id_str": "818927131883356161", "indices": [9, 18]}], "urls": [], "media": [{"id": 1012019139265740800, "id_str": "1012019139265740800", "indices": [83, 106], "media_url": "http://pbs.twimg.com/tweet_video_thumb/DgtqC5XUwAAiei5.jpg", "media_url_https": "https://pbs.twimg.com/tweet_video_thumb/DgtqC5XUwAAiei5.jpg", "url": "https://t.co/AfucrII3AV", "display_url": "pic.twitter.com/AfucrII3AV", "expanded_url": "https://twitter.com/sfdb/status/1012019275287224320/photo/1", "type": "photo", "sizes": {"thumb": {"w": 150, "h": 150, "resize": "crop"}, "small": {"w": 400, "h": 224, "resize": "fit"}, "medium": {"w": 400, "h": 224, "resize": "fit"}, "large": {"w": 400, "h": 224, "resize": "fit"}}}]}, "extended_entities": {"media": [{"id": 1012019139265740800, "id_str": "1012019139265740800", "indices": [83, 106], "media_url": "http://pbs.twimg.com/tweet_video_thumb/DgtqC5XUwAAiei5.jpg", "media_url_https": "https://pbs.twimg.com/tweet_video_thumb/DgtqC5XUwAAiei5.jpg", "url": "https://t.co/AfucrII3AV", "display_url": "pic.twitter.com/AfucrII3AV", "expanded_url": "https://twitter.com/sfdb/status/1012019275287224320/photo/1", "type": "animated_gif", "sizes": {"thumb": {"w": 150, "h": 150, "resize": "crop"}, "small": {"w": 400, "h": 224, "resize": "fit"}, "medium": {"w": 400, "h": 224, "resize": "fit"}, "large": {"w": 400, "h": 224, "resize": "fit"}}, "video_info": {"aspect_ratio": [25, 14], "variants": [{"bitrate": 0, "content_type": "video/mp4", "url": "https://video.twimg.com/tweet_video/DgtqC5XUwAAiei5.mp4"}]}}]}, "source": "<a href=\"http://twitter.com\" rel=\"nofollow\">Twitter Web Client</a>", "in_reply_to_status_id": null, "in_reply_to_status_id_str": null, "in_reply_to_user_id": null, "in_reply_to_user_id_str": null, "in_reply_to_screen_name": null, "user": {"id": 16832810, "id_str": "16832810", "name": "SFDB", "screen_name": "sfdb", "location": "South Florida", "description": "Retired Owner/Operator of the South Florida Daily Blog and Stuck on the Palmetto. Politics, photography, cars, craft beer, the American West, life and opinions.", "url": null, "entities": {"description": {"urls": []}}, "protected": false, "followers_count": 1786, "friends_count": 786, "listed_count": 176, "created_at": "Fri Oct 17 23:24:29 +0000 2008", "favourites_count": 9211, "utc_offset": null, "time_zone": null, "geo_enabled": false, "verified": false, "statuses_count": 108397, "lang": null, "contributors_enabled": false, "is_translator": false, "is_translation_enabled": false, "profile_background_color": "BD8C66", "profile_background_image_url": "http://abs.twimg.com/images/themes/theme1/bg.png", "profile_background_image_url_https": "https://abs.twimg.com/images/themes/theme1/bg.png", "profile_background_tile": false, "profile_image_url": "http://pbs.twimg.com/profile_images/976292908184649731/dC0FWyeM_normal.jpg", "profile_image_url_https": "https://pbs.twimg.com/profile_images/976292908184649731/dC0FWyeM_normal.jpg", "profile_banner_url": "https://pbs.twimg.com/profile_banners/16832810/1599272991", "profile_link_color": "BD8C66", "profile_sidebar_border_color": "000000", "profile_sidebar_fill_color": "686E70", "profile_text_color": "333333", "profile_use_background_image": true, "has_extended_profile": false, "default_profile": false, "default_profile_image": false, "following": false, "follow_request_sent": false, "notifications": false, "translator_type": "none"}, "geo": null, "coordinates": null, "place": null, "contributors": null, "is_quote_status": false, "retweet_count": 0, "favorite_count": 0, "favorited": false, "retweeted": false, "possibly_sensitive": false, "lang": "en"}