{"created_at": "Mon Jul 02 19:30:44 +0000 2018", "id": 1013867586969272326, "id_str": "1013867586969272326", "text": "White House Press Briefing With Press Secretary Sarah Sanders, July 2,\u00a02018 https://t.co/8EiCCuEjHs", "truncated": false, "entities": {"hashtags": [], "symbols": [], "user_mentions": [], "urls": [{"url": "https://t.co/8EiCCuEjHs", "expanded_url": "http://stellasplace1.com/2018/07/02/white-house-press-briefing-with-press-secretary-sarah-sanders-july-2-2018/", "display_url": "stellasplace1.com/2018/07/02/whi\u2026", "indices": [76, 99]}]}, "source": "<a href=\"http://publicize.wp.com/\" rel=\"nofollow\">WordPress.com</a>", "in_reply_to_status_id": null, "in_reply_to_status_id_str": null, "in_reply_to_user_id": null, "in_reply_to_user_id_str": null, "in_reply_to_screen_name": null, "user": {"id": 183961413, "id_str": "183961413", "name": "StellaP", "screen_name": "stellasplace1", "location": "", "description": "", "url": null, "entities": {"description": {"urls": []}}, "protected": false, "followers_count": 203, "friends_count": 439, "listed_count": 11, "created_at": "Sat Aug 28 09:39:35 +0000 2010", "favourites_count": 9447, "utc_offset": null, "time_zone": null, "geo_enabled": false, "verified": false, "statuses_count": 19695, "lang": null, "contributors_enabled": false, "is_translator": false, "is_translation_enabled": false, "profile_background_color": "BADFCD", "profile_background_image_url": "http://abs.twimg.com/images/themes/theme12/bg.gif", "profile_background_image_url_https": "https://abs.twimg.com/images/themes/theme12/bg.gif", "profile_background_tile": false, "profile_image_url": "http://pbs.twimg.com/profile_images/1013476640645632001/d_3pjY42_normal.jpg", "profile_image_url_https": "https://pbs.twimg.com/profile_images/1013476640645632001/d_3pjY42_normal.jpg", "profile_banner_url": "https://pbs.twimg.com/profile_banners/183961413/1537229499", "profile_link_color": "89C9FA", "profile_sidebar_border_color": "000000", "profile_sidebar_fill_color": "000000", "profile_text_color": "000000", "profile_use_background_image": true, "has_extended_profile": false, "default_profile": false, "default_profile_image": false, "following": false, "follow_request_sent": false, "notifications": false, "translator_type": "none"}, "geo": null, "coordinates": null, "place": null, "contributors": null, "is_quote_status": false, "retweet_count": 0, "favorite_count": 2, "favorited": false, "retweeted": false, "possibly_sensitive": false, "lang": "en"}