{"created_at": "Mon Jul 02 20:16:34 +0000 2018", "id": 1013879122811146240, "id_str": "1013879122811146240", "text": "What the hell just happened at the White House briefing? Some Jessica Walters-like lady had a surreal exchange with Sarah Huckabee.", "truncated": false, "entities": {"hashtags": [], "symbols": [], "user_mentions": [], "urls": []}, "source": "<a href=\"http://twitter.com/download/iphone\" rel=\"nofollow\">Twitter for iPhone</a>", "in_reply_to_status_id": null, "in_reply_to_status_id_str": null, "in_reply_to_user_id": null, "in_reply_to_user_id_str": null, "in_reply_to_screen_name": null, "user": {"id": 993312047491375104, "id_str": "993312047491375104", "name": "Beach Bumstress", "screen_name": "JennieBGoode", "location": "Miami, LA, DC", "description": "Be good, get good. SoCal native Army brat. Travel writer. I\u2019m a liberal feminist pinko coastal elite. #BIDENHARRIS2020. Jake Tapper, #DMB, & Chris Hayes = \ud83d\udd25", "url": null, "entities": {"description": {"urls": []}}, "protected": false, "followers_count": 176, "friends_count": 355, "listed_count": 0, "created_at": "Mon May 07 02:10:21 +0000 2018", "favourites_count": 5913, "utc_offset": null, "time_zone": null, "geo_enabled": false, "verified": false, "statuses_count": 1543, "lang": null, "contributors_enabled": false, "is_translator": false, "is_translation_enabled": false, "profile_background_color": "F5F8FA", "profile_background_image_url": null, "profile_background_image_url_https": null, "profile_background_tile": false, "profile_image_url": "http://pbs.twimg.com/profile_images/993312927775158277/N0fWSaGk_normal.jpg", "profile_image_url_https": "https://pbs.twimg.com/profile_images/993312927775158277/N0fWSaGk_normal.jpg", "profile_banner_url": "https://pbs.twimg.com/profile_banners/993312047491375104/1525659294", "profile_link_color": "1DA1F2", "profile_sidebar_border_color": "C0DEED", "profile_sidebar_fill_color": "DDEEF6", "profile_text_color": "333333", "profile_use_background_image": true, "has_extended_profile": true, "default_profile": true, "default_profile_image": false, "following": false, "follow_request_sent": false, "notifications": false, "translator_type": "none"}, "geo": null, "coordinates": null, "place": null, "contributors": null, "is_quote_status": false, "retweet_count": 0, "favorite_count": 1, "favorited": false, "retweeted": false, "lang": "en"}