{"created_at": "Mon Jul 02 20:21:01 +0000 2018", "id": 1013880240689614850, "id_str": "1013880240689614850", "text": "@WhiteHouse briefing with @PressSec live on @OANN: Now! (I watch One America News on @KlowdTelevision.) https://t.co/NUmE90U80t", "truncated": false, "entities": {"hashtags": [], "symbols": [], "user_mentions": [{"screen_name": "WhiteHouse", "name": "The White House", "id": 822215673812119553, "id_str": "822215673812119553", "indices": [0, 11]}, {"screen_name": "PressSec", "name": "Kayleigh McEnany", "id": 818927131883356161, "id_str": "818927131883356161", "indices": [26, 35]}, {"screen_name": "OANN", "name": "One America News", "id": 1209936918, "id_str": "1209936918", "indices": [44, 49]}, {"screen_name": "KlowdTelevision", "name": "KlowdTV", "id": 2688810780, "id_str": "2688810780", "indices": [85, 101]}], "urls": [], "media": [{"id": 1013880234486222850, "id_str": "1013880234486222850", "indices": [104, 127], "media_url": "http://pbs.twimg.com/media/DhIGs5VXUAITx0e.jpg", "media_url_https": "https://pbs.twimg.com/media/DhIGs5VXUAITx0e.jpg", "url": "https://t.co/NUmE90U80t", "display_url": "pic.twitter.com/NUmE90U80t", "expanded_url": "https://twitter.com/NeilWMcCabe/status/1013880240689614850/photo/1", "type": "photo", "sizes": {"thumb": {"w": 150, "h": 150, "resize": "crop"}, "small": {"w": 680, "h": 383, "resize": "fit"}, "large": {"w": 1024, "h": 576, "resize": "fit"}, "medium": {"w": 1024, "h": 576, "resize": "fit"}}}]}, "extended_entities": {"media": [{"id": 1013880234486222850, "id_str": "1013880234486222850", "indices": [104, 127], "media_url": "http://pbs.twimg.com/media/DhIGs5VXUAITx0e.jpg", "media_url_https": "https://pbs.twimg.com/media/DhIGs5VXUAITx0e.jpg", "url": "https://t.co/NUmE90U80t", "display_url": "pic.twitter.com/NUmE90U80t", "expanded_url": "https://twitter.com/NeilWMcCabe/status/1013880240689614850/photo/1", "type": "photo", "sizes": {"thumb": {"w": 150, "h": 150, "resize": "crop"}, "small": {"w": 680, "h": 383, "resize": "fit"}, "large": {"w": 1024, "h": 576, "resize": "fit"}, "medium": {"w": 1024, "h": 576, "resize": "fit"}}}]}, "source": "<a href=\"http://twitter.com/download/iphone\" rel=\"nofollow\">Twitter for iPhone</a>", "in_reply_to_status_id": null, "in_reply_to_status_id_str": null, "in_reply_to_user_id": 822215673812119553, "in_reply_to_user_id_str": "822215673812119553", "in_reply_to_screen_name": "WhiteHouse", "user": {"id": 304988603, "id_str": "304988603", "name": "Neil W. McCabe", "screen_name": "NeilWMcCabe", "location": "Redacted", "description": "Reporter at @OANN Was: @BreitbartNews, @GravisMarketing, @HumanEvents, @TheBostonPilot & combat historian in Iraq. Cell: (617) 230-8710 Uber score: 4.80", "url": "https://t.co/Bs4CNKuinO", "entities": {"url": {"urls": [{"url": "https://t.co/Bs4CNKuinO", "expanded_url": "http://goo.gl/upXP15", "display_url": "goo.gl/upXP15", "indices": [0, 23]}]}, "description": {"urls": []}}, "protected": false, "followers_count": 15587, "friends_count": 7631, "listed_count": 177, "created_at": "Wed May 25 13:09:32 +0000 2011", "favourites_count": 64308, "utc_offset": null, "time_zone": null, "geo_enabled": true, "verified": false, "statuses_count": 102255, "lang": null, "contributors_enabled": false, "is_translator": false, "is_translation_enabled": false, "profile_background_color": "2D8A2D", "profile_background_image_url": "http://abs.twimg.com/images/themes/theme1/bg.png", "profile_background_image_url_https": "https://abs.twimg.com/images/themes/theme1/bg.png", "profile_background_tile": true, "profile_image_url": "http://pbs.twimg.com/profile_images/1474380339/230956_10150254766760923_508175922_9308043_4782130_n_normal.jpg", "profile_image_url_https": "https://pbs.twimg.com/profile_images/1474380339/230956_10150254766760923_508175922_9308043_4782130_n_normal.jpg", "profile_banner_url": "https://pbs.twimg.com/profile_banners/304988603/1492905070", "profile_link_color": "1B95E0", "profile_sidebar_border_color": "000000", "profile_sidebar_fill_color": "7AC3EE", "profile_text_color": "3D1957", "profile_use_background_image": true, "has_extended_profile": true, "default_profile": false, "default_profile_image": false, "following": false, "follow_request_sent": false, "notifications": false, "translator_type": "none"}, "geo": null, "coordinates": null, "place": {"id": "01fbe706f872cb32", "url": "https://api.twitter.com/1.1/geo/id/01fbe706f872cb32.json", "place_type": "city", "name": "Washington", "full_name": "Washington, DC", "country_code": "US", "country": "United States", "contained_within": [], "bounding_box": {"type": "Polygon", "coordinates": [[[-77.119401, 38.801826], [-76.909396, 38.801826], [-76.909396, 38.9953797], [-77.119401, 38.9953797]]]}, "attributes": {}}, "contributors": null, "is_quote_status": false, "retweet_count": 0, "favorite_count": 1, "favorited": false, "retweeted": false, "possibly_sensitive": false, "lang": "en"}