{"created_at": "Mon Jul 02 20:16:49 +0000 2018", "id": 1013879187726393344, "id_str": "1013879187726393344", "text": "DML TV: White House Press Secretary Sarah Sanders holds a briefing (7-2-18) https://t.co/1C04BrJTvL via @realDennisLynch", "truncated": false, "entities": {"hashtags": [], "symbols": [], "user_mentions": [{"screen_name": "realDennisLynch", "name": "Dennis Michael Lynch", "id": 4183248796, "id_str": "4183248796", "indices": [104, 120]}], "urls": [{"url": "https://t.co/1C04BrJTvL", "expanded_url": "http://dennismichaellynch.com/dml-tv-white-house-press-secretary-sarah-sanders-holds-a-briefing-7-2-18/", "display_url": "dennismichaellynch.com/dml-tv-white-h\u2026", "indices": [76, 99]}]}, "source": "<a href=\"http://twitter.com\" rel=\"nofollow\">Twitter Web Client</a>", "in_reply_to_status_id": null, "in_reply_to_status_id_str": null, "in_reply_to_user_id": null, "in_reply_to_user_id_str": null, "in_reply_to_screen_name": null, "user": {"id": 2696389195, "id_str": "2696389195", "name": "Tina J. Clayton", "screen_name": "commandomotc", "location": "", "description": "", "url": null, "entities": {"description": {"urls": []}}, "protected": false, "followers_count": 28, "friends_count": 74, "listed_count": 0, "created_at": "Thu Jul 31 18:45:26 +0000 2014", "favourites_count": 3730, "utc_offset": null, "time_zone": null, "geo_enabled": false, "verified": false, "statuses_count": 4908, "lang": null, "contributors_enabled": false, "is_translator": false, "is_translation_enabled": false, "profile_background_color": "C0DEED", "profile_background_image_url": "http://abs.twimg.com/images/themes/theme1/bg.png", "profile_background_image_url_https": "https://abs.twimg.com/images/themes/theme1/bg.png", "profile_background_tile": false, "profile_image_url": "http://abs.twimg.com/sticky/default_profile_images/default_profile_normal.png", "profile_image_url_https": "https://abs.twimg.com/sticky/default_profile_images/default_profile_normal.png", "profile_link_color": "1DA1F2", "profile_sidebar_border_color": "C0DEED", "profile_sidebar_fill_color": "DDEEF6", "profile_text_color": "333333", "profile_use_background_image": true, "has_extended_profile": false, "default_profile": true, "default_profile_image": true, "following": false, "follow_request_sent": false, "notifications": false, "translator_type": "none"}, "geo": null, "coordinates": null, "place": null, "contributors": null, "is_quote_status": false, "retweet_count": 0, "favorite_count": 0, "favorited": false, "retweeted": false, "possibly_sensitive": false, "lang": "en"}