{"created_at": "Wed Jul 04 15:00:01 +0000 2018", "id": 1014524234478088193, "id_str": "1014524234478088193", "text": "I\u2019ve always found it interesting and curiously appropriate that an informal, on-the-record White House news briefin\u2026 https://t.co/93ZC7pNTHP", "truncated": true, "entities": {"hashtags": [], "symbols": [], "user_mentions": [], "urls": [{"url": "https://t.co/93ZC7pNTHP", "expanded_url": "https://twitter.com/i/web/status/1014524234478088193", "display_url": "twitter.com/i/web/status/1\u2026", "indices": [117, 140]}]}, "source": "<a href=\"https://ads-api.twitter.com\" rel=\"nofollow\">Twitter for Advertisers</a>", "in_reply_to_status_id": null, "in_reply_to_status_id_str": null, "in_reply_to_user_id": null, "in_reply_to_user_id_str": null, "in_reply_to_screen_name": null, "user": {"id": 218027755, "id_str": "218027755", "name": "Todd Cefaratti", "screen_name": "ToddJCefaratti", "location": "Gilbert, Arizona", "description": "Co-Founder/COO https://t.co/GHyCyDdD8J #Drexit #TheOfficerTatum #Blexit #BrandonTatum - Author https://t.co/L0JKvUB5qr #BigTech - UCLA & HBS. Tweets Are Mine.", "url": "https://t.co/hPVsmzOBVe", "entities": {"url": {"urls": [{"url": "https://t.co/hPVsmzOBVe", "expanded_url": "https://TatumReport.com/", "display_url": "TatumReport.com", "indices": [0, 23]}]}, "description": {"urls": [{"url": "https://t.co/GHyCyDdD8J", "expanded_url": "http://TatumReport.com", "display_url": "TatumReport.com", "indices": [15, 38]}, {"url": "https://t.co/L0JKvUB5qr", "expanded_url": "http://BigTechTyrants.com", "display_url": "BigTechTyrants.com", "indices": [95, 118]}]}}, "protected": false, "followers_count": 66970, "friends_count": 9435, "listed_count": 1030, "created_at": "Sun Nov 21 06:23:27 +0000 2010", "favourites_count": 20478, "utc_offset": null, "time_zone": null, "geo_enabled": true, "verified": false, "statuses_count": 74125, "lang": null, "contributors_enabled": false, "is_translator": false, "is_translation_enabled": false, "profile_background_color": "C0DEED", "profile_background_image_url": "http://abs.twimg.com/images/themes/theme1/bg.png", "profile_background_image_url_https": "https://abs.twimg.com/images/themes/theme1/bg.png", "profile_background_tile": true, "profile_image_url": "http://pbs.twimg.com/profile_images/1304603758073188352/7n3ECvFV_normal.jpg", "profile_image_url_https": "https://pbs.twimg.com/profile_images/1304603758073188352/7n3ECvFV_normal.jpg", "profile_banner_url": "https://pbs.twimg.com/profile_banners/218027755/1598239727", "profile_link_color": "1B95E0", "profile_sidebar_border_color": "FFFFFF", "profile_sidebar_fill_color": "DDEEF6", "profile_text_color": "333333", "profile_use_background_image": true, "has_extended_profile": false, "default_profile": false, "default_profile_image": false, "following": false, "follow_request_sent": false, "notifications": false, "translator_type": "none"}, "geo": null, "coordinates": null, "place": null, "contributors": null, "is_quote_status": false, "retweet_count": 1, "favorite_count": 1, "favorited": false, "retweeted": false, "lang": "en"}