{"created_at": "Thu Jul 05 17:19:58 +0000 2018", "id": 1014921845202669574, "id_str": "1014921845202669574", "text": "@davidhogg111 Democrats passed the Assault Weapons ban. Republicans allowed it to expire. Bernie Sanders voted to s\u2026 https://t.co/YR06Bxd3bQ", "truncated": true, "entities": {"hashtags": [], "symbols": [], "user_mentions": [{"screen_name": "davidhogg111", "name": "David Hogg", "id": 1915033663, "id_str": "1915033663", "indices": [0, 13]}], "urls": [{"url": "https://t.co/YR06Bxd3bQ", "expanded_url": "https://twitter.com/i/web/status/1014921845202669574", "display_url": "twitter.com/i/web/status/1\u2026", "indices": [117, 140]}]}, "source": "<a href=\"http://twitter.com/download/android\" rel=\"nofollow\">Twitter for Android</a>", "in_reply_to_status_id": 1014905684008292358, "in_reply_to_status_id_str": "1014905684008292358", "in_reply_to_user_id": 1915033663, "in_reply_to_user_id_str": "1915033663", "in_reply_to_screen_name": "davidhogg111", "user": {"id": 928829323, "id_str": "928829323", "name": "John Smith Chicago", "screen_name": "JohnSmithChgo", "location": "Chicago", "description": "Good ideas shouldn't have a party label. I'm for common sense gun laws. From Ohio, but Chicago is my home. Long time LGBT activist. DePaul grad! #BidenHarris", "url": null, "entities": {"description": {"urls": []}}, "protected": false, "followers_count": 4551, "friends_count": 4547, "listed_count": 37, "created_at": "Tue Nov 06 02:10:59 +0000 2012", "favourites_count": 89127, "utc_offset": null, "time_zone": null, "geo_enabled": true, "verified": false, "statuses_count": 32424, "lang": null, "contributors_enabled": false, "is_translator": false, "is_translation_enabled": false, "profile_background_color": "C0DEED", "profile_background_image_url": "http://abs.twimg.com/images/themes/theme1/bg.png", "profile_background_image_url_https": "https://abs.twimg.com/images/themes/theme1/bg.png", "profile_background_tile": false, "profile_image_url": "http://pbs.twimg.com/profile_images/664547248290836480/gPjYlkbl_normal.jpg", "profile_image_url_https": "https://pbs.twimg.com/profile_images/664547248290836480/gPjYlkbl_normal.jpg", "profile_banner_url": "https://pbs.twimg.com/profile_banners/928829323/1597796535", "profile_link_color": "1DA1F2", "profile_sidebar_border_color": "C0DEED", "profile_sidebar_fill_color": "DDEEF6", "profile_text_color": "333333", "profile_use_background_image": true, "has_extended_profile": true, "default_profile": true, "default_profile_image": false, "following": false, "follow_request_sent": false, "notifications": false, "translator_type": "none"}, "geo": null, "coordinates": null, "place": null, "contributors": null, "is_quote_status": false, "retweet_count": 4, "favorite_count": 22, "favorited": false, "retweeted": false, "lang": "en"}