{"created_at": "Thu Jul 05 15:53:09 +0000 2018", "id": 1014899994015518720, "id_str": "1014899994015518720", "text": "@truth_vs_lies07 @WWmuhammad14 @4th_Division @WMD_Chicago @dotsconnector @LouisFarrakhan @eliznjloc @wesleymuhammad\u2026 https://t.co/BgyeDmRtVj", "truncated": true, "entities": {"hashtags": [], "symbols": [], "user_mentions": [{"screen_name": "truth_vs_lies07", "name": "William", "id": 761692362175373312, "id_str": "761692362175373312", "indices": [0, 16]}, {"screen_name": "WWmuhammad14", "name": "Wendell Muhammad", "id": 2858015639, "id_str": "2858015639", "indices": [17, 30]}, {"screen_name": "4th_Division", "name": "4th_Division_Israel", "id": 771063563767189509, "id_str": "771063563767189509", "indices": [31, 44]}, {"screen_name": "WMD_Chicago", "name": "following Jesus", "id": 4226259793, "id_str": "4226259793", "indices": [45, 57]}, {"screen_name": "dotsconnector", "name": "AbdulHaleem Muhammad", "id": 27791309, "id_str": "27791309", "indices": [58, 72]}, {"screen_name": "LouisFarrakhan", "name": "THE HONORABLE MINISTER LOUIS FARRAKHAN", "id": 273469546, "id_str": "273469546", "indices": [73, 88]}, {"screen_name": "eliznjloc", "name": "Sammie Muhammad", "id": 1391680039, "id_str": "1391680039", "indices": [89, 99]}, {"screen_name": "wesleymuhammad", "name": "Dr. Wesley Muhammad", "id": 107257337, "id_str": "107257337", "indices": [100, 115]}], "urls": [{"url": "https://t.co/BgyeDmRtVj", "expanded_url": "https://twitter.com/i/web/status/1014899994015518720", "display_url": "twitter.com/i/web/status/1\u2026", "indices": [117, 140]}]}, "source": "<a href=\"http://twitter.com/download/android\" rel=\"nofollow\">Twitter for Android</a>", "in_reply_to_status_id": 1014877646533070849, "in_reply_to_status_id_str": "1014877646533070849", "in_reply_to_user_id": 761692362175373312, "in_reply_to_user_id_str": "761692362175373312", "in_reply_to_screen_name": "truth_vs_lies07", "user": {"id": 3300994789, "id_str": "3300994789", "name": "Bro_William", "screen_name": "bbk9491", "location": "", "description": "Isaiah 66:8\u00a0\nWho has ever heard of such things? Who has ever seen things like this? Can a country be born in a day or a nation be brought forth in a moment?", "url": null, "entities": {"description": {"urls": []}}, "protected": false, "followers_count": 1227, "friends_count": 4358, "listed_count": 13, "created_at": "Wed Jul 29 23:30:23 +0000 2015", "favourites_count": 25632, "utc_offset": null, "time_zone": null, "geo_enabled": true, "verified": false, "statuses_count": 26681, "lang": null, "contributors_enabled": false, "is_translator": false, "is_translation_enabled": false, "profile_background_color": "C0DEED", "profile_background_image_url": "http://abs.twimg.com/images/themes/theme1/bg.png", "profile_background_image_url_https": "https://abs.twimg.com/images/themes/theme1/bg.png", "profile_background_tile": false, "profile_image_url": "http://pbs.twimg.com/profile_images/1281210772098633729/tjaM93n4_normal.jpg", "profile_image_url_https": "https://pbs.twimg.com/profile_images/1281210772098633729/tjaM93n4_normal.jpg", "profile_banner_url": "https://pbs.twimg.com/profile_banners/3300994789/1595634119", "profile_link_color": "1DA1F2", "profile_sidebar_border_color": "C0DEED", "profile_sidebar_fill_color": "DDEEF6", "profile_text_color": "333333", "profile_use_background_image": true, "has_extended_profile": false, "default_profile": true, "default_profile_image": false, "following": false, "follow_request_sent": false, "notifications": false, "translator_type": "none"}, "geo": null, "coordinates": null, "place": null, "contributors": null, "is_quote_status": false, "retweet_count": 0, "favorite_count": 0, "favorited": false, "retweeted": false, "possibly_sensitive": false, "lang": "en"}