{"created_at": "Sun Jul 08 16:01:39 +0000 2018", "id": 1015989297076473856, "id_str": "1015989297076473856", "text": "@DanaBashCNN @jaketapper @CNNSotu Well, that was quite the interview with Rudy Giuliani. Is he supposed to be a lawyer?", "truncated": false, "entities": {"hashtags": [], "symbols": [], "user_mentions": [{"screen_name": "DanaBashCNN", "name": "Dana Bash", "id": 108617810, "id_str": "108617810", "indices": [0, 12]}, {"screen_name": "jaketapper", "name": "Jake Tapper", "id": 14529929, "id_str": "14529929", "indices": [13, 24]}, {"screen_name": "CNNSotu", "name": "State of the Union", "id": 17112878, "id_str": "17112878", "indices": [25, 33]}], "urls": []}, "source": "<a href=\"http://twitter.com\" rel=\"nofollow\">Twitter Web Client</a>", "in_reply_to_status_id": 1015940745558216704, "in_reply_to_status_id_str": "1015940745558216704", "in_reply_to_user_id": 108617810, "in_reply_to_user_id_str": "108617810", "in_reply_to_screen_name": "DanaBashCNN", "user": {"id": 63987577, "id_str": "63987577", "name": "Trevor Wade", "screen_name": "Margolispei", "location": "Charlottetown, PEI", "description": "Lover of 70's acoustic guitar, especially John Prine. RUSH rules! I RT music polls.  Montreal Canadiens, Toronto Blue Jays & Toronto Raptors fan! Peace.\ud83c\udde8\ud83c\udde6\ud83c\udfb8", "url": "http://t.co/ukPCP6Kei3", "entities": {"url": {"urls": [{"url": "http://t.co/ukPCP6Kei3", "expanded_url": "http://www.reverbnation.com/trevorwade", "display_url": "reverbnation.com/trevorwade", "indices": [0, 22]}]}, "description": {"urls": []}}, "protected": false, "followers_count": 405, "friends_count": 861, "listed_count": 2, "created_at": "Sat Aug 08 15:47:25 +0000 2009", "favourites_count": 120652, "utc_offset": null, "time_zone": null, "geo_enabled": true, "verified": false, "statuses_count": 7244, "lang": null, "contributors_enabled": false, "is_translator": false, "is_translation_enabled": false, "profile_background_color": "000000", "profile_background_image_url": "http://abs.twimg.com/images/themes/theme14/bg.gif", "profile_background_image_url_https": "https://abs.twimg.com/images/themes/theme14/bg.gif", "profile_background_tile": false, "profile_image_url": "http://pbs.twimg.com/profile_images/1270541986962038784/Vt4_Nx5N_normal.jpg", "profile_image_url_https": "https://pbs.twimg.com/profile_images/1270541986962038784/Vt4_Nx5N_normal.jpg", "profile_banner_url": "https://pbs.twimg.com/profile_banners/63987577/1591756371", "profile_link_color": "ABB8C2", "profile_sidebar_border_color": "000000", "profile_sidebar_fill_color": "000000", "profile_text_color": "000000", "profile_use_background_image": true, "has_extended_profile": true, "default_profile": false, "default_profile_image": false, "following": false, "follow_request_sent": false, "notifications": false, "translator_type": "none"}, "geo": null, "coordinates": null, "place": null, "contributors": null, "is_quote_status": false, "retweet_count": 0, "favorite_count": 2, "favorited": false, "retweeted": false, "lang": "en"}