{"created_at": "Sat Jul 07 17:22:23 +0000 2018", "id": 1015647226129977345, "id_str": "1015647226129977345", "text": "@brianstelter Seriously, can somebody ask Sanders at the next press briefing what the White House\u2019s definition of vetting is?", "truncated": false, "entities": {"hashtags": [], "symbols": [], "user_mentions": [{"screen_name": "brianstelter", "name": "Brian Stelter", "id": 14515799, "id_str": "14515799", "indices": [0, 13]}], "urls": []}, "source": "<a href=\"http://twitter.com/download/iphone\" rel=\"nofollow\">Twitter for iPhone</a>", "in_reply_to_status_id": 1015644759052910593, "in_reply_to_status_id_str": "1015644759052910593", "in_reply_to_user_id": 14515799, "in_reply_to_user_id_str": "14515799", "in_reply_to_screen_name": "brianstelter", "user": {"id": 70412243, "id_str": "70412243", "name": "TJ", "screen_name": "tjohn224", "location": "East Coast", "description": "I come for the news and stay for the comics.", "url": null, "entities": {"description": {"urls": []}}, "protected": false, "followers_count": 92, "friends_count": 307, "listed_count": 3, "created_at": "Mon Aug 31 14:58:14 +0000 2009", "favourites_count": 542, "utc_offset": null, "time_zone": null, "geo_enabled": false, "verified": false, "statuses_count": 4951, "lang": null, "contributors_enabled": false, "is_translator": false, "is_translation_enabled": false, "profile_background_color": "0E5654", "profile_background_image_url": "http://abs.twimg.com/images/themes/theme2/bg.gif", "profile_background_image_url_https": "https://abs.twimg.com/images/themes/theme2/bg.gif", "profile_background_tile": true, "profile_image_url": "http://pbs.twimg.com/profile_images/1192447805/phonebooth2_normal.jpg", "profile_image_url_https": "https://pbs.twimg.com/profile_images/1192447805/phonebooth2_normal.jpg", "profile_banner_url": "https://pbs.twimg.com/profile_banners/70412243/1400512155", "profile_link_color": "1B95E0", "profile_sidebar_border_color": "F3CF86", "profile_sidebar_fill_color": "C6C16C", "profile_text_color": "290A0F", "profile_use_background_image": true, "has_extended_profile": false, "default_profile": false, "default_profile_image": false, "following": false, "follow_request_sent": false, "notifications": false, "translator_type": "none"}, "geo": null, "coordinates": null, "place": null, "contributors": null, "is_quote_status": false, "retweet_count": 0, "favorite_count": 1, "favorited": false, "retweeted": false, "lang": "en"}