{"created_at": "Wed Jul 11 02:17:20 +0000 2018", "id": 1016869014386216960, "id_str": "1016869014386216960", "text": "This week we feature \"Turok Dinosaur Hunter\". Come for the music and stay for the info! Great sounds and lots of me\u2026 https://t.co/ZjwyJLHnHm", "truncated": true, "entities": {"hashtags": [], "symbols": [], "user_mentions": [], "urls": [{"url": "https://t.co/ZjwyJLHnHm", "expanded_url": "https://twitter.com/i/web/status/1016869014386216960", "display_url": "twitter.com/i/web/status/1\u2026", "indices": [117, 140]}]}, "source": "<a href=\"http://instagram.com\" rel=\"nofollow\">Instagram</a>", "in_reply_to_status_id": null, "in_reply_to_status_id_str": null, "in_reply_to_user_id": null, "in_reply_to_user_id_str": null, "in_reply_to_screen_name": null, "user": {"id": 981525841984200705, "id_str": "981525841984200705", "name": "RazorGrid", "screen_name": "RazorGrid", "location": "On The Internet", "description": "Specializing in the awesome 80s, 90s, Cyberpunk, Horror, Sci-fi and Neon. Welcome to the #Razorgrid.\nNow on iTunes", "url": "https://t.co/JM1hiOBlVQ", "entities": {"url": {"urls": [{"url": "https://t.co/JM1hiOBlVQ", "expanded_url": "http://Razorgridpodcast.podbean.com", "display_url": "Razorgridpodcast.podbean.com", "indices": [0, 23]}]}, "description": {"urls": []}}, "protected": false, "followers_count": 44, "friends_count": 48, "listed_count": 1, "created_at": "Wed Apr 04 13:36:11 +0000 2018", "favourites_count": 32, "utc_offset": null, "time_zone": null, "geo_enabled": false, "verified": false, "statuses_count": 1072, "lang": null, "contributors_enabled": false, "is_translator": false, "is_translation_enabled": false, "profile_background_color": "F5F8FA", "profile_background_image_url": null, "profile_background_image_url_https": null, "profile_background_tile": false, "profile_image_url": "http://pbs.twimg.com/profile_images/981533256309862401/qK6Y3sTk_normal.jpg", "profile_image_url_https": "https://pbs.twimg.com/profile_images/981533256309862401/qK6Y3sTk_normal.jpg", "profile_banner_url": "https://pbs.twimg.com/profile_banners/981525841984200705/1522850714", "profile_link_color": "1DA1F2", "profile_sidebar_border_color": "C0DEED", "profile_sidebar_fill_color": "DDEEF6", "profile_text_color": "333333", "profile_use_background_image": true, "has_extended_profile": true, "default_profile": true, "default_profile_image": false, "following": false, "follow_request_sent": false, "notifications": false, "translator_type": "none"}, "geo": null, "coordinates": null, "place": null, "contributors": null, "is_quote_status": false, "retweet_count": 0, "favorite_count": 0, "favorited": false, "retweeted": false, "possibly_sensitive": false, "lang": "en"}