{"created_at": "Tue Jul 10 02:23:20 +0000 2018", "id": 1016508136805490688, "id_str": "1016508136805490688", "text": "@ArletteSaenz Why is the president's criminal attorney present at a Supreme Court nomination?", "truncated": false, "entities": {"hashtags": [], "symbols": [], "user_mentions": [{"screen_name": "ArletteSaenz", "name": "Arlette Saenz", "id": 21878635, "id_str": "21878635", "indices": [0, 13]}], "urls": []}, "source": "<a href=\"http://twitter.com/download/android\" rel=\"nofollow\">Twitter for Android</a>", "in_reply_to_status_id": 1016501465412718592, "in_reply_to_status_id_str": "1016501465412718592", "in_reply_to_user_id": 21878635, "in_reply_to_user_id_str": "21878635", "in_reply_to_screen_name": "ArletteSaenz", "user": {"id": 25288281, "id_str": "25288281", "name": "Dennis", "screen_name": "eXtrudeBG", "location": "The Bay, The Town", "description": "", "url": null, "entities": {"description": {"urls": []}}, "protected": false, "followers_count": 64, "friends_count": 1179, "listed_count": 2, "created_at": "Thu Mar 19 13:12:16 +0000 2009", "favourites_count": 14612, "utc_offset": null, "time_zone": null, "geo_enabled": false, "verified": false, "statuses_count": 1429, "lang": null, "contributors_enabled": false, "is_translator": false, "is_translation_enabled": false, "profile_background_color": "131516", "profile_background_image_url": "http://abs.twimg.com/images/themes/theme14/bg.gif", "profile_background_image_url_https": "https://abs.twimg.com/images/themes/theme14/bg.gif", "profile_background_tile": true, "profile_image_url": "http://pbs.twimg.com/profile_images/760508725106909184/PitliW1q_normal.jpg", "profile_image_url_https": "https://pbs.twimg.com/profile_images/760508725106909184/PitliW1q_normal.jpg", "profile_banner_url": "https://pbs.twimg.com/profile_banners/25288281/1591152956", "profile_link_color": "009999", "profile_sidebar_border_color": "EEEEEE", "profile_sidebar_fill_color": "EFEFEF", "profile_text_color": "333333", "profile_use_background_image": true, "has_extended_profile": false, "default_profile": false, "default_profile_image": false, "following": false, "follow_request_sent": false, "notifications": false, "translator_type": "none"}, "geo": null, "coordinates": null, "place": null, "contributors": null, "is_quote_status": false, "retweet_count": 41, "favorite_count": 294, "favorited": false, "retweeted": false, "lang": "en"}