{"created_at": "Mon Jul 09 00:08:48 +0000 2018", "id": 1016111894602665989, "id_str": "1016111894602665989", "text": "@AirborneChick Exactly! Bernie Sanders has spent 30 years in office pandering to the left and to the right dependin\u2026 https://t.co/RcUGTA3CeQ", "truncated": true, "entities": {"hashtags": [], "symbols": [], "user_mentions": [], "urls": [{"url": "https://t.co/RcUGTA3CeQ", "expanded_url": "https://twitter.com/i/web/status/1016111894602665989", "display_url": "twitter.com/i/web/status/1\u2026", "indices": [117, 140]}]}, "source": "<a href=\"https://mobile.twitter.com\" rel=\"nofollow\">Twitter Web App</a>", "in_reply_to_status_id": null, "in_reply_to_status_id_str": null, "in_reply_to_user_id": null, "in_reply_to_user_id_str": null, "in_reply_to_screen_name": null, "user": {"id": 839188838593540097, "id_str": "839188838593540097", "name": "Selena Adera #BidenHarris2020", "screen_name": "Selena_Adera", "location": "NYC", "description": "The color of my skin is political. My gender is political. My Rights are political. Therefore I am political. | Blocks snitch-tagging.", "url": null, "entities": {"description": {"urls": []}}, "protected": false, "followers_count": 16748, "friends_count": 2689, "listed_count": 47, "created_at": "Tue Mar 07 18:59:45 +0000 2017", "favourites_count": 205751, "utc_offset": null, "time_zone": null, "geo_enabled": false, "verified": false, "statuses_count": 97347, "lang": null, "contributors_enabled": false, "is_translator": false, "is_translation_enabled": false, "profile_background_color": "F5F8FA", "profile_background_image_url": null, "profile_background_image_url_https": null, "profile_background_tile": false, "profile_image_url": "http://pbs.twimg.com/profile_images/1294078838771798018/QoTwwnuk_normal.png", "profile_image_url_https": "https://pbs.twimg.com/profile_images/1294078838771798018/QoTwwnuk_normal.png", "profile_banner_url": "https://pbs.twimg.com/profile_banners/839188838593540097/1597180538", "profile_link_color": "1DA1F2", "profile_sidebar_border_color": "C0DEED", "profile_sidebar_fill_color": "DDEEF6", "profile_text_color": "333333", "profile_use_background_image": true, "has_extended_profile": false, "default_profile": true, "default_profile_image": false, "following": false, "follow_request_sent": false, "notifications": false, "translator_type": "none"}, "geo": null, "coordinates": null, "place": null, "contributors": null, "is_quote_status": false, "retweet_count": 0, "favorite_count": 7, "favorited": false, "retweeted": false, "lang": "en"}