{"created_at": "Fri Jul 13 14:23:53 +0000 2018", "id": 1017776635519619072, "id_str": "1017776635519619072", "text": "@vegaslamb @washingtonpost They would be better off losing access, and do some real reporting and investigating fro\u2026 https://t.co/0hivJZaBJu", "truncated": true, "entities": {"hashtags": [], "symbols": [], "user_mentions": [{"screen_name": "vegaslamb", "name": "J E R R Y L A M B E R T", "id": 53783456, "id_str": "53783456", "indices": [0, 10]}, {"screen_name": "washingtonpost", "name": "The Washington Post", "id": 2467791, "id_str": "2467791", "indices": [11, 26]}], "urls": [{"url": "https://t.co/0hivJZaBJu", "expanded_url": "https://twitter.com/i/web/status/1017776635519619072", "display_url": "twitter.com/i/web/status/1\u2026", "indices": [117, 140]}]}, "source": "<a href=\"http://twitter.com\" rel=\"nofollow\">Twitter Web Client</a>", "in_reply_to_status_id": 1017775767583723520, "in_reply_to_status_id_str": "1017775767583723520", "in_reply_to_user_id": 53783456, "in_reply_to_user_id_str": "53783456", "in_reply_to_screen_name": "vegaslamb", "user": {"id": 54733279, "id_str": "54733279", "name": "\ud83e\udd85Mark Hartig\ud83c\uddfa\ud83c\uddf8", "screen_name": "markhartig", "location": "Tampa, Florida", "description": "\ud83e\udd85Former State Prosecutor and Current Professional Liability Civil Defense Attorney \ud83c\uddfa\ud83c\uddf8 | 95% Approval Rating Among My Own Family. Thank you! | #FSU #Noles", "url": null, "entities": {"description": {"urls": []}}, "protected": false, "followers_count": 1428, "friends_count": 1661, "listed_count": 6, "created_at": "Wed Jul 08 00:16:32 +0000 2009", "favourites_count": 8383, "utc_offset": null, "time_zone": null, "geo_enabled": false, "verified": false, "statuses_count": 11894, "lang": null, "contributors_enabled": false, "is_translator": false, "is_translation_enabled": false, "profile_background_color": "000000", "profile_background_image_url": "http://abs.twimg.com/images/themes/theme14/bg.gif", "profile_background_image_url_https": "https://abs.twimg.com/images/themes/theme14/bg.gif", "profile_background_tile": false, "profile_image_url": "http://pbs.twimg.com/profile_images/828367935924224002/9vnna-8F_normal.jpg", "profile_image_url_https": "https://pbs.twimg.com/profile_images/828367935924224002/9vnna-8F_normal.jpg", "profile_banner_url": "https://pbs.twimg.com/profile_banners/54733279/1514843567", "profile_link_color": "782F40", "profile_sidebar_border_color": "000000", "profile_sidebar_fill_color": "000000", "profile_text_color": "000000", "profile_use_background_image": false, "has_extended_profile": true, "default_profile": false, "default_profile_image": false, "following": false, "follow_request_sent": false, "notifications": false, "translator_type": "none"}, "geo": null, "coordinates": null, "place": null, "contributors": null, "is_quote_status": false, "retweet_count": 5, "favorite_count": 35, "favorited": false, "retweeted": false, "lang": "en"}