{"created_at": "Fri Jul 13 13:19:56 +0000 2018", "id": 1017760540213555202, "id_str": "1017760540213555202", "text": "@_Progressives_ @jbfunk @cenkuygur Yes, the voting record where he voted against immigration reform, Russian sancti\u2026 https://t.co/kYoLaNWNgk", "truncated": true, "entities": {"hashtags": [], "symbols": [], "user_mentions": [{"screen_name": "_Progressives_", "name": "TheProgressiveParty", "id": 720641675870212096, "id_str": "720641675870212096", "indices": [0, 15]}, {"screen_name": "jbfunk", "name": "jbfunk", "id": 16319121, "id_str": "16319121", "indices": [16, 23]}, {"screen_name": "cenkuygur", "name": "Cenk Uygur", "id": 429227921, "id_str": "429227921", "indices": [24, 34]}], "urls": [{"url": "https://t.co/kYoLaNWNgk", "expanded_url": "https://twitter.com/i/web/status/1017760540213555202", "display_url": "twitter.com/i/web/status/1\u2026", "indices": [117, 140]}]}, "source": "<a href=\"http://twitter.com/download/iphone\" rel=\"nofollow\">Twitter for iPhone</a>", "in_reply_to_status_id": 1017760237825200128, "in_reply_to_status_id_str": "1017760237825200128", "in_reply_to_user_id": 720641675870212096, "in_reply_to_user_id_str": "720641675870212096", "in_reply_to_screen_name": "_Progressives_", "user": {"id": 838595784207708160, "id_str": "838595784207708160", "name": "RoyCohnsGhost", "screen_name": "DmitrysPlane", "location": "", "description": "Carbon-Based Lifeform", "url": null, "entities": {"description": {"urls": []}}, "protected": false, "followers_count": 1785, "friends_count": 1039, "listed_count": 31, "created_at": "Mon Mar 06 03:43:10 +0000 2017", "favourites_count": 97137, "utc_offset": null, "time_zone": null, "geo_enabled": false, "verified": false, "statuses_count": 72021, "lang": null, "contributors_enabled": false, "is_translator": false, "is_translation_enabled": false, "profile_background_color": "F5F8FA", "profile_background_image_url": null, "profile_background_image_url_https": null, "profile_background_tile": false, "profile_image_url": "http://pbs.twimg.com/profile_images/1303908801431638016/Zdz90FOY_normal.jpg", "profile_image_url_https": "https://pbs.twimg.com/profile_images/1303908801431638016/Zdz90FOY_normal.jpg", "profile_banner_url": "https://pbs.twimg.com/profile_banners/838595784207708160/1599711012", "profile_link_color": "1DA1F2", "profile_sidebar_border_color": "C0DEED", "profile_sidebar_fill_color": "DDEEF6", "profile_text_color": "333333", "profile_use_background_image": true, "has_extended_profile": false, "default_profile": true, "default_profile_image": false, "following": false, "follow_request_sent": false, "notifications": false, "translator_type": "none"}, "geo": null, "coordinates": null, "place": null, "contributors": null, "is_quote_status": false, "retweet_count": 0, "favorite_count": 0, "favorited": false, "retweeted": false, "lang": "en"}