{"created_at": "Thu Jul 12 03:26:52 +0000 2018", "id": 1017248901492027392, "id_str": "1017248901492027392", "text": "#1010WINS John Schnatter, the founder and public face of Papa John's Pizza, has stepped down as chairman of the boa\u2026 https://t.co/fKosaF3kh0", "truncated": true, "entities": {"hashtags": [{"text": "1010WINS", "indices": [0, 9]}], "symbols": [], "user_mentions": [], "urls": [{"url": "https://t.co/fKosaF3kh0", "expanded_url": "https://twitter.com/i/web/status/1017248901492027392", "display_url": "twitter.com/i/web/status/1\u2026", "indices": [117, 140]}]}, "source": "<a href=\"http://twitter.com\" rel=\"nofollow\">Twitter Web Client</a>", "in_reply_to_status_id": null, "in_reply_to_status_id_str": null, "in_reply_to_user_id": null, "in_reply_to_user_id_str": null, "in_reply_to_screen_name": null, "user": {"id": 1616518489, "id_str": "1616518489", "name": "JackC", "screen_name": "RadioNY1010", "location": "", "description": "1010 WINS Editor Extraordinaire witth a love of the Yankees, Jets (groan),  Rangers, Cardinal Hayes,  a good Scotch, long vacations, & all things Da Bronx :)", "url": null, "entities": {"description": {"urls": []}}, "protected": false, "followers_count": 550, "friends_count": 280, "listed_count": 13, "created_at": "Wed Jul 24 01:18:48 +0000 2013", "favourites_count": 11532, "utc_offset": null, "time_zone": null, "geo_enabled": false, "verified": false, "statuses_count": 7947, "lang": null, "contributors_enabled": false, "is_translator": false, "is_translation_enabled": false, "profile_background_color": "C0DEED", "profile_background_image_url": "http://abs.twimg.com/images/themes/theme1/bg.png", "profile_background_image_url_https": "https://abs.twimg.com/images/themes/theme1/bg.png", "profile_background_tile": false, "profile_image_url": "http://pbs.twimg.com/profile_images/604439209294872576/een5Gzzz_normal.jpg", "profile_image_url_https": "https://pbs.twimg.com/profile_images/604439209294872576/een5Gzzz_normal.jpg", "profile_link_color": "1DA1F2", "profile_sidebar_border_color": "C0DEED", "profile_sidebar_fill_color": "DDEEF6", "profile_text_color": "333333", "profile_use_background_image": true, "has_extended_profile": false, "default_profile": true, "default_profile_image": false, "following": false, "follow_request_sent": false, "notifications": false, "translator_type": "none"}, "geo": null, "coordinates": null, "place": null, "contributors": null, "is_quote_status": false, "retweet_count": 2, "favorite_count": 4, "favorited": false, "retweeted": false, "lang": "en"}