{"created_at": "Wed Jul 11 15:20:41 +0000 2018", "id": 1017066153758240768, "id_str": "1017066153758240768", "text": "@whca do you think the White House will ever have another press briefing?", "truncated": false, "entities": {"hashtags": [], "symbols": [], "user_mentions": [{"screen_name": "whca", "name": "WHCA", "id": 19867003, "id_str": "19867003", "indices": [0, 5]}], "urls": []}, "source": "<a href=\"http://twitter.com/download/android\" rel=\"nofollow\">Twitter for Android</a>", "in_reply_to_status_id": null, "in_reply_to_status_id_str": null, "in_reply_to_user_id": 19867003, "in_reply_to_user_id_str": "19867003", "in_reply_to_screen_name": "whca", "user": {"id": 984949383748714496, "id_str": "984949383748714496", "name": "Blue California Native", "screen_name": "WFPBLifer", "location": "Roaming Gypsy, Carpe Diem", "description": "Curious Passionate Whole Food Plant-based Animal Loving Peaceful Evolving Creature.\nThe ones that matter most are the children. - Lakota proverb", "url": null, "entities": {"description": {"urls": []}}, "protected": false, "followers_count": 1686, "friends_count": 2069, "listed_count": 0, "created_at": "Sat Apr 14 00:20:07 +0000 2018", "favourites_count": 85591, "utc_offset": null, "time_zone": null, "geo_enabled": false, "verified": false, "statuses_count": 22231, "lang": null, "contributors_enabled": false, "is_translator": false, "is_translation_enabled": false, "profile_background_color": "F5F8FA", "profile_background_image_url": null, "profile_background_image_url_https": null, "profile_background_tile": false, "profile_image_url": "http://pbs.twimg.com/profile_images/1058094270710575104/QbQ3pfW0_normal.jpg", "profile_image_url_https": "https://pbs.twimg.com/profile_images/1058094270710575104/QbQ3pfW0_normal.jpg", "profile_banner_url": "https://pbs.twimg.com/profile_banners/984949383748714496/1598297995", "profile_link_color": "1DA1F2", "profile_sidebar_border_color": "C0DEED", "profile_sidebar_fill_color": "DDEEF6", "profile_text_color": "333333", "profile_use_background_image": true, "has_extended_profile": false, "default_profile": true, "default_profile_image": false, "following": false, "follow_request_sent": false, "notifications": false, "translator_type": "none"}, "geo": null, "coordinates": null, "place": null, "contributors": null, "is_quote_status": false, "retweet_count": 0, "favorite_count": 0, "favorited": false, "retweeted": false, "lang": "en"}