{"created_at": "Mon Jul 16 02:49:06 +0000 2018", "id": 1018688948787245057, "id_str": "1018688948787245057", "text": "WH Hits Back at CNN's Jake Tapper Over John Bolton Interview Flap | https://t.co/Tt9SItt9Gu https://t.co/TNcp5QwDyV via @Newsmax", "truncated": false, "entities": {"hashtags": [], "symbols": [], "user_mentions": [{"screen_name": "newsmax", "name": "Newsmax", "id": 20545835, "id_str": "20545835", "indices": [120, 128]}], "urls": [{"url": "https://t.co/Tt9SItt9Gu", "expanded_url": "http://Newsmax.com", "display_url": "Newsmax.com", "indices": [68, 91]}, {"url": "https://t.co/TNcp5QwDyV", "expanded_url": "https://www.newsmax.com/politics/jake-tapper-cnn-white-house-donald-trump/2018/07/14/id/871721/", "display_url": "newsmax.com/politics/jake-\u2026", "indices": [92, 115]}]}, "source": "<a href=\"http://twitter.com\" rel=\"nofollow\">Twitter Web Client</a>", "in_reply_to_status_id": null, "in_reply_to_status_id_str": null, "in_reply_to_user_id": null, "in_reply_to_user_id_str": null, "in_reply_to_screen_name": null, "user": {"id": 26181751, "id_str": "26181751", "name": "David Wedding", "screen_name": "hdwrench51", "location": "Horizon City, TX USA", "description": "God Fearing, Gun Loving, Love of Country Conservative!\n#MAGA #TRUMP2020", "url": null, "entities": {"description": {"urls": []}}, "protected": false, "followers_count": 965, "friends_count": 1417, "listed_count": 14, "created_at": "Tue Mar 24 05:02:05 +0000 2009", "favourites_count": 15187, "utc_offset": null, "time_zone": null, "geo_enabled": true, "verified": false, "statuses_count": 77289, "lang": null, "contributors_enabled": false, "is_translator": false, "is_translation_enabled": false, "profile_background_color": "000000", "profile_background_image_url": "http://abs.twimg.com/images/themes/theme1/bg.png", "profile_background_image_url_https": "https://abs.twimg.com/images/themes/theme1/bg.png", "profile_background_tile": false, "profile_image_url": "http://pbs.twimg.com/profile_images/1232133311063101440/4ypwq79H_normal.jpg", "profile_image_url_https": "https://pbs.twimg.com/profile_images/1232133311063101440/4ypwq79H_normal.jpg", "profile_banner_url": "https://pbs.twimg.com/profile_banners/26181751/1421441958", "profile_link_color": "DD2E44", "profile_sidebar_border_color": "000000", "profile_sidebar_fill_color": "000000", "profile_text_color": "000000", "profile_use_background_image": false, "has_extended_profile": true, "default_profile": false, "default_profile_image": false, "following": false, "follow_request_sent": false, "notifications": false, "translator_type": "none"}, "geo": null, "coordinates": null, "place": null, "contributors": null, "is_quote_status": false, "retweet_count": 0, "favorite_count": 0, "favorited": false, "retweeted": false, "possibly_sensitive": false, "lang": "en"}