{"created_at": "Mon Jul 16 15:30:04 +0000 2018", "id": 1018880453477060608, "id_str": "1018880453477060608", "text": "Twice-Deported Mexican Lived Stolen US Life for 30 Years | https://t.co/mSAsZXBsgd https://t.co/mcBrZRd5ri via @Newsmax", "truncated": false, "entities": {"hashtags": [], "symbols": [], "user_mentions": [{"screen_name": "newsmax", "name": "Newsmax", "id": 20545835, "id_str": "20545835", "indices": [111, 119]}], "urls": [{"url": "https://t.co/mSAsZXBsgd", "expanded_url": "http://Newsmax.com", "display_url": "Newsmax.com", "indices": [59, 82]}, {"url": "https://t.co/mcBrZRd5ri", "expanded_url": "https://www.newsmax.com/thewire/mexican-stolen-us-life/2018/07/16/id/871831/", "display_url": "newsmax.com/thewire/mexica\u2026", "indices": [83, 106]}]}, "source": "<a href=\"http://twitter.com\" rel=\"nofollow\">Twitter Web Client</a>", "in_reply_to_status_id": null, "in_reply_to_status_id_str": null, "in_reply_to_user_id": null, "in_reply_to_user_id_str": null, "in_reply_to_screen_name": null, "user": {"id": 16494919, "id_str": "16494919", "name": "Kimberly Willingham Hubbard", "screen_name": "kimiwillingham", "location": "DC * VA * TX", "description": "Author of \u201cCrowned in Promise\" \ud83d\udc51 Order below! Press for @RepLouieGohmert, @FoxNews Alum, Texan, Baylor Grad, Christian, Wife, Mommy \ud83d\udc97  Views = my own", "url": "https://t.co/1GESJBRhnv", "entities": {"url": {"urls": [{"url": "https://t.co/1GESJBRhnv", "expanded_url": "https://www.amazon.com/Crowned-Promise-Prayers-Your-Children/dp/1642933821", "display_url": "amazon.com/Crowned-Promis\u2026", "indices": [0, 23]}]}, "description": {"urls": []}}, "protected": false, "followers_count": 4303, "friends_count": 4906, "listed_count": 97, "created_at": "Sun Sep 28 03:41:44 +0000 2008", "favourites_count": 3027, "utc_offset": null, "time_zone": null, "geo_enabled": false, "verified": false, "statuses_count": 28193, "lang": null, "contributors_enabled": false, "is_translator": false, "is_translation_enabled": false, "profile_background_color": "000000", "profile_background_image_url": "http://abs.twimg.com/images/themes/theme6/bg.gif", "profile_background_image_url_https": "https://abs.twimg.com/images/themes/theme6/bg.gif", "profile_background_tile": true, "profile_image_url": "http://pbs.twimg.com/profile_images/1227697060742299648/7Zxe9xkG_normal.jpg", "profile_image_url_https": "https://pbs.twimg.com/profile_images/1227697060742299648/7Zxe9xkG_normal.jpg", "profile_banner_url": "https://pbs.twimg.com/profile_banners/16494919/1588360645", "profile_link_color": "19CF86", "profile_sidebar_border_color": "000000", "profile_sidebar_fill_color": "000000", "profile_text_color": "000000", "profile_use_background_image": true, "has_extended_profile": false, "default_profile": false, "default_profile_image": false, "following": false, "follow_request_sent": false, "notifications": false, "translator_type": "none"}, "geo": null, "coordinates": null, "place": null, "contributors": null, "is_quote_status": false, "retweet_count": 0, "favorite_count": 0, "favorited": false, "retweeted": false, "possibly_sensitive": false, "lang": "en"}