{"created_at": "Mon Jul 16 14:38:52 +0000 2018", "id": 1018867568180772865, "id_str": "1018867568180772865", "text": "https://t.co/d9jHDSKKgX Fox News Tries to Explain Away Indictments of 12 Russian Military Officials: Fox News, full\u2026 https://t.co/2kdin5Zk7f", "truncated": true, "entities": {"hashtags": [], "symbols": [], "user_mentions": [], "urls": [{"url": "https://t.co/d9jHDSKKgX", "expanded_url": "http://freethoughtblogs.com", "display_url": "freethoughtblogs.com", "indices": [0, 23]}, {"url": "https://t.co/2kdin5Zk7f", "expanded_url": "https://twitter.com/i/web/status/1018867568180772865", "display_url": "twitter.com/i/web/status/1\u2026", "indices": [117, 140]}]}, "source": "<a href=\"https://dlvrit.com/\" rel=\"nofollow\">dlvr.it</a>", "in_reply_to_status_id": null, "in_reply_to_status_id_str": null, "in_reply_to_user_id": null, "in_reply_to_user_id_str": null, "in_reply_to_screen_name": null, "user": {"id": 412327246, "id_str": "412327246", "name": "Atheist Feed", "screen_name": "AtheistFeedz", "location": "", "description": "Tweeting stuff by atheists", "url": "http://t.co/qIL9GYjZMD", "entities": {"url": {"urls": [{"url": "http://t.co/qIL9GYjZMD", "expanded_url": "http://atheistfeed.blogspot.com", "display_url": "atheistfeed.blogspot.com", "indices": [0, 22]}]}, "description": {"urls": []}}, "protected": false, "followers_count": 1214, "friends_count": 1, "listed_count": 62, "created_at": "Mon Nov 14 15:03:03 +0000 2011", "favourites_count": 0, "utc_offset": null, "time_zone": null, "geo_enabled": false, "verified": false, "statuses_count": 123939, "lang": null, "contributors_enabled": false, "is_translator": false, "is_translation_enabled": false, "profile_background_color": "C0DEED", "profile_background_image_url": "http://abs.twimg.com/images/themes/theme1/bg.png", "profile_background_image_url_https": "https://abs.twimg.com/images/themes/theme1/bg.png", "profile_background_tile": false, "profile_image_url": "http://pbs.twimg.com/profile_images/1638725651/AtheistFeed_normal.png", "profile_image_url_https": "https://pbs.twimg.com/profile_images/1638725651/AtheistFeed_normal.png", "profile_link_color": "1DA1F2", "profile_sidebar_border_color": "C0DEED", "profile_sidebar_fill_color": "DDEEF6", "profile_text_color": "333333", "profile_use_background_image": true, "has_extended_profile": false, "default_profile": true, "default_profile_image": false, "following": false, "follow_request_sent": false, "notifications": false, "translator_type": "none"}, "geo": null, "coordinates": null, "place": null, "contributors": null, "is_quote_status": false, "retweet_count": 0, "favorite_count": 0, "favorited": false, "retweeted": false, "possibly_sensitive": false, "lang": "en"}