{"created_at": "Sat Jul 14 17:05:49 +0000 2018", "id": 1018179771564511232, "id_str": "1018179771564511232", "text": "Now I wonder whether Gordon Anglesea knew Alun Talfan Davies who was a founder member and vice-chairman of the HTV\u2026 https://t.co/NHkup6EraN", "truncated": true, "entities": {"hashtags": [], "symbols": [], "user_mentions": [], "urls": [{"url": "https://t.co/NHkup6EraN", "expanded_url": "https://twitter.com/i/web/status/1018179771564511232", "display_url": "twitter.com/i/web/status/1\u2026", "indices": [116, 139]}]}, "source": "<a href=\"http://twitter.com/download/android\" rel=\"nofollow\">Twitter for Android</a>", "in_reply_to_status_id": 1018174812731138048, "in_reply_to_status_id_str": "1018174812731138048", "in_reply_to_user_id": 980714168, "in_reply_to_user_id_str": "980714168", "in_reply_to_screen_name": "ciabaudo", "user": {"id": 980714168, "id_str": "980714168", "name": "Dame Alun Roberts", "screen_name": "ciabaudo", "location": "Rietberg. Or is it Reitberg? ", "description": "Writer of forensic threads ...", "url": null, "entities": {"description": {"urls": []}}, "protected": false, "followers_count": 13492, "friends_count": 1154, "listed_count": 143, "created_at": "Fri Nov 30 15:48:23 +0000 2012", "favourites_count": 82477, "utc_offset": null, "time_zone": null, "geo_enabled": true, "verified": false, "statuses_count": 284532, "lang": null, "contributors_enabled": false, "is_translator": false, "is_translation_enabled": false, "profile_background_color": "C0DEED", "profile_background_image_url": "http://abs.twimg.com/images/themes/theme1/bg.png", "profile_background_image_url_https": "https://abs.twimg.com/images/themes/theme1/bg.png", "profile_background_tile": false, "profile_image_url": "http://pbs.twimg.com/profile_images/2919921602/21fe4ee35888dbb8728b1d764f64418c_normal.jpeg", "profile_image_url_https": "https://pbs.twimg.com/profile_images/2919921602/21fe4ee35888dbb8728b1d764f64418c_normal.jpeg", "profile_banner_url": "https://pbs.twimg.com/profile_banners/980714168/1499684137", "profile_link_color": "1DA1F2", "profile_sidebar_border_color": "C0DEED", "profile_sidebar_fill_color": "DDEEF6", "profile_text_color": "333333", "profile_use_background_image": true, "has_extended_profile": false, "default_profile": true, "default_profile_image": false, "following": false, "follow_request_sent": false, "notifications": false, "translator_type": "none"}, "geo": null, "coordinates": null, "place": {"id": "c82d9e53ae03d753", "url": "https://api.twitter.com/1.1/geo/id/c82d9e53ae03d753.json", "place_type": "city", "name": "Rietberg", "full_name": "Rietberg, Deutschland", "country_code": "DE", "country": "Germany", "contained_within": [], "bounding_box": {"type": "Polygon", "coordinates": [[[8.33321, 51.717419], [8.533875, 51.717419], [8.533875, 51.87618], [8.33321, 51.87618]]]}, "attributes": {}}, "contributors": null, "is_quote_status": false, "retweet_count": 3, "favorite_count": 2, "favorited": false, "retweeted": false, "lang": "en"}