{"created_at": "Sun Jul 15 00:13:32 +0000 2018", "id": 1018287411082625024, "id_str": "1018287411082625024", "text": "Instead of airing White House briefings or Trump news conferences live, record them and then set staff to an hour a\u2026 https://t.co/AH8Wks1xFd", "truncated": true, "entities": {"hashtags": [], "symbols": [], "user_mentions": [], "urls": [{"url": "https://t.co/AH8Wks1xFd", "expanded_url": "https://twitter.com/i/web/status/1018287411082625024", "display_url": "twitter.com/i/web/status/1\u2026", "indices": [117, 140]}]}, "source": "<a href=\"http://twitter.com/download/iphone\" rel=\"nofollow\">Twitter for iPhone</a>", "in_reply_to_status_id": 1018287135311290369, "in_reply_to_status_id_str": "1018287135311290369", "in_reply_to_user_id": 15413409, "in_reply_to_user_id_str": "15413409", "in_reply_to_screen_name": "bixtweets", "user": {"id": 15413409, "id_str": "15413409", "name": "Bix Tweets", "screen_name": "bixtweets", "location": "St. Johns, Oregon", "description": "The unsupported use case of a mediocre, #ActuallyAutistic midlife in St. Johns, Oregon\u2014now with added global pandemic.", "url": "https://t.co/cVnhNjFO2E", "entities": {"url": {"urls": [{"url": "https://t.co/cVnhNjFO2E", "expanded_url": "https://slow.dog", "display_url": "slow.dog", "indices": [0, 23]}]}, "description": {"urls": []}}, "protected": false, "followers_count": 2313, "friends_count": 85, "listed_count": 298, "created_at": "Sun Jul 13 09:07:11 +0000 2008", "favourites_count": 49606, "utc_offset": null, "time_zone": null, "geo_enabled": true, "verified": false, "statuses_count": 349694, "lang": null, "contributors_enabled": false, "is_translator": false, "is_translation_enabled": false, "profile_background_color": "F6F6F6", "profile_background_image_url": "http://abs.twimg.com/images/themes/theme1/bg.png", "profile_background_image_url_https": "https://abs.twimg.com/images/themes/theme1/bg.png", "profile_background_tile": false, "profile_image_url": "http://pbs.twimg.com/profile_images/1303923173394509832/Qjekghu-_normal.jpg", "profile_image_url_https": "https://pbs.twimg.com/profile_images/1303923173394509832/Qjekghu-_normal.jpg", "profile_banner_url": "https://pbs.twimg.com/profile_banners/15413409/1536545834", "profile_link_color": "4065C5", "profile_sidebar_border_color": "FFFFFF", "profile_sidebar_fill_color": "999999", "profile_text_color": "000000", "profile_use_background_image": false, "has_extended_profile": true, "default_profile": false, "default_profile_image": false, "following": false, "follow_request_sent": false, "notifications": false, "translator_type": "none"}, "geo": null, "coordinates": null, "place": {"id": "ac88a4f17a51c7fc", "url": "https://api.twitter.com/1.1/geo/id/ac88a4f17a51c7fc.json", "place_type": "city", "name": "Portland", "full_name": "Portland, OR", "country_code": "US", "country": "United States", "contained_within": [], "bounding_box": {"type": "Polygon", "coordinates": [[[-122.7900653, 45.421863], [-122.471751, 45.421863], [-122.471751, 45.6509405], [-122.7900653, 45.6509405]]]}, "attributes": {}}, "contributors": null, "is_quote_status": false, "retweet_count": 0, "favorite_count": 1, "favorited": false, "retweeted": false, "lang": "en"}