{"created_at": "Sun Jul 15 15:55:40 +0000 2018", "id": 1018524507504611328, "id_str": "1018524507504611328", "text": "Trump's NATO Remarks Prompts Pentagon 'Damage Control' | https://t.co/R7FEWaaFSR https://t.co/MaYBN4AcfH via\u2026 https://t.co/AwnF9ucdld", "truncated": true, "entities": {"hashtags": [], "symbols": [], "user_mentions": [], "urls": [{"url": "https://t.co/R7FEWaaFSR", "expanded_url": "http://Newsmax.com", "display_url": "Newsmax.com", "indices": [57, 80]}, {"url": "https://t.co/MaYBN4AcfH", "expanded_url": "https://www.newsmax.com/politics/pentagon-trump-damage-control-nato/2018/07/13/id/871481/#", "display_url": "newsmax.com/politics/penta\u2026", "indices": [81, 104]}, {"url": "https://t.co/AwnF9ucdld", "expanded_url": "https://twitter.com/i/web/status/1018524507504611328", "display_url": "twitter.com/i/web/status/1\u2026", "indices": [110, 133]}]}, "source": "<a href=\"http://twitter.com\" rel=\"nofollow\">Twitter Web Client</a>", "in_reply_to_status_id": null, "in_reply_to_status_id_str": null, "in_reply_to_user_id": null, "in_reply_to_user_id_str": null, "in_reply_to_screen_name": null, "user": {"id": 136278010, "id_str": "136278010", "name": "Lookout", "screen_name": "plagueonyou", "location": "South Africa", "description": "Libertarian. Like straight talkers hate duplicity Literate so never need foul language.", "url": null, "entities": {"description": {"urls": []}}, "protected": false, "followers_count": 61, "friends_count": 168, "listed_count": 3, "created_at": "Fri Apr 23 13:48:00 +0000 2010", "favourites_count": 2313, "utc_offset": null, "time_zone": null, "geo_enabled": true, "verified": false, "statuses_count": 21689, "lang": null, "contributors_enabled": false, "is_translator": false, "is_translation_enabled": false, "profile_background_color": "000000", "profile_background_image_url": "http://abs.twimg.com/images/themes/theme1/bg.png", "profile_background_image_url_https": "https://abs.twimg.com/images/themes/theme1/bg.png", "profile_background_tile": false, "profile_image_url": "http://pbs.twimg.com/profile_images/816644251249496065/f_jp2pIe_normal.jpg", "profile_image_url_https": "https://pbs.twimg.com/profile_images/816644251249496065/f_jp2pIe_normal.jpg", "profile_link_color": "E81C4F", "profile_sidebar_border_color": "000000", "profile_sidebar_fill_color": "000000", "profile_text_color": "000000", "profile_use_background_image": false, "has_extended_profile": false, "default_profile": false, "default_profile_image": false, "following": false, "follow_request_sent": false, "notifications": false, "translator_type": "none"}, "geo": null, "coordinates": null, "place": null, "contributors": null, "is_quote_status": false, "retweet_count": 0, "favorite_count": 0, "favorited": false, "retweeted": false, "possibly_sensitive": false, "lang": "en"}