{"created_at": "Mon Jul 16 10:36:31 +0000 2018", "id": 1018806578353451010, "id_str": "1018806578353451010", "text": "Report Says Colorado School Shooter Sought Revenge | https://t.co/wcfaShZSql \nhttps://t.co/8LbIE9JQ7V", "truncated": false, "entities": {"hashtags": [], "symbols": [], "user_mentions": [], "urls": [{"url": "https://t.co/wcfaShZSql", "expanded_url": "http://Newsmax.com", "display_url": "Newsmax.com", "indices": [53, 76]}, {"url": "https://t.co/8LbIE9JQ7V", "expanded_url": "http://urq.me/0CVdgwNr", "display_url": "urq.me/0CVdgwNr", "indices": [78, 101]}]}, "source": "<a href=\"https://mobile.twitter.com\" rel=\"nofollow\">Twitter Web App</a>", "in_reply_to_status_id": null, "in_reply_to_status_id_str": null, "in_reply_to_user_id": null, "in_reply_to_user_id_str": null, "in_reply_to_screen_name": null, "user": {"id": 993510631755124737, "id_str": "993510631755124737", "name": "suezcanalman", "screen_name": "Saf3_Watch", "location": "Boston, MA", "description": "Keep the streets gun free!", "url": null, "entities": {"description": {"urls": []}}, "protected": false, "followers_count": 21, "friends_count": 222, "listed_count": 0, "created_at": "Mon May 07 15:19:27 +0000 2018", "favourites_count": 0, "utc_offset": null, "time_zone": null, "geo_enabled": false, "verified": false, "statuses_count": 3940, "lang": null, "contributors_enabled": false, "is_translator": false, "is_translation_enabled": false, "profile_background_color": "F5F8FA", "profile_background_image_url": null, "profile_background_image_url_https": null, "profile_background_tile": false, "profile_image_url": "http://pbs.twimg.com/profile_images/993512324148482048/KxkSrZTR_normal.jpg", "profile_image_url_https": "https://pbs.twimg.com/profile_images/993512324148482048/KxkSrZTR_normal.jpg", "profile_banner_url": "https://pbs.twimg.com/profile_banners/993510631755124737/1525706753", "profile_link_color": "1DA1F2", "profile_sidebar_border_color": "C0DEED", "profile_sidebar_fill_color": "DDEEF6", "profile_text_color": "333333", "profile_use_background_image": true, "has_extended_profile": false, "default_profile": true, "default_profile_image": false, "following": false, "follow_request_sent": false, "notifications": false, "translator_type": "none"}, "geo": null, "coordinates": null, "place": null, "contributors": null, "is_quote_status": false, "retweet_count": 0, "favorite_count": 0, "favorited": false, "retweeted": false, "possibly_sensitive": false, "lang": "en"}