{"created_at": "Wed Jul 18 14:45:15 +0000 2018", "id": 1019593950477373440, "id_str": "1019593950477373440", "text": "Read the Transcript of Obama\u2019s Speech Defending Democracy https://t.co/shxpTNmEVd", "truncated": false, "entities": {"hashtags": [], "symbols": [], "user_mentions": [], "urls": [{"url": "https://t.co/shxpTNmEVd", "expanded_url": "https://nyti.ms/2NV3ZMu", "display_url": "nyti.ms/2NV3ZMu", "indices": [58, 81]}]}, "source": "<a href=\"http://twitter.com\" rel=\"nofollow\">Twitter Web Client</a>", "in_reply_to_status_id": null, "in_reply_to_status_id_str": null, "in_reply_to_user_id": null, "in_reply_to_user_id_str": null, "in_reply_to_screen_name": null, "user": {"id": 18162008, "id_str": "18162008", "name": "maddoglove", "screen_name": "maddoglove", "location": "Philadelphia, PA USA", "description": "Awesome Film Professional!  Have laptop will travel!", "url": null, "entities": {"description": {"urls": []}}, "protected": false, "followers_count": 132, "friends_count": 632, "listed_count": 4, "created_at": "Tue Dec 16 13:34:11 +0000 2008", "favourites_count": 439, "utc_offset": null, "time_zone": null, "geo_enabled": true, "verified": false, "statuses_count": 682, "lang": null, "contributors_enabled": false, "is_translator": false, "is_translation_enabled": false, "profile_background_color": "352726", "profile_background_image_url": "http://abs.twimg.com/images/themes/theme5/bg.gif", "profile_background_image_url_https": "https://abs.twimg.com/images/themes/theme5/bg.gif", "profile_background_tile": true, "profile_image_url": "http://pbs.twimg.com/profile_images/378800000245844130/f3450d4ca5d37e96e39a91eb458f19ff_normal.jpeg", "profile_image_url_https": "https://pbs.twimg.com/profile_images/378800000245844130/f3450d4ca5d37e96e39a91eb458f19ff_normal.jpeg", "profile_banner_url": "https://pbs.twimg.com/profile_banners/18162008/1423849248", "profile_link_color": "D02B55", "profile_sidebar_border_color": "FFFFFF", "profile_sidebar_fill_color": "99CC33", "profile_text_color": "3E4415", "profile_use_background_image": true, "has_extended_profile": false, "default_profile": false, "default_profile_image": false, "following": false, "follow_request_sent": false, "notifications": false, "translator_type": "none"}, "geo": null, "coordinates": null, "place": null, "contributors": null, "is_quote_status": false, "retweet_count": 0, "favorite_count": 0, "favorited": false, "retweeted": false, "possibly_sensitive": false, "lang": "en"}