{"created_at": "Thu Jul 19 00:10:19 +0000 2018", "id": 1019736152016936961, "id_str": "1019736152016936961", "text": "I would love to watch Sacha baron Cohen walk into the White House press briefing and just sit there, maybe ask one question.", "truncated": false, "entities": {"hashtags": [], "symbols": [], "user_mentions": [], "urls": []}, "source": "<a href=\"http://twitter.com/download/iphone\" rel=\"nofollow\">Twitter for iPhone</a>", "in_reply_to_status_id": null, "in_reply_to_status_id_str": null, "in_reply_to_user_id": null, "in_reply_to_user_id_str": null, "in_reply_to_screen_name": null, "user": {"id": 487194682, "id_str": "487194682", "name": "Squi", "screen_name": "squirrellegions", "location": "Nowheresville", "description": "weights are my thing", "url": null, "entities": {"description": {"urls": []}}, "protected": false, "followers_count": 67, "friends_count": 355, "listed_count": 0, "created_at": "Thu Feb 09 03:20:45 +0000 2012", "favourites_count": 5828, "utc_offset": null, "time_zone": null, "geo_enabled": true, "verified": false, "statuses_count": 9476, "lang": null, "contributors_enabled": false, "is_translator": false, "is_translation_enabled": false, "profile_background_color": "C0DEED", "profile_background_image_url": "http://abs.twimg.com/images/themes/theme1/bg.png", "profile_background_image_url_https": "https://abs.twimg.com/images/themes/theme1/bg.png", "profile_background_tile": false, "profile_image_url": "http://pbs.twimg.com/profile_images/1046920987504250880/rp4twixy_normal.jpg", "profile_image_url_https": "https://pbs.twimg.com/profile_images/1046920987504250880/rp4twixy_normal.jpg", "profile_banner_url": "https://pbs.twimg.com/profile_banners/487194682/1490652812", "profile_link_color": "1DA1F2", "profile_sidebar_border_color": "C0DEED", "profile_sidebar_fill_color": "DDEEF6", "profile_text_color": "333333", "profile_use_background_image": true, "has_extended_profile": false, "default_profile": true, "default_profile_image": false, "following": false, "follow_request_sent": false, "notifications": false, "translator_type": "none"}, "geo": null, "coordinates": null, "place": null, "contributors": null, "is_quote_status": false, "retweet_count": 0, "favorite_count": 1, "favorited": false, "retweeted": false, "lang": "en"}