{"created_at": "Wed Jul 18 18:27:53 +0000 2018", "id": 1019649979697324032, "id_str": "1019649979697324032", "text": "The vanishing White House press briefing https://t.co/tEHOWEMuLD", "truncated": false, "entities": {"hashtags": [], "symbols": [], "user_mentions": [], "urls": [{"url": "https://t.co/tEHOWEMuLD", "expanded_url": "https://www.yahoo.com/news/m/8a2ca90e-3fe3-3275-80b4-93d27f7d0faa/the-vanishing-white-house.html?.tsrc=fauxdal", "display_url": "yahoo.com/news/m/8a2ca90\u2026", "indices": [41, 64]}]}, "source": "<a href=\"http://twitter.com\" rel=\"nofollow\">Twitter Web Client</a>", "in_reply_to_status_id": null, "in_reply_to_status_id_str": null, "in_reply_to_user_id": null, "in_reply_to_user_id_str": null, "in_reply_to_screen_name": null, "user": {"id": 4266268887, "id_str": "4266268887", "name": "Suzanne Chamma", "screen_name": "SuzanneChamma", "location": "", "description": "Proud mother and grandmother. I love animals and all the other finer things in life.", "url": null, "entities": {"description": {"urls": []}}, "protected": false, "followers_count": 2825, "friends_count": 4643, "listed_count": 43, "created_at": "Tue Nov 24 17:58:52 +0000 2015", "favourites_count": 135538, "utc_offset": null, "time_zone": null, "geo_enabled": false, "verified": false, "statuses_count": 173737, "lang": null, "contributors_enabled": false, "is_translator": false, "is_translation_enabled": false, "profile_background_color": "C0DEED", "profile_background_image_url": "http://abs.twimg.com/images/themes/theme1/bg.png", "profile_background_image_url_https": "https://abs.twimg.com/images/themes/theme1/bg.png", "profile_background_tile": false, "profile_image_url": "http://pbs.twimg.com/profile_images/1210231663256645632/OgSbgfua_normal.jpg", "profile_image_url_https": "https://pbs.twimg.com/profile_images/1210231663256645632/OgSbgfua_normal.jpg", "profile_banner_url": "https://pbs.twimg.com/profile_banners/4266268887/1541597038", "profile_link_color": "1DA1F2", "profile_sidebar_border_color": "C0DEED", "profile_sidebar_fill_color": "DDEEF6", "profile_text_color": "333333", "profile_use_background_image": true, "has_extended_profile": true, "default_profile": true, "default_profile_image": false, "following": false, "follow_request_sent": false, "notifications": false, "translator_type": "none"}, "geo": null, "coordinates": null, "place": null, "contributors": null, "is_quote_status": false, "retweet_count": 0, "favorite_count": 0, "favorited": false, "retweeted": false, "possibly_sensitive": false, "lang": "en"}