{"created_at": "Wed Jul 18 14:34:08 +0000 2018", "id": 1019591150678757376, "id_str": "1019591150678757376", "text": "The 11 Biggest Whoppers About Judge Brett Kavanaugh | https://t.co/7A4habRWIM https://t.co/FrVR3S4bRI via @Newsmax", "truncated": false, "entities": {"hashtags": [], "symbols": [], "user_mentions": [{"screen_name": "newsmax", "name": "Newsmax", "id": 20545835, "id_str": "20545835", "indices": [106, 114]}], "urls": [{"url": "https://t.co/7A4habRWIM", "expanded_url": "http://Newsmax.com", "display_url": "Newsmax.com", "indices": [54, 77]}, {"url": "https://t.co/FrVR3S4bRI", "expanded_url": "https://www.newsmax.com/premium/brett-kavanaugh-supreme-court-obamacare-harassment/2018/07/17/id/872277/", "display_url": "newsmax.com/premium/brett-\u2026", "indices": [78, 101]}]}, "source": "<a href=\"http://twitter.com\" rel=\"nofollow\">Twitter Web Client</a>", "in_reply_to_status_id": null, "in_reply_to_status_id_str": null, "in_reply_to_user_id": null, "in_reply_to_user_id_str": null, "in_reply_to_screen_name": null, "user": {"id": 26439527, "id_str": "26439527", "name": "cheryllaird", "screen_name": "fl85", "location": "", "description": "searcher of freedom and right", "url": null, "entities": {"description": {"urls": []}}, "protected": false, "followers_count": 1940, "friends_count": 1826, "listed_count": 115, "created_at": "Wed Mar 25 05:35:48 +0000 2009", "favourites_count": 1888, "utc_offset": null, "time_zone": null, "geo_enabled": false, "verified": false, "statuses_count": 573916, "lang": null, "contributors_enabled": false, "is_translator": false, "is_translation_enabled": false, "profile_background_color": "201B7D", "profile_background_image_url": "http://abs.twimg.com/images/themes/theme8/bg.gif", "profile_background_image_url_https": "https://abs.twimg.com/images/themes/theme8/bg.gif", "profile_background_tile": true, "profile_image_url": "http://pbs.twimg.com/profile_images/619060766579126272/2K9zoc7y_normal.jpg", "profile_image_url_https": "https://pbs.twimg.com/profile_images/619060766579126272/2K9zoc7y_normal.jpg", "profile_banner_url": "https://pbs.twimg.com/profile_banners/26439527/1358921594", "profile_link_color": "34B9C2", "profile_sidebar_border_color": "FFFFFF", "profile_sidebar_fill_color": "D280D9", "profile_text_color": "B50DB5", "profile_use_background_image": false, "has_extended_profile": false, "default_profile": false, "default_profile_image": false, "following": false, "follow_request_sent": false, "notifications": false, "translator_type": "none"}, "geo": null, "coordinates": null, "place": null, "contributors": null, "is_quote_status": false, "retweet_count": 0, "favorite_count": 0, "favorited": false, "retweeted": false, "possibly_sensitive": false, "lang": "en"}