{"created_at": "Wed Jul 18 19:13:47 +0000 2018", "id": 1019661529535442946, "id_str": "1019661529535442946", "text": "Can you say 'get the hell outta the kitchen?' I knew you could! #WhiteHouse Press Secretary decompensates at briefi\u2026 https://t.co/xZMkqKaG80", "truncated": true, "entities": {"hashtags": [{"text": "WhiteHouse", "indices": [64, 75]}], "symbols": [], "user_mentions": [], "urls": [{"url": "https://t.co/xZMkqKaG80", "expanded_url": "https://twitter.com/i/web/status/1019661529535442946", "display_url": "twitter.com/i/web/status/1\u2026", "indices": [117, 140]}]}, "source": "<a href=\"http://twitter.com\" rel=\"nofollow\">Twitter Web Client</a>", "in_reply_to_status_id": null, "in_reply_to_status_id_str": null, "in_reply_to_user_id": null, "in_reply_to_user_id_str": null, "in_reply_to_screen_name": null, "user": {"id": 44119914, "id_str": "44119914", "name": "Kim Painter", "screen_name": "painterkim", "location": "Iowa City, IA", "description": "Local elected (D), Johnson County, IA. Writer. I have a wife, I am a wife. Politics, arts, sciences, U.S. & Italy.", "url": "http://t.co/shveBOPNSv", "entities": {"url": {"urls": [{"url": "http://t.co/shveBOPNSv", "expanded_url": "http://www.painterkim.wordpress.com", "display_url": "painterkim.wordpress.com", "indices": [0, 22]}]}, "description": {"urls": []}}, "protected": false, "followers_count": 821, "friends_count": 1102, "listed_count": 36, "created_at": "Tue Jun 02 13:44:45 +0000 2009", "favourites_count": 17242, "utc_offset": null, "time_zone": null, "geo_enabled": false, "verified": false, "statuses_count": 22754, "lang": null, "contributors_enabled": false, "is_translator": false, "is_translation_enabled": false, "profile_background_color": "352726", "profile_background_image_url": "http://abs.twimg.com/images/themes/theme5/bg.gif", "profile_background_image_url_https": "https://abs.twimg.com/images/themes/theme5/bg.gif", "profile_background_tile": false, "profile_image_url": "http://pbs.twimg.com/profile_images/747887764889206784/VVmysRtV_normal.jpg", "profile_image_url_https": "https://pbs.twimg.com/profile_images/747887764889206784/VVmysRtV_normal.jpg", "profile_link_color": "D02B55", "profile_sidebar_border_color": "829D5E", "profile_sidebar_fill_color": "99CC33", "profile_text_color": "3E4415", "profile_use_background_image": true, "has_extended_profile": false, "default_profile": false, "default_profile_image": false, "following": false, "follow_request_sent": false, "notifications": false, "translator_type": "none"}, "geo": null, "coordinates": null, "place": null, "contributors": null, "is_quote_status": true, "quoted_status_id": 1019660114813304833, "quoted_status_id_str": "1019660114813304833", "retweet_count": 0, "favorite_count": 0, "favorited": false, "retweeted": false, "possibly_sensitive": false, "lang": "en"}