{"created_at": "Wed Jul 18 20:01:10 +0000 2018", "id": 1019673451177627648, "id_str": "1019673451177627648", "text": "6/18/18: White House Press Briefing https://t.co/XxXsGuNYR5 via @YouTube", "truncated": false, "entities": {"hashtags": [], "symbols": [], "user_mentions": [{"screen_name": "YouTube", "name": "YouTube", "id": 10228272, "id_str": "10228272", "indices": [64, 72]}], "urls": [{"url": "https://t.co/XxXsGuNYR5", "expanded_url": "https://youtu.be/Y1exA8ik5QI", "display_url": "youtu.be/Y1exA8ik5QI", "indices": [36, 59]}]}, "source": "<a href=\"http://twitter.com\" rel=\"nofollow\">Twitter Web Client</a>", "in_reply_to_status_id": null, "in_reply_to_status_id_str": null, "in_reply_to_user_id": null, "in_reply_to_user_id_str": null, "in_reply_to_screen_name": null, "user": {"id": 3053928455, "id_str": "3053928455", "name": "Joella Ruggiero", "screen_name": "10535max", "location": "Florida, USA", "description": "", "url": null, "entities": {"description": {"urls": []}}, "protected": false, "followers_count": 139, "friends_count": 444, "listed_count": 14, "created_at": "Sun Feb 22 21:15:06 +0000 2015", "favourites_count": 13111, "utc_offset": null, "time_zone": null, "geo_enabled": false, "verified": false, "statuses_count": 31366, "lang": null, "contributors_enabled": false, "is_translator": false, "is_translation_enabled": false, "profile_background_color": "000000", "profile_background_image_url": "http://abs.twimg.com/images/themes/theme1/bg.png", "profile_background_image_url_https": "https://abs.twimg.com/images/themes/theme1/bg.png", "profile_background_tile": false, "profile_image_url": "http://pbs.twimg.com/profile_images/833012629723574274/8f_bTT2I_normal.jpg", "profile_image_url_https": "https://pbs.twimg.com/profile_images/833012629723574274/8f_bTT2I_normal.jpg", "profile_banner_url": "https://pbs.twimg.com/profile_banners/3053928455/1440130436", "profile_link_color": "F5ABB5", "profile_sidebar_border_color": "000000", "profile_sidebar_fill_color": "000000", "profile_text_color": "000000", "profile_use_background_image": false, "has_extended_profile": true, "default_profile": false, "default_profile_image": false, "following": false, "follow_request_sent": false, "notifications": false, "translator_type": "none"}, "geo": null, "coordinates": null, "place": null, "contributors": null, "is_quote_status": false, "retweet_count": 0, "favorite_count": 0, "favorited": false, "retweeted": false, "possibly_sensitive": false, "lang": "en"}