{"created_at": "Tue Jul 17 22:28:02 +0000 2018", "id": 1019348023804157959, "id_str": "1019348023804157959", "text": "@CLCspirit @Redpainter1 @Comey Yup. They will dig ole OrangeHead up in 2920 and vote him back to WH. Department of\u2026 https://t.co/GSTaCvz7Wd", "truncated": true, "entities": {"hashtags": [], "symbols": [], "user_mentions": [{"screen_name": "Redpainter1", "name": "Red", "id": 2881295272, "id_str": "2881295272", "indices": [11, 23]}, {"screen_name": "Comey", "name": "James Comey", "id": 2334193741, "id_str": "2334193741", "indices": [24, 30]}], "urls": [{"url": "https://t.co/GSTaCvz7Wd", "expanded_url": "https://twitter.com/i/web/status/1019348023804157959", "display_url": "twitter.com/i/web/status/1\u2026", "indices": [116, 139]}]}, "source": "<a href=\"https://mobile.twitter.com\" rel=\"nofollow\">Twitter Web App</a>", "in_reply_to_status_id": null, "in_reply_to_status_id_str": null, "in_reply_to_user_id": null, "in_reply_to_user_id_str": null, "in_reply_to_screen_name": null, "user": {"id": 2579096426, "id_str": "2579096426", "name": "Gear\u00f3id \u00d3 Dubhed\u00edr", "screen_name": "GearoidODU", "location": "Limerick, Ireland", "description": "Pro-EU. No fan of Putin's MAGA Don. Specialist Nordic/Baltic economies, national security, industry & political systems. Massive Limerick hurling fan.", "url": null, "entities": {"description": {"urls": []}}, "protected": false, "followers_count": 1000, "friends_count": 1003, "listed_count": 4, "created_at": "Fri Jun 20 18:42:34 +0000 2014", "favourites_count": 8349, "utc_offset": null, "time_zone": null, "geo_enabled": true, "verified": false, "statuses_count": 15211, "lang": null, "contributors_enabled": false, "is_translator": false, "is_translation_enabled": false, "profile_background_color": "C0DEED", "profile_background_image_url": "http://abs.twimg.com/images/themes/theme1/bg.png", "profile_background_image_url_https": "https://abs.twimg.com/images/themes/theme1/bg.png", "profile_background_tile": false, "profile_image_url": "http://pbs.twimg.com/profile_images/892534050778472448/V44cDi2D_normal.jpg", "profile_image_url_https": "https://pbs.twimg.com/profile_images/892534050778472448/V44cDi2D_normal.jpg", "profile_banner_url": "https://pbs.twimg.com/profile_banners/2579096426/1552924053", "profile_link_color": "1DA1F2", "profile_sidebar_border_color": "C0DEED", "profile_sidebar_fill_color": "DDEEF6", "profile_text_color": "333333", "profile_use_background_image": true, "has_extended_profile": false, "default_profile": true, "default_profile_image": false, "following": false, "follow_request_sent": false, "notifications": false, "translator_type": "none"}, "geo": null, "coordinates": null, "place": null, "contributors": null, "is_quote_status": false, "retweet_count": 0, "favorite_count": 1, "favorited": false, "retweeted": false, "lang": "en"}