{"created_at": "Wed Jul 18 16:52:23 +0000 2018", "id": 1019625944645099521, "id_str": "1019625944645099521", "text": "He walked back the walk back. Prediction: the @WhiteHouse press briefing will not be at 2P. They will delay and the\u2026 https://t.co/3A1MvB6ej5", "truncated": true, "entities": {"hashtags": [], "symbols": [], "user_mentions": [{"screen_name": "WhiteHouse", "name": "The White House", "id": 822215673812119553, "id_str": "822215673812119553", "indices": [46, 57]}], "urls": [{"url": "https://t.co/3A1MvB6ej5", "expanded_url": "https://twitter.com/i/web/status/1019625944645099521", "display_url": "twitter.com/i/web/status/1\u2026", "indices": [117, 140]}]}, "source": "<a href=\"http://twitter.com\" rel=\"nofollow\">Twitter Web Client</a>", "in_reply_to_status_id": null, "in_reply_to_status_id_str": null, "in_reply_to_user_id": null, "in_reply_to_user_id_str": null, "in_reply_to_screen_name": null, "user": {"id": 200846651, "id_str": "200846651", "name": "@tiffanydcross", "screen_name": "TiffanyDCross", "location": "Washington, DC", "description": "Say It Louder! Black Voters, White Narratives & Saving Our Democracy Pre-order your copy today! Resident Fellow/Harvard Kennedy School Institute of Politics", "url": "https://t.co/rLNhDAeXDZ", "entities": {"url": {"urls": [{"url": "https://t.co/rLNhDAeXDZ", "expanded_url": "http://www.tiffanydcross.com", "display_url": "tiffanydcross.com", "indices": [0, 23]}]}, "description": {"urls": []}}, "protected": false, "followers_count": 183161, "friends_count": 2321, "listed_count": 882, "created_at": "Sun Oct 10 12:41:54 +0000 2010", "favourites_count": 42592, "utc_offset": null, "time_zone": null, "geo_enabled": false, "verified": true, "statuses_count": 34352, "lang": null, "contributors_enabled": false, "is_translator": false, "is_translation_enabled": false, "profile_background_color": "000000", "profile_background_image_url": "http://abs.twimg.com/images/themes/theme1/bg.png", "profile_background_image_url_https": "https://abs.twimg.com/images/themes/theme1/bg.png", "profile_background_tile": false, "profile_image_url": "http://pbs.twimg.com/profile_images/1181548995900055553/1KgtnKSy_normal.jpg", "profile_image_url_https": "https://pbs.twimg.com/profile_images/1181548995900055553/1KgtnKSy_normal.jpg", "profile_banner_url": "https://pbs.twimg.com/profile_banners/200846651/1594852341", "profile_link_color": "FAB81E", "profile_sidebar_border_color": "000000", "profile_sidebar_fill_color": "000000", "profile_text_color": "000000", "profile_use_background_image": false, "has_extended_profile": false, "default_profile": false, "default_profile_image": false, "following": false, "follow_request_sent": false, "notifications": false, "translator_type": "none"}, "geo": null, "coordinates": null, "place": null, "contributors": null, "is_quote_status": false, "retweet_count": 6, "favorite_count": 12, "favorited": false, "retweeted": false, "possibly_sensitive": false, "lang": "en"}