{"created_at": "Wed Jul 18 22:38:24 +0000 2018", "id": 1019713021021708288, "id_str": "1019713021021708288", "text": "@GOP  @John brennan \nBrennan is a liar, he is crooked as they come.\nWhere's the uproar? Hilliary!Obama! The preside\u2026 https://t.co/1gg4zVjXqh", "truncated": true, "entities": {"hashtags": [], "symbols": [], "user_mentions": [{"screen_name": "GOP", "name": "GOP", "id": 11134252, "id_str": "11134252", "indices": [0, 4]}, {"screen_name": "john", "name": "john shahidi", "id": 17151344, "id_str": "17151344", "indices": [6, 11]}], "urls": [{"url": "https://t.co/1gg4zVjXqh", "expanded_url": "https://twitter.com/i/web/status/1019713021021708288", "display_url": "twitter.com/i/web/status/1\u2026", "indices": [117, 140]}]}, "source": "<a href=\"http://twitter.com/download/android\" rel=\"nofollow\">Twitter for Android</a>", "in_reply_to_status_id": null, "in_reply_to_status_id_str": null, "in_reply_to_user_id": 11134252, "in_reply_to_user_id_str": "11134252", "in_reply_to_screen_name": "GOP", "user": {"id": 252881635, "id_str": "252881635", "name": "REBECCA", "screen_name": "SMILY5200", "location": "Michigan, USA", "description": "Peace worldwide is my wish, but With the Clintons in the Whitehouse she will finish bringing America to it's knee's!", "url": null, "entities": {"description": {"urls": []}}, "protected": false, "followers_count": 147, "friends_count": 826, "listed_count": 1, "created_at": "Wed Feb 16 03:11:18 +0000 2011", "favourites_count": 1501, "utc_offset": null, "time_zone": null, "geo_enabled": true, "verified": false, "statuses_count": 3994, "lang": null, "contributors_enabled": false, "is_translator": false, "is_translation_enabled": false, "profile_background_color": "4A913C", "profile_background_image_url": "http://abs.twimg.com/images/themes/theme10/bg.gif", "profile_background_image_url_https": "https://abs.twimg.com/images/themes/theme10/bg.gif", "profile_background_tile": true, "profile_image_url": "http://pbs.twimg.com/profile_images/785693552932102144/-p8WIxy0_normal.jpg", "profile_image_url_https": "https://pbs.twimg.com/profile_images/785693552932102144/-p8WIxy0_normal.jpg", "profile_banner_url": "https://pbs.twimg.com/profile_banners/252881635/1500590900", "profile_link_color": "3B94D9", "profile_sidebar_border_color": "FFFFFF", "profile_sidebar_fill_color": "7AC3EE", "profile_text_color": "3D1957", "profile_use_background_image": true, "has_extended_profile": true, "default_profile": false, "default_profile_image": false, "following": false, "follow_request_sent": false, "notifications": false, "translator_type": "none"}, "geo": null, "coordinates": null, "place": null, "contributors": null, "is_quote_status": false, "retweet_count": 0, "favorite_count": 0, "favorited": false, "retweeted": false, "possibly_sensitive": false, "lang": "en"}