{"created_at": "Wed Jul 18 21:35:15 +0000 2018", "id": 1019697130146017283, "id_str": "1019697130146017283", "text": "Awesome to see this issue at the forefront: A reporter at the White House briefing just asked how the Trump adminis\u2026 https://t.co/ULrpQj61Am", "truncated": true, "entities": {"hashtags": [], "symbols": [], "user_mentions": [], "urls": [{"url": "https://t.co/ULrpQj61Am", "expanded_url": "https://twitter.com/i/web/status/1019697130146017283", "display_url": "twitter.com/i/web/status/1\u2026", "indices": [117, 140]}]}, "source": "<a href=\"https://about.twitter.com/products/tweetdeck\" rel=\"nofollow\">TweetDeck</a>", "in_reply_to_status_id": null, "in_reply_to_status_id_str": null, "in_reply_to_user_id": null, "in_reply_to_user_id_str": null, "in_reply_to_screen_name": null, "user": {"id": 18013279, "id_str": "18013279", "name": "Tom Angell \ud83c\udf33\ud83d\udcf0\u24e5", "screen_name": "tomangell", "location": "patreon.com/marijuanamoment", "description": "@MarijuanaMoment journalist. 20+ years in cannabis reform. Founded Marijuana Majority. tomangell@gmail\n\n*link the primary source documents, you cowards*", "url": "https://t.co/8sfJLC0JKx", "entities": {"url": {"urls": [{"url": "https://t.co/8sfJLC0JKx", "expanded_url": "http://MarijuanaMoment.net", "display_url": "MarijuanaMoment.net", "indices": [0, 23]}]}, "description": {"urls": []}}, "protected": false, "followers_count": 29786, "friends_count": 800, "listed_count": 483, "created_at": "Wed Dec 10 05:37:51 +0000 2008", "favourites_count": 2253, "utc_offset": null, "time_zone": null, "geo_enabled": false, "verified": true, "statuses_count": 35824, "lang": null, "contributors_enabled": false, "is_translator": false, "is_translation_enabled": false, "profile_background_color": "000000", "profile_background_image_url": "http://abs.twimg.com/images/themes/theme5/bg.gif", "profile_background_image_url_https": "https://abs.twimg.com/images/themes/theme5/bg.gif", "profile_background_tile": false, "profile_image_url": "http://pbs.twimg.com/profile_images/976622575198629888/G8ODrvu4_normal.jpg", "profile_image_url_https": "https://pbs.twimg.com/profile_images/976622575198629888/G8ODrvu4_normal.jpg", "profile_banner_url": "https://pbs.twimg.com/profile_banners/18013279/1413665816", "profile_link_color": "19CF86", "profile_sidebar_border_color": "000000", "profile_sidebar_fill_color": "000000", "profile_text_color": "000000", "profile_use_background_image": false, "has_extended_profile": true, "default_profile": false, "default_profile_image": false, "following": false, "follow_request_sent": false, "notifications": false, "translator_type": "none"}, "geo": null, "coordinates": null, "place": null, "contributors": null, "is_quote_status": false, "retweet_count": 6, "favorite_count": 27, "favorited": false, "retweeted": false, "possibly_sensitive": false, "lang": "en"}