{"created_at": "Wed Jul 18 01:46:40 +0000 2018", "id": 1019398014610239488, "id_str": "1019398014610239488", "text": "Welcome back @BarackObama Transcript: Obama's Speech At The 2018 Nelson Mandela Annual Lecture https://t.co/2UtldBZohT", "truncated": false, "entities": {"hashtags": [], "symbols": [], "user_mentions": [{"screen_name": "BarackObama", "name": "Barack Obama", "id": 813286, "id_str": "813286", "indices": [13, 25]}], "urls": [{"url": "https://t.co/2UtldBZohT", "expanded_url": "https://n.pr/2NUvjKJ", "display_url": "n.pr/2NUvjKJ", "indices": [95, 118]}]}, "source": "<a href=\"http://twitter.com/download/iphone\" rel=\"nofollow\">Twitter for iPhone</a>", "in_reply_to_status_id": null, "in_reply_to_status_id_str": null, "in_reply_to_user_id": null, "in_reply_to_user_id_str": null, "in_reply_to_screen_name": null, "user": {"id": 227173423, "id_str": "227173423", "name": "Juanita More", "screen_name": "juanitamore", "location": "San Francisco", "description": "Venmo: Juanita-More Instagram: missmore8 Drag queen, philanthropist, chef, activist, fashionista, DJ, trouble maker & mother.", "url": "https://t.co/WB87muPI2s", "entities": {"url": {"urls": [{"url": "https://t.co/WB87muPI2s", "expanded_url": "http://www.juanitamore.com", "display_url": "juanitamore.com", "indices": [0, 23]}]}, "description": {"urls": []}}, "protected": false, "followers_count": 3085, "friends_count": 703, "listed_count": 52, "created_at": "Thu Dec 16 03:35:11 +0000 2010", "favourites_count": 2498, "utc_offset": null, "time_zone": null, "geo_enabled": false, "verified": false, "statuses_count": 3921, "lang": null, "contributors_enabled": false, "is_translator": false, "is_translation_enabled": false, "profile_background_color": "FFFFFF", "profile_background_image_url": "http://abs.twimg.com/images/themes/theme14/bg.gif", "profile_background_image_url_https": "https://abs.twimg.com/images/themes/theme14/bg.gif", "profile_background_tile": true, "profile_image_url": "http://pbs.twimg.com/profile_images/931281426783256576/qGuAcaWg_normal.jpg", "profile_image_url_https": "https://pbs.twimg.com/profile_images/931281426783256576/qGuAcaWg_normal.jpg", "profile_banner_url": "https://pbs.twimg.com/profile_banners/227173423/1424186805", "profile_link_color": "129DC7", "profile_sidebar_border_color": "EEEEEE", "profile_sidebar_fill_color": "EFEFEF", "profile_text_color": "333333", "profile_use_background_image": true, "has_extended_profile": false, "default_profile": false, "default_profile_image": false, "following": false, "follow_request_sent": false, "notifications": false, "translator_type": "none"}, "geo": null, "coordinates": null, "place": null, "contributors": null, "is_quote_status": false, "retweet_count": 1, "favorite_count": 0, "favorited": false, "retweeted": false, "possibly_sensitive": false, "lang": "en"}