{"created_at": "Thu Jul 19 11:12:58 +0000 2018", "id": 1019902913571971073, "id_str": "1019902913571971073", "text": "The vanishing White House press briefing\n\nhttps://t.co/yceQZYXpAo", "truncated": false, "entities": {"hashtags": [], "symbols": [], "user_mentions": [], "urls": [{"url": "https://t.co/yceQZYXpAo", "expanded_url": "http://money.cnn.com/2018/07/18/media/white-house-press-briefing-drought/index.html", "display_url": "money.cnn.com/2018/07/18/med\u2026", "indices": [42, 65]}]}, "source": "<a href=\"http://twitter.com/download/android\" rel=\"nofollow\">Twitter for Android</a>", "in_reply_to_status_id": null, "in_reply_to_status_id_str": null, "in_reply_to_user_id": null, "in_reply_to_user_id_str": null, "in_reply_to_screen_name": null, "user": {"id": 952999382261084162, "id_str": "952999382261084162", "name": "Gwendolyn J Hughes", "screen_name": "Gwendol69280110", "location": "Chicago, IL", "description": "58 year old activist for human rights over greed. Gay Rights over bigotry.", "url": null, "entities": {"description": {"urls": []}}, "protected": false, "followers_count": 909, "friends_count": 1750, "listed_count": 1, "created_at": "Mon Jan 15 20:22:13 +0000 2018", "favourites_count": 45384, "utc_offset": null, "time_zone": null, "geo_enabled": true, "verified": false, "statuses_count": 49455, "lang": null, "contributors_enabled": false, "is_translator": false, "is_translation_enabled": false, "profile_background_color": "F5F8FA", "profile_background_image_url": null, "profile_background_image_url_https": null, "profile_background_tile": false, "profile_image_url": "http://pbs.twimg.com/profile_images/961303089641861120/3MDlKxiC_normal.jpg", "profile_image_url_https": "https://pbs.twimg.com/profile_images/961303089641861120/3MDlKxiC_normal.jpg", "profile_link_color": "1DA1F2", "profile_sidebar_border_color": "C0DEED", "profile_sidebar_fill_color": "DDEEF6", "profile_text_color": "333333", "profile_use_background_image": true, "has_extended_profile": true, "default_profile": true, "default_profile_image": false, "following": false, "follow_request_sent": false, "notifications": false, "translator_type": "none"}, "geo": null, "coordinates": null, "place": null, "contributors": null, "is_quote_status": false, "retweet_count": 0, "favorite_count": 0, "favorited": false, "retweeted": false, "possibly_sensitive": false, "lang": "en"}