{"created_at": "Thu Jul 19 16:40:23 +0000 2018", "id": 1019985310577553410, "id_str": "1019985310577553410", "text": "I liked a @YouTube video https://t.co/aRfP1WpZCl \ud83d\udd34 White House EXPLOSIVE Press Briefing with Sarah Sanders on President Trump -", "truncated": false, "entities": {"hashtags": [], "symbols": [], "user_mentions": [{"screen_name": "YouTube", "name": "YouTube", "id": 10228272, "id_str": "10228272", "indices": [10, 18]}], "urls": [{"url": "https://t.co/aRfP1WpZCl", "expanded_url": "http://youtu.be/nn6uqfcwOUM?a", "display_url": "youtu.be/nn6uqfcwOUM?a", "indices": [25, 48]}]}, "source": "<a href=\"https://www.google.com/\" rel=\"nofollow\">Google</a>", "in_reply_to_status_id": null, "in_reply_to_status_id_str": null, "in_reply_to_user_id": null, "in_reply_to_user_id_str": null, "in_reply_to_screen_name": null, "user": {"id": 404969583, "id_str": "404969583", "name": "Skot Pierson", "screen_name": "ZombieGuru2012", "location": "Chattanooga, Tennessee", "description": "Trivia Master and Zombie Guru on 'Zombiepalooza: Dead Again', Friday Nights from 5pm-10pm PST (8pm-1am EST) on http://t.co/u3DSg0Kczh!!!", "url": "https://t.co/ZY9gZpfi4P", "entities": {"url": {"urls": [{"url": "https://t.co/ZY9gZpfi4P", "expanded_url": "https://www.facebook.com/pages/Zombiepalooza-Dead-Again/437569786279838", "display_url": "facebook.com/pages/Zombiepa\u2026", "indices": [0, 23]}]}, "description": {"urls": [{"url": "http://t.co/u3DSg0Kczh", "expanded_url": "http://www.livestream.com/zombiepaloozaradio", "display_url": "livestream.com/zombiepaloozar\u2026", "indices": [111, 133]}]}}, "protected": false, "followers_count": 42, "friends_count": 59, "listed_count": 0, "created_at": "Fri Nov 04 17:23:42 +0000 2011", "favourites_count": 46, "utc_offset": null, "time_zone": null, "geo_enabled": false, "verified": false, "statuses_count": 225, "lang": null, "contributors_enabled": false, "is_translator": false, "is_translation_enabled": false, "profile_background_color": "000000", "profile_background_image_url": "http://abs.twimg.com/images/themes/theme1/bg.png", "profile_background_image_url_https": "https://abs.twimg.com/images/themes/theme1/bg.png", "profile_background_tile": false, "profile_image_url": "http://pbs.twimg.com/profile_images/527138545668861953/Nbgqb_Rt_normal.jpeg", "profile_image_url_https": "https://pbs.twimg.com/profile_images/527138545668861953/Nbgqb_Rt_normal.jpeg", "profile_banner_url": "https://pbs.twimg.com/profile_banners/404969583/1385416368", "profile_link_color": "DD2E44", "profile_sidebar_border_color": "000000", "profile_sidebar_fill_color": "000000", "profile_text_color": "000000", "profile_use_background_image": false, "has_extended_profile": false, "default_profile": false, "default_profile_image": false, "following": false, "follow_request_sent": false, "notifications": false, "translator_type": "none"}, "geo": null, "coordinates": null, "place": null, "contributors": null, "is_quote_status": false, "retweet_count": 0, "favorite_count": 0, "favorited": false, "retweeted": false, "possibly_sensitive": false, "lang": "en"}