{"created_at": "Wed Jul 18 19:51:56 +0000 2018", "id": 1019671129869385728, "id_str": "1019671129869385728", "text": "\"When asked about Trump\u2019s response during the White House press briefing, Sarah Sanders claimed the Trump said \u201cno\u201d\u2026 https://t.co/HnGvyvf6rR", "truncated": true, "entities": {"hashtags": [], "symbols": [], "user_mentions": [], "urls": [{"url": "https://t.co/HnGvyvf6rR", "expanded_url": "https://twitter.com/i/web/status/1019671129869385728", "display_url": "twitter.com/i/web/status/1\u2026", "indices": [117, 140]}]}, "source": "<a href=\"http://twitter.com\" rel=\"nofollow\">Twitter Web Client</a>", "in_reply_to_status_id": null, "in_reply_to_status_id_str": null, "in_reply_to_user_id": null, "in_reply_to_user_id_str": null, "in_reply_to_screen_name": null, "user": {"id": 786988364, "id_str": "786988364", "name": "slontone bushinsky", "screen_name": "SBushinsky", "location": "", "description": "dreambaker - interloper - usurper - unbelieber - iconoclaster - irish amisher", "url": null, "entities": {"description": {"urls": []}}, "protected": false, "followers_count": 96, "friends_count": 93, "listed_count": 0, "created_at": "Tue Aug 28 13:16:00 +0000 2012", "favourites_count": 10234, "utc_offset": null, "time_zone": null, "geo_enabled": false, "verified": false, "statuses_count": 9458, "lang": null, "contributors_enabled": false, "is_translator": false, "is_translation_enabled": false, "profile_background_color": "C0DEED", "profile_background_image_url": "http://abs.twimg.com/images/themes/theme1/bg.png", "profile_background_image_url_https": "https://abs.twimg.com/images/themes/theme1/bg.png", "profile_background_tile": false, "profile_image_url": "http://pbs.twimg.com/profile_images/2552288983/DSC00360__800x600__normal.jpg", "profile_image_url_https": "https://pbs.twimg.com/profile_images/2552288983/DSC00360__800x600__normal.jpg", "profile_banner_url": "https://pbs.twimg.com/profile_banners/786988364/1387299167", "profile_link_color": "1DA1F2", "profile_sidebar_border_color": "C0DEED", "profile_sidebar_fill_color": "DDEEF6", "profile_text_color": "333333", "profile_use_background_image": true, "has_extended_profile": false, "default_profile": true, "default_profile_image": false, "following": false, "follow_request_sent": false, "notifications": false, "translator_type": "none"}, "geo": null, "coordinates": null, "place": null, "contributors": null, "is_quote_status": false, "retweet_count": 0, "favorite_count": 1, "favorited": false, "retweeted": false, "possibly_sensitive": false, "lang": "en"}