{"created_at": "Wed Jul 18 17:42:18 +0000 2018", "id": 1019638505599852544, "id_str": "1019638505599852544", "text": "How much Xanax does Sarah Huckabee Sanders have to snort before doing these White House Press Briefing?!?", "truncated": false, "entities": {"hashtags": [], "symbols": [], "user_mentions": [], "urls": []}, "source": "<a href=\"http://twitter.com\" rel=\"nofollow\">Twitter Web Client</a>", "in_reply_to_status_id": null, "in_reply_to_status_id_str": null, "in_reply_to_user_id": null, "in_reply_to_user_id_str": null, "in_reply_to_screen_name": null, "user": {"id": 16580616, "id_str": "16580616", "name": "Trace Crutchfield", "screen_name": "agentmule", "location": "New York, New York ", "description": "Master of Suspicion", "url": "https://t.co/1D120iJPog", "entities": {"url": {"urls": [{"url": "https://t.co/1D120iJPog", "expanded_url": "https://psmag.com/news/trace-crutchfield-ixnay-ted-cruz", "display_url": "psmag.com/news/trace-cru\u2026", "indices": [0, 23]}]}, "description": {"urls": []}}, "protected": false, "followers_count": 1983, "friends_count": 1002, "listed_count": 50, "created_at": "Fri Oct 03 17:19:55 +0000 2008", "favourites_count": 25179, "utc_offset": null, "time_zone": null, "geo_enabled": false, "verified": false, "statuses_count": 29212, "lang": null, "contributors_enabled": false, "is_translator": false, "is_translation_enabled": false, "profile_background_color": "9AE4E8", "profile_background_image_url": "http://abs.twimg.com/images/themes/theme1/bg.png", "profile_background_image_url_https": "https://abs.twimg.com/images/themes/theme1/bg.png", "profile_background_tile": true, "profile_image_url": "http://pbs.twimg.com/profile_images/1278881788631429120/bYD7hgBv_normal.jpg", "profile_image_url_https": "https://pbs.twimg.com/profile_images/1278881788631429120/bYD7hgBv_normal.jpg", "profile_banner_url": "https://pbs.twimg.com/profile_banners/16580616/1495130281", "profile_link_color": "0084B4", "profile_sidebar_border_color": "BDDCAD", "profile_sidebar_fill_color": "DDFFCC", "profile_text_color": "333333", "profile_use_background_image": true, "has_extended_profile": false, "default_profile": false, "default_profile_image": false, "following": false, "follow_request_sent": false, "notifications": false, "translator_type": "regular"}, "geo": null, "coordinates": null, "place": null, "contributors": null, "is_quote_status": false, "retweet_count": 0, "favorite_count": 7, "favorited": false, "retweeted": false, "lang": "en"}