{"created_at": "Thu Jul 19 04:04:10 +0000 2018", "id": 1019795002761859072, "id_str": "1019795002761859072", "text": "Reporters, Facing a Hostile White House, Try a New Tactic: Solidarity At a West Wing briefing, a reporter from The\u2026 https://t.co/mIZGwyejdb", "truncated": true, "entities": {"hashtags": [], "symbols": [], "user_mentions": [], "urls": [{"url": "https://t.co/mIZGwyejdb", "expanded_url": "https://twitter.com/i/web/status/1019795002761859072", "display_url": "twitter.com/i/web/status/1\u2026", "indices": [116, 139]}]}, "source": "<a href=\"https://ifttt.com\" rel=\"nofollow\">IFTTT</a>", "in_reply_to_status_id": null, "in_reply_to_status_id_str": null, "in_reply_to_user_id": null, "in_reply_to_user_id_str": null, "in_reply_to_screen_name": null, "user": {"id": 823827147672272897, "id_str": "823827147672272897", "name": "Andrewjenny", "screen_name": "andrewjennyve", "location": "Waterloo, Ontario", "description": "We do Carpeting, if yopu need any help? let us know", "url": null, "entities": {"description": {"urls": []}}, "protected": false, "followers_count": 10, "friends_count": 59, "listed_count": 2, "created_at": "Tue Jan 24 09:37:52 +0000 2017", "favourites_count": 0, "utc_offset": null, "time_zone": null, "geo_enabled": false, "verified": false, "statuses_count": 22184, "lang": null, "contributors_enabled": false, "is_translator": false, "is_translation_enabled": false, "profile_background_color": "F5F8FA", "profile_background_image_url": null, "profile_background_image_url_https": null, "profile_background_tile": false, "profile_image_url": "http://pbs.twimg.com/profile_images/823828025343033344/W-2z0ITU_normal.jpg", "profile_image_url_https": "https://pbs.twimg.com/profile_images/823828025343033344/W-2z0ITU_normal.jpg", "profile_banner_url": "https://pbs.twimg.com/profile_banners/823827147672272897/1485250908", "profile_link_color": "1DA1F2", "profile_sidebar_border_color": "C0DEED", "profile_sidebar_fill_color": "DDEEF6", "profile_text_color": "333333", "profile_use_background_image": true, "has_extended_profile": true, "default_profile": true, "default_profile_image": false, "following": false, "follow_request_sent": false, "notifications": false, "translator_type": "none"}, "geo": null, "coordinates": null, "place": null, "contributors": null, "is_quote_status": false, "retweet_count": 0, "favorite_count": 0, "favorited": false, "retweeted": false, "possibly_sensitive": false, "lang": "en"}