{"created_at": "Tue Jul 17 22:47:04 +0000 2018", "id": 1019352816261959681, "id_str": "1019352816261959681", "text": "Read the full transcript of Barack Obama\u2019s speech in South Africa https://t.co/xa1EBQK2Ro", "truncated": false, "entities": {"hashtags": [], "symbols": [], "user_mentions": [], "urls": [{"url": "https://t.co/xa1EBQK2Ro", "expanded_url": "https://nyti.ms/2Nnyae4", "display_url": "nyti.ms/2Nnyae4", "indices": [66, 89]}]}, "source": "<a href=\"http://www.socialflow.com\" rel=\"nofollow\">SocialFlow</a>", "in_reply_to_status_id": null, "in_reply_to_status_id_str": null, "in_reply_to_user_id": null, "in_reply_to_user_id_str": null, "in_reply_to_screen_name": null, "user": {"id": 807095, "id_str": "807095", "name": "The New York Times", "screen_name": "nytimes", "location": "New York City", "description": "News tips? Share them here: https://t.co/ghL9OoYKMM", "url": "http://t.co/ahvuWqicF9", "entities": {"url": {"urls": [{"url": "http://t.co/ahvuWqicF9", "expanded_url": "http://www.nytimes.com/", "display_url": "nytimes.com", "indices": [0, 22]}]}, "description": {"urls": [{"url": "https://t.co/ghL9OoYKMM", "expanded_url": "http://nyti.ms/2FVHq9v", "display_url": "nyti.ms/2FVHq9v", "indices": [28, 51]}]}}, "protected": false, "followers_count": 47289597, "friends_count": 906, "listed_count": 201835, "created_at": "Fri Mar 02 20:41:42 +0000 2007", "favourites_count": 18412, "utc_offset": null, "time_zone": null, "geo_enabled": false, "verified": true, "statuses_count": 407422, "lang": null, "contributors_enabled": false, "is_translator": false, "is_translation_enabled": true, "profile_background_color": "131516", "profile_background_image_url": "http://abs.twimg.com/images/themes/theme14/bg.gif", "profile_background_image_url_https": "https://abs.twimg.com/images/themes/theme14/bg.gif", "profile_background_tile": true, "profile_image_url": "http://pbs.twimg.com/profile_images/1098244578472280064/gjkVMelR_normal.png", "profile_image_url_https": "https://pbs.twimg.com/profile_images/1098244578472280064/gjkVMelR_normal.png", "profile_banner_url": "https://pbs.twimg.com/profile_banners/807095/1584666392", "profile_link_color": "607696", "profile_sidebar_border_color": "FFFFFF", "profile_sidebar_fill_color": "EFEFEF", "profile_text_color": "333333", "profile_use_background_image": true, "has_extended_profile": false, "default_profile": false, "default_profile_image": false, "following": false, "follow_request_sent": false, "notifications": false, "translator_type": "none"}, "geo": null, "coordinates": null, "place": null, "contributors": null, "is_quote_status": false, "retweet_count": 415, "favorite_count": 1174, "favorited": false, "retweeted": false, "possibly_sensitive": false, "lang": "en"}