{"created_at": "Thu Jul 19 13:05:21 +0000 2018", "id": 1019931198607577090, "id_str": "1019931198607577090", "text": "What happened to the pretty female reporters,\nI'm watching a Whitehouse briefing and seeing these desperate female\u2026 https://t.co/RjkQ2lEKVN", "truncated": true, "entities": {"hashtags": [], "symbols": [], "user_mentions": [], "urls": [{"url": "https://t.co/RjkQ2lEKVN", "expanded_url": "https://twitter.com/i/web/status/1019931198607577090", "display_url": "twitter.com/i/web/status/1\u2026", "indices": [116, 139]}]}, "source": "<a href=\"http://twitter.com/download/android\" rel=\"nofollow\">Twitter for Android</a>", "in_reply_to_status_id": null, "in_reply_to_status_id_str": null, "in_reply_to_user_id": null, "in_reply_to_user_id_str": null, "in_reply_to_screen_name": null, "user": {"id": 719663407885062145, "id_str": "719663407885062145", "name": "Lloyd King", "screen_name": "LloydKing18", "location": "Brooklyn, NY (Brownsville) ", "description": "American gangster honorary Mason, natural born leader. Life is good The L", "url": null, "entities": {"description": {"urls": []}}, "protected": false, "followers_count": 93, "friends_count": 9, "listed_count": 2, "created_at": "Mon Apr 11 23:08:21 +0000 2016", "favourites_count": 5, "utc_offset": null, "time_zone": null, "geo_enabled": true, "verified": false, "statuses_count": 5873, "lang": null, "contributors_enabled": false, "is_translator": false, "is_translation_enabled": false, "profile_background_color": "F5F8FA", "profile_background_image_url": null, "profile_background_image_url_https": null, "profile_background_tile": false, "profile_image_url": "http://pbs.twimg.com/profile_images/1253114024331526144/FGLCoNiW_normal.jpg", "profile_image_url_https": "https://pbs.twimg.com/profile_images/1253114024331526144/FGLCoNiW_normal.jpg", "profile_banner_url": "https://pbs.twimg.com/profile_banners/719663407885062145/1527759088", "profile_link_color": "1DA1F2", "profile_sidebar_border_color": "C0DEED", "profile_sidebar_fill_color": "DDEEF6", "profile_text_color": "333333", "profile_use_background_image": true, "has_extended_profile": true, "default_profile": true, "default_profile_image": false, "following": false, "follow_request_sent": false, "notifications": false, "translator_type": "none"}, "geo": null, "coordinates": null, "place": {"id": "011add077f4d2da3", "url": "https://api.twitter.com/1.1/geo/id/011add077f4d2da3.json", "place_type": "city", "name": "Brooklyn", "full_name": "Brooklyn, NY", "country_code": "US", "country": "United States", "contained_within": [], "bounding_box": {"type": "Polygon", "coordinates": [[[-74.041878, 40.570842], [-73.855673, 40.570842], [-73.855673, 40.739434], [-74.041878, 40.739434]]]}, "attributes": {}}, "contributors": null, "is_quote_status": false, "retweet_count": 0, "favorite_count": 0, "favorited": false, "retweeted": false, "lang": "en"}