{"created_at": "Sun Jul 22 10:06:04 +0000 2018", "id": 1020973242150936576, "id_str": "1020973242150936576", "text": "Via @NYTimes\ud83d\udccc Michael Cohen, Gaza, Trump: Your Weekend Briefing https://t.co/K8mbhwNTrE", "truncated": false, "entities": {"hashtags": [], "symbols": [], "user_mentions": [{"screen_name": "nytimes", "name": "The New York Times", "id": 807095, "id_str": "807095", "indices": [4, 12]}], "urls": [{"url": "https://t.co/K8mbhwNTrE", "expanded_url": "https://www.nytimes.com/2018/07/22/briefing/michael-cohen-gaza-trump.html?partner=rss&emc=rss&utm_source=dlvr.it&utm_medium=twitter", "display_url": "nytimes.com/2018/07/22/bri\u2026", "indices": [64, 87]}]}, "source": "<a href=\"https://dlvrit.com/\" rel=\"nofollow\">dlvr.it</a>", "in_reply_to_status_id": null, "in_reply_to_status_id_str": null, "in_reply_to_user_id": null, "in_reply_to_user_id_str": null, "in_reply_to_screen_name": null, "user": {"id": 19894935, "id_str": "19894935", "name": "Curtis", "screen_name": "stevenacurtis", "location": "San Francisco Bay Area, USA", "description": "#BidenHasMyVote #Biden2020 #InvestmentStrategist covering #SFBayArea #NapaValley #SonomaValley #SolanoCounty #MarinCounty #USAFVeteran #SantaClaus #FBR #Resist", "url": "https://t.co/TrfkEIPtSh", "entities": {"url": {"urls": [{"url": "https://t.co/TrfkEIPtSh", "expanded_url": "https://www.StevenACurtis.com", "display_url": "StevenACurtis.com", "indices": [0, 23]}]}, "description": {"urls": []}}, "protected": false, "followers_count": 6517, "friends_count": 7108, "listed_count": 82, "created_at": "Mon Feb 02 05:39:48 +0000 2009", "favourites_count": 55901, "utc_offset": null, "time_zone": null, "geo_enabled": true, "verified": false, "statuses_count": 363081, "lang": null, "contributors_enabled": false, "is_translator": false, "is_translation_enabled": false, "profile_background_color": "000000", "profile_background_image_url": "http://abs.twimg.com/images/themes/theme4/bg.gif", "profile_background_image_url_https": "https://abs.twimg.com/images/themes/theme4/bg.gif", "profile_background_tile": false, "profile_image_url": "http://pbs.twimg.com/profile_images/1079134434350182400/rj7OAxBy_normal.jpg", "profile_image_url_https": "https://pbs.twimg.com/profile_images/1079134434350182400/rj7OAxBy_normal.jpg", "profile_banner_url": "https://pbs.twimg.com/profile_banners/19894935/1582655726", "profile_link_color": "E81C4F", "profile_sidebar_border_color": "000000", "profile_sidebar_fill_color": "000000", "profile_text_color": "000000", "profile_use_background_image": false, "has_extended_profile": true, "default_profile": false, "default_profile_image": false, "following": false, "follow_request_sent": false, "notifications": false, "translator_type": "none"}, "geo": null, "coordinates": null, "place": null, "contributors": null, "is_quote_status": false, "retweet_count": 0, "favorite_count": 0, "favorited": false, "retweeted": false, "possibly_sensitive": false, "lang": "en"}