{"created_at": "Sun Jul 22 03:28:18 +0000 2018", "id": 1020873140459720704, "id_str": "1020873140459720704", "text": "On scene briefing expected any moment. @ActionNewsJax @WOKVNews https://t.co/vECh1jhnCI", "truncated": false, "entities": {"hashtags": [], "symbols": [], "user_mentions": [{"screen_name": "ActionNewsJax", "name": "ActionNewsJax", "id": 24432463, "id_str": "24432463", "indices": [39, 53]}, {"screen_name": "WOKVNews", "name": "WOKV News", "id": 24905550, "id_str": "24905550", "indices": [54, 63]}], "urls": [{"url": "https://t.co/vECh1jhnCI", "expanded_url": "https://twitter.com/RyanANJax/status/1020872557921296384", "display_url": "twitter.com/RyanANJax/stat\u2026", "indices": [64, 87]}]}, "source": "<a href=\"http://twitter.com/download/iphone\" rel=\"nofollow\">Twitter for iPhone</a>", "in_reply_to_status_id": null, "in_reply_to_status_id_str": null, "in_reply_to_user_id": null, "in_reply_to_user_id_str": null, "in_reply_to_screen_name": null, "user": {"id": 1330274059, "id_str": "1330274059", "name": "Ryan Nelson", "screen_name": "RyanANJax", "location": "Jacksonville, FL", "description": "@ActionNewsJax Reporter. @UF Grad. Tweet engagements \u2260 endorsements. Tip? rnelson@actionnewsjax.com", "url": "https://t.co/B3g5b78G1P", "entities": {"url": {"urls": [{"url": "https://t.co/B3g5b78G1P", "expanded_url": "https://www.actionnewsjax.com/author/ryan-nelson/", "display_url": "actionnewsjax.com/author/ryan-ne\u2026", "indices": [0, 23]}]}, "description": {"urls": []}}, "protected": false, "followers_count": 1534, "friends_count": 549, "listed_count": 31, "created_at": "Fri Apr 05 23:21:23 +0000 2013", "favourites_count": 5187, "utc_offset": null, "time_zone": null, "geo_enabled": true, "verified": true, "statuses_count": 7072, "lang": null, "contributors_enabled": false, "is_translator": false, "is_translation_enabled": false, "profile_background_color": "000000", "profile_background_image_url": "http://abs.twimg.com/images/themes/theme1/bg.png", "profile_background_image_url_https": "https://abs.twimg.com/images/themes/theme1/bg.png", "profile_background_tile": false, "profile_image_url": "http://pbs.twimg.com/profile_images/1012889659721076737/xuwkbE6R_normal.jpg", "profile_image_url_https": "https://pbs.twimg.com/profile_images/1012889659721076737/xuwkbE6R_normal.jpg", "profile_banner_url": "https://pbs.twimg.com/profile_banners/1330274059/1594125348", "profile_link_color": "1B95E0", "profile_sidebar_border_color": "000000", "profile_sidebar_fill_color": "000000", "profile_text_color": "000000", "profile_use_background_image": false, "has_extended_profile": false, "default_profile": false, "default_profile_image": false, "following": false, "follow_request_sent": false, "notifications": false, "translator_type": "none"}, "geo": null, "coordinates": null, "place": {"id": "4ec01c9dbc693497", "url": "https://api.twitter.com/1.1/geo/id/4ec01c9dbc693497.json", "place_type": "admin", "name": "Florida", "full_name": "Florida, USA", "country_code": "US", "country": "United States", "contained_within": [], "bounding_box": {"type": "Polygon", "coordinates": [[[-87.634643, 24.396308], [-79.974307, 24.396308], [-79.974307, 31.001056], [-87.634643, 31.001056]]]}, "attributes": {}}, "contributors": null, "is_quote_status": true, "quoted_status_id": 1020872557921296384, "quoted_status_id_str": "1020872557921296384", "quoted_status": {"created_at": "Sun Jul 22 03:25:59 +0000 2018", "id": 1020872557921296384, "id_str": "1020872557921296384", "text": "We\u2019re standing within a mile of TIAA Bank Field. @ActionNewsJax @WOKVNews https://t.co/OWAiBGdfbu", "truncated": false, "entities": {"hashtags": [], "symbols": [], "user_mentions": [{"screen_name": "ActionNewsJax", "name": "ActionNewsJax", "id": 24432463, "id_str": "24432463", "indices": [49, 63]}, {"screen_name": "WOKVNews", "name": "WOKV News", "id": 24905550, "id_str": "24905550", "indices": [64, 73]}], "urls": [{"url": "https://t.co/OWAiBGdfbu", "expanded_url": "https://twitter.com/RyanANJax/status/1020872373950722048", "display_url": "twitter.com/RyanANJax/stat\u2026", "indices": [74, 97]}]}, "source": "<a href=\"http://twitter.com/download/iphone\" rel=\"nofollow\">Twitter for iPhone</a>", "in_reply_to_status_id": null, "in_reply_to_status_id_str": null, "in_reply_to_user_id": null, "in_reply_to_user_id_str": null, "in_reply_to_screen_name": null, "user": {"id": 1330274059, "id_str": "1330274059", "name": "Ryan Nelson", "screen_name": "RyanANJax", "location": "Jacksonville, FL", "description": "@ActionNewsJax Reporter. @UF Grad. Tweet engagements \u2260 endorsements. Tip? rnelson@actionnewsjax.com", "url": "https://t.co/B3g5b78G1P", "entities": {"url": {"urls": [{"url": "https://t.co/B3g5b78G1P", "expanded_url": "https://www.actionnewsjax.com/author/ryan-nelson/", "display_url": "actionnewsjax.com/author/ryan-ne\u2026", "indices": [0, 23]}]}, "description": {"urls": []}}, "protected": false, "followers_count": 1534, "friends_count": 549, "listed_count": 31, "created_at": "Fri Apr 05 23:21:23 +0000 2013", "favourites_count": 5187, "utc_offset": null, "time_zone": null, "geo_enabled": true, "verified": true, "statuses_count": 7072, "lang": null, "contributors_enabled": false, "is_translator": false, "is_translation_enabled": false, "profile_background_color": "000000", "profile_background_image_url": "http://abs.twimg.com/images/themes/theme1/bg.png", "profile_background_image_url_https": "https://abs.twimg.com/images/themes/theme1/bg.png", "profile_background_tile": false, "profile_image_url": "http://pbs.twimg.com/profile_images/1012889659721076737/xuwkbE6R_normal.jpg", "profile_image_url_https": "https://pbs.twimg.com/profile_images/1012889659721076737/xuwkbE6R_normal.jpg", "profile_banner_url": "https://pbs.twimg.com/profile_banners/1330274059/1594125348", "profile_link_color": "1B95E0", "profile_sidebar_border_color": "000000", "profile_sidebar_fill_color": "000000", "profile_text_color": "000000", "profile_use_background_image": false, "has_extended_profile": false, "default_profile": false, "default_profile_image": false, "following": false, "follow_request_sent": false, "notifications": false, "translator_type": "none"}, "geo": null, "coordinates": null, "place": {"id": "4ec01c9dbc693497", "url": "https://api.twitter.com/1.1/geo/id/4ec01c9dbc693497.json", "place_type": "admin", "name": "Florida", "full_name": "Florida, USA", "country_code": "US", "country": "United States", "contained_within": [], "bounding_box": {"type": "Polygon", "coordinates": [[[-87.634643, 24.396308], [-79.974307, 24.396308], [-79.974307, 31.001056], [-87.634643, 31.001056]]]}, "attributes": {}}, "contributors": null, "is_quote_status": true, "quoted_status_id": 1020872373950722048, "quoted_status_id_str": "1020872373950722048", "retweet_count": 0, "favorite_count": 0, "favorited": false, "retweeted": false, "possibly_sensitive": false, "lang": "en"}, "retweet_count": 0, "favorite_count": 0, "favorited": false, "retweeted": false, "possibly_sensitive": false, "lang": "en"}