{"created_at": "Sun Jul 22 08:40:10 +0000 2018", "id": 1020951623319707648, "id_str": "1020951623319707648", "text": "@souljaboy @BeatsByJai What point is that? Where is our final destination? World peace, I hope. Freedom of thought\u2026 https://t.co/TtxKz302c0", "truncated": true, "entities": {"hashtags": [], "symbols": [], "user_mentions": [{"screen_name": "souljaboy", "name": "Soulja Boy (Drako)", "id": 16827333, "id_str": "16827333", "indices": [0, 10]}, {"screen_name": "BeatsByJai", "name": "Jai.b", "id": 44006373, "id_str": "44006373", "indices": [11, 22]}], "urls": [{"url": "https://t.co/TtxKz302c0", "expanded_url": "https://twitter.com/i/web/status/1020951623319707648", "display_url": "twitter.com/i/web/status/1\u2026", "indices": [116, 139]}]}, "source": "<a href=\"http://twitter.com\" rel=\"nofollow\">Twitter Web Client</a>", "in_reply_to_status_id": 1020904900182491137, "in_reply_to_status_id_str": "1020904900182491137", "in_reply_to_user_id": 16827333, "in_reply_to_user_id_str": "16827333", "in_reply_to_screen_name": "souljaboy", "user": {"id": 1002822897587519488, "id_str": "1002822897587519488", "name": "DEUS EX MACHINA", "screen_name": "BorutaThe", "location": "Earth", "description": "Kamikaze agent attempting last-minute Hail Mary pass to save the world. Still waiting on a qualified receiver. \n\ud83d\udda4\ud83d\udc09\u2764\ufe0f\ud83d\udc1d", "url": null, "entities": {"description": {"urls": []}}, "protected": false, "followers_count": 145, "friends_count": 478, "listed_count": 0, "created_at": "Sat Jun 02 08:03:05 +0000 2018", "favourites_count": 3189, "utc_offset": null, "time_zone": null, "geo_enabled": false, "verified": false, "statuses_count": 602, "lang": null, "contributors_enabled": false, "is_translator": false, "is_translation_enabled": false, "profile_background_color": "000000", "profile_background_image_url": "http://abs.twimg.com/images/themes/theme1/bg.png", "profile_background_image_url_https": "https://abs.twimg.com/images/themes/theme1/bg.png", "profile_background_tile": false, "profile_image_url": "http://pbs.twimg.com/profile_images/1077629686115495936/Uh6UfXVD_normal.jpg", "profile_image_url_https": "https://pbs.twimg.com/profile_images/1077629686115495936/Uh6UfXVD_normal.jpg", "profile_banner_url": "https://pbs.twimg.com/profile_banners/1002822897587519488/1541150211", "profile_link_color": "ABB8C2", "profile_sidebar_border_color": "000000", "profile_sidebar_fill_color": "000000", "profile_text_color": "000000", "profile_use_background_image": false, "has_extended_profile": false, "default_profile": false, "default_profile_image": false, "following": false, "follow_request_sent": false, "notifications": false, "translator_type": "none"}, "geo": null, "coordinates": null, "place": null, "contributors": null, "is_quote_status": false, "retweet_count": 0, "favorite_count": 1, "favorited": false, "retweeted": false, "lang": "en"}