{"created_at": "Sun Jul 22 09:22:10 +0000 2018", "id": 1020962193158868992, "id_str": "1020962193158868992", "text": "@hargeisaunivers volunteers for @somali_studies Congress having their final briefing for tomorrow's opening ceremon\u2026 https://t.co/6ucNEYyN41", "truncated": true, "entities": {"hashtags": [], "symbols": [], "user_mentions": [{"screen_name": "hargeisaunivers", "name": "Hargeisa University", "id": 1189198800, "id_str": "1189198800", "indices": [0, 16]}, {"screen_name": "somali_studies", "name": "Somali Studies International Association", "id": 1006460059973496832, "id_str": "1006460059973496832", "indices": [32, 47]}], "urls": [{"url": "https://t.co/6ucNEYyN41", "expanded_url": "https://twitter.com/i/web/status/1020962193158868992", "display_url": "twitter.com/i/web/status/1\u2026", "indices": [117, 140]}]}, "source": "<a href=\"http://twitter.com/download/iphone\" rel=\"nofollow\">Twitter for iPhone</a>", "in_reply_to_status_id": null, "in_reply_to_status_id_str": null, "in_reply_to_user_id": 1189198800, "in_reply_to_user_id_str": "1189198800", "in_reply_to_screen_name": "hargeisaunivers", "user": {"id": 1006460059973496832, "id_str": "1006460059973496832", "name": "Somali Studies International Association", "screen_name": "somali_studies", "location": "", "description": "Established in 1978, SSIA has played a central role in defining the field of modern Somali Studies. Now in its 40th year the Congress will be held in Hargeisa.", "url": "https://t.co/nWu1M7ps2S", "entities": {"url": {"urls": [{"url": "https://t.co/nWu1M7ps2S", "expanded_url": "http://somalistudies.org", "display_url": "somalistudies.org", "indices": [0, 23]}]}, "description": {"urls": []}}, "protected": false, "followers_count": 2000, "friends_count": 53, "listed_count": 1, "created_at": "Tue Jun 12 08:55:52 +0000 2018", "favourites_count": 0, "utc_offset": null, "time_zone": null, "geo_enabled": false, "verified": false, "statuses_count": 297, "lang": null, "contributors_enabled": false, "is_translator": false, "is_translation_enabled": false, "profile_background_color": "000000", "profile_background_image_url": "http://abs.twimg.com/images/themes/theme1/bg.png", "profile_background_image_url_https": "https://abs.twimg.com/images/themes/theme1/bg.png", "profile_background_tile": false, "profile_image_url": "http://pbs.twimg.com/profile_images/1006481584898355200/WLw9XFzE_normal.jpg", "profile_image_url_https": "https://pbs.twimg.com/profile_images/1006481584898355200/WLw9XFzE_normal.jpg", "profile_banner_url": "https://pbs.twimg.com/profile_banners/1006460059973496832/1528806964", "profile_link_color": "91D2FA", "profile_sidebar_border_color": "000000", "profile_sidebar_fill_color": "000000", "profile_text_color": "000000", "profile_use_background_image": false, "has_extended_profile": true, "default_profile": false, "default_profile_image": false, "following": false, "follow_request_sent": false, "notifications": false, "translator_type": "none"}, "geo": null, "coordinates": null, "place": null, "contributors": null, "is_quote_status": false, "retweet_count": 8, "favorite_count": 14, "favorited": false, "retweeted": false, "possibly_sensitive": false, "lang": "en"}