{"created_at": "Sun Jul 22 05:51:40 +0000 2018", "id": 1020909219787272192, "id_str": "1020909219787272192", "text": "Phil Collins - I Don't Care Anymore https://t.co/oWDILwARuX", "truncated": false, "entities": {"hashtags": [], "symbols": [], "user_mentions": [], "urls": [{"url": "https://t.co/oWDILwARuX", "expanded_url": "https://youtu.be/C6PNc9KN50M", "display_url": "youtu.be/C6PNc9KN50M", "indices": [36, 59]}]}, "source": "<a href=\"http://www.facebook.com/twitter\" rel=\"nofollow\">Facebook</a>", "in_reply_to_status_id": null, "in_reply_to_status_id_str": null, "in_reply_to_user_id": null, "in_reply_to_user_id_str": null, "in_reply_to_screen_name": null, "user": {"id": 149142987, "id_str": "149142987", "name": "Jeannius \u2600", "screen_name": "Shbobto", "location": "Syracuse NY", "description": "Aspire to inspire before you expire \ud83e\udd1f\ud83c\udffb", "url": null, "entities": {"description": {"urls": []}}, "protected": false, "followers_count": 57, "friends_count": 246, "listed_count": 9, "created_at": "Fri May 28 14:37:01 +0000 2010", "favourites_count": 2220, "utc_offset": null, "time_zone": null, "geo_enabled": false, "verified": false, "statuses_count": 8553, "lang": null, "contributors_enabled": false, "is_translator": false, "is_translation_enabled": false, "profile_background_color": "214542", "profile_background_image_url": "http://abs.twimg.com/images/themes/theme1/bg.png", "profile_background_image_url_https": "https://abs.twimg.com/images/themes/theme1/bg.png", "profile_background_tile": false, "profile_image_url": "http://pbs.twimg.com/profile_images/1063491616483217410/i4UKlY7V_normal.jpg", "profile_image_url_https": "https://pbs.twimg.com/profile_images/1063491616483217410/i4UKlY7V_normal.jpg", "profile_banner_url": "https://pbs.twimg.com/profile_banners/149142987/1579493481", "profile_link_color": "739E9F", "profile_sidebar_border_color": "AEF5FA", "profile_sidebar_fill_color": "3B615D", "profile_text_color": "B4D9AD", "profile_use_background_image": true, "has_extended_profile": true, "default_profile": false, "default_profile_image": false, "following": false, "follow_request_sent": false, "notifications": false, "translator_type": "none"}, "geo": null, "coordinates": null, "place": null, "contributors": null, "is_quote_status": false, "retweet_count": 0, "favorite_count": 0, "favorited": false, "retweeted": false, "possibly_sensitive": false, "lang": "en"}