{"created_at": "Thu Jul 19 22:59:48 +0000 2018", "id": 1020080796730716160, "id_str": "1020080796730716160", "text": "Lawrence on the White House Briefing moment that shocked him https://t.co/djhh1eczyq via @msnbc", "truncated": false, "entities": {"hashtags": [], "symbols": [], "user_mentions": [{"screen_name": "MSNBC", "name": "MSNBC", "id": 2836421, "id_str": "2836421", "indices": [89, 95]}], "urls": [{"url": "https://t.co/djhh1eczyq", "expanded_url": "https://www.msnbc.com/the-last-word/watch/lawrence-on-the-white-house-briefing-moment-that-shocked-him-1280773187989", "display_url": "msnbc.com/the-last-word/\u2026", "indices": [61, 84]}]}, "source": "<a href=\"http://twitter.com\" rel=\"nofollow\">Twitter Web Client</a>", "in_reply_to_status_id": null, "in_reply_to_status_id_str": null, "in_reply_to_user_id": null, "in_reply_to_user_id_str": null, "in_reply_to_screen_name": null, "user": {"id": 47797152, "id_str": "47797152", "name": "BLM ALLY \u262e\ufe0f \u2638\ufe0f \ud83c\uddfa\ud83c\uddf8", "screen_name": "zeke_2010", "location": "Mount Vernon, WA", "description": "\u201cIn separateness lies the world\u2019s greatest misery; in compassion lies the world\u2019s true strength.\u201d\u00a0\u2013 Buddha", "url": null, "entities": {"description": {"urls": []}}, "protected": false, "followers_count": 1879, "friends_count": 2778, "listed_count": 5, "created_at": "Wed Jun 17 00:54:58 +0000 2009", "favourites_count": 15751, "utc_offset": null, "time_zone": null, "geo_enabled": false, "verified": false, "statuses_count": 5680, "lang": null, "contributors_enabled": false, "is_translator": false, "is_translation_enabled": false, "profile_background_color": "000000", "profile_background_image_url": "http://abs.twimg.com/images/themes/theme4/bg.gif", "profile_background_image_url_https": "https://abs.twimg.com/images/themes/theme4/bg.gif", "profile_background_tile": false, "profile_image_url": "http://pbs.twimg.com/profile_images/1268668197529513984/Cw4ZAPax_normal.jpg", "profile_image_url_https": "https://pbs.twimg.com/profile_images/1268668197529513984/Cw4ZAPax_normal.jpg", "profile_banner_url": "https://pbs.twimg.com/profile_banners/47797152/1574287772", "profile_link_color": "19CF86", "profile_sidebar_border_color": "000000", "profile_sidebar_fill_color": "000000", "profile_text_color": "000000", "profile_use_background_image": false, "has_extended_profile": false, "default_profile": false, "default_profile_image": false, "following": false, "follow_request_sent": false, "notifications": false, "translator_type": "none"}, "geo": null, "coordinates": null, "place": null, "contributors": null, "is_quote_status": false, "retweet_count": 0, "favorite_count": 0, "favorited": false, "retweeted": false, "possibly_sensitive": false, "lang": "en"}