{"created_at": "Fri Jul 20 09:36:33 +0000 2018", "id": 1020241038219382784, "id_str": "1020241038219382784", "text": "Transcript: Obama's Speech At The 2018 Nelson Mandela Annual Lecture https://t.co/1es66r5LPO Powerful conclusion on\u2026 https://t.co/xbz2xAMzDt", "truncated": true, "entities": {"hashtags": [], "symbols": [], "user_mentions": [], "urls": [{"url": "https://t.co/1es66r5LPO", "expanded_url": "https://n.pr/2NUvjKJ", "display_url": "n.pr/2NUvjKJ", "indices": [69, 92]}, {"url": "https://t.co/xbz2xAMzDt", "expanded_url": "https://twitter.com/i/web/status/1020241038219382784", "display_url": "twitter.com/i/web/status/1\u2026", "indices": [117, 140]}]}, "source": "<a href=\"http://twitter.com\" rel=\"nofollow\">Twitter Web Client</a>", "in_reply_to_status_id": null, "in_reply_to_status_id_str": null, "in_reply_to_user_id": null, "in_reply_to_user_id_str": null, "in_reply_to_screen_name": null, "user": {"id": 767212939, "id_str": "767212939", "name": "David Grayson", "screen_name": "DavidGrayson_", "location": "Sheffield+London+Sitges", "description": "Advocate for Responsible Business & Corporate Sustainability. Emeritus Professor of Corporate Responsibility Chair @CarersUK Chair @IBEUK Views my own", "url": "https://t.co/4ZAWmIRb40", "entities": {"url": {"urls": [{"url": "https://t.co/4ZAWmIRb40", "expanded_url": "http://www.davidgrayson.net", "display_url": "davidgrayson.net", "indices": [0, 23]}]}, "description": {"urls": []}}, "protected": false, "followers_count": 4845, "friends_count": 2080, "listed_count": 180, "created_at": "Sun Aug 19 08:43:18 +0000 2012", "favourites_count": 8048, "utc_offset": null, "time_zone": null, "geo_enabled": true, "verified": false, "statuses_count": 18390, "lang": null, "contributors_enabled": false, "is_translator": false, "is_translation_enabled": false, "profile_background_color": "C0DEED", "profile_background_image_url": "http://abs.twimg.com/images/themes/theme1/bg.png", "profile_background_image_url_https": "https://abs.twimg.com/images/themes/theme1/bg.png", "profile_background_tile": false, "profile_image_url": "http://pbs.twimg.com/profile_images/1279024290168438784/0YLTMpbF_normal.jpg", "profile_image_url_https": "https://pbs.twimg.com/profile_images/1279024290168438784/0YLTMpbF_normal.jpg", "profile_banner_url": "https://pbs.twimg.com/profile_banners/767212939/1428475663", "profile_link_color": "1DA1F2", "profile_sidebar_border_color": "C0DEED", "profile_sidebar_fill_color": "DDEEF6", "profile_text_color": "333333", "profile_use_background_image": true, "has_extended_profile": true, "default_profile": true, "default_profile_image": false, "following": false, "follow_request_sent": false, "notifications": false, "translator_type": "none"}, "geo": null, "coordinates": null, "place": null, "contributors": null, "is_quote_status": false, "retweet_count": 0, "favorite_count": 1, "favorited": false, "retweeted": false, "possibly_sensitive": false, "lang": "en"}