{"created_at": "Thu Jul 19 19:24:10 +0000 2018", "id": 1020026530582458368, "id_str": "1020026530582458368", "text": "@PoliticalShort @rovendetti We want all transcripts from Obama\u2019s and Hillary s meetings with Russia and Bill Clinto\u2026 https://t.co/lsAXoKdPIQ", "truncated": true, "entities": {"hashtags": [], "symbols": [], "user_mentions": [{"screen_name": "PoliticalShort", "name": "Nick Short", "id": 247981000, "id_str": "247981000", "indices": [0, 15]}, {"screen_name": "rovendetti", "name": "look2theskyz #2A \ud83c\uddfa\ud83c\uddf8 \u2b50\ud83e\udd85", "id": 1904362783, "id_str": "1904362783", "indices": [16, 27]}], "urls": [{"url": "https://t.co/lsAXoKdPIQ", "expanded_url": "https://twitter.com/i/web/status/1020026530582458368", "display_url": "twitter.com/i/web/status/1\u2026", "indices": [117, 140]}]}, "source": "<a href=\"http://twitter.com/download/iphone\" rel=\"nofollow\">Twitter for iPhone</a>", "in_reply_to_status_id": 1019951802500964353, "in_reply_to_status_id_str": "1019951802500964353", "in_reply_to_user_id": 247981000, "in_reply_to_user_id_str": "247981000", "in_reply_to_screen_name": "PoliticalShort", "user": {"id": 2235695554, "id_str": "2235695554", "name": "P DeWitt", "screen_name": "pat529dewitt", "location": "USA", "description": "", "url": null, "entities": {"description": {"urls": []}}, "protected": false, "followers_count": 77, "friends_count": 210, "listed_count": 0, "created_at": "Sat Dec 21 03:17:32 +0000 2013", "favourites_count": 14030, "utc_offset": null, "time_zone": null, "geo_enabled": false, "verified": false, "statuses_count": 2441, "lang": null, "contributors_enabled": false, "is_translator": false, "is_translation_enabled": false, "profile_background_color": "C0DEED", "profile_background_image_url": "http://abs.twimg.com/images/themes/theme1/bg.png", "profile_background_image_url_https": "https://abs.twimg.com/images/themes/theme1/bg.png", "profile_background_tile": false, "profile_image_url": "http://pbs.twimg.com/profile_images/414238690618380288/rGHbiuHQ_normal.jpeg", "profile_image_url_https": "https://pbs.twimg.com/profile_images/414238690618380288/rGHbiuHQ_normal.jpeg", "profile_banner_url": "https://pbs.twimg.com/profile_banners/2235695554/1387605143", "profile_link_color": "1DA1F2", "profile_sidebar_border_color": "C0DEED", "profile_sidebar_fill_color": "DDEEF6", "profile_text_color": "333333", "profile_use_background_image": true, "has_extended_profile": false, "default_profile": true, "default_profile_image": false, "following": false, "follow_request_sent": false, "notifications": false, "translator_type": "none"}, "geo": null, "coordinates": null, "place": null, "contributors": null, "is_quote_status": false, "retweet_count": 6, "favorite_count": 9, "favorited": false, "retweeted": false, "lang": "en"}