{"created_at": "Sun Jul 22 19:32:50 +0000 2018", "id": 1021115874248278016, "id_str": "1021115874248278016", "text": "@dibang \u0906\u091c \u0930\u0942\u092a\u092f\u093e \u0914\u0930 \u092e\u094b\u0926\u0940 \u0938\u0930\u0915\u093e\u0930 68.78 \u0917\u093f\u0930\u0947 \u0939\u0948.\n\u0910\u0938\u093e \u0939\u092e \u0928\u0939\u0940\u0902 \u092e\u094b\u0926\u0940 \u091c\u0940 \u0915\u0939\u0924\u0947 \u0939\u0948 .\n\nmodi on rupee situation\nhttps://t.co/TIQ50ytiUu", "truncated": false, "entities": {"hashtags": [], "symbols": [], "user_mentions": [{"screen_name": "dibang", "name": "Dibang", "id": 11530262, "id_str": "11530262", "indices": [0, 7]}], "urls": [{"url": "https://t.co/TIQ50ytiUu", "expanded_url": "http://www.youtube.com", "display_url": "youtube.com", "indices": [101, 124]}]}, "source": "<a href=\"https://mobile.twitter.com\" rel=\"nofollow\">Twitter Web App</a>", "in_reply_to_status_id": 1021008619960131585, "in_reply_to_status_id_str": "1021008619960131585", "in_reply_to_user_id": 11530262, "in_reply_to_user_id_str": "11530262", "in_reply_to_screen_name": "dibang", "user": {"id": 1019073372938883078, "id_str": "1019073372938883078", "name": "Ashish Verma", "screen_name": "Ashish2525Verma", "location": "", "description": "", "url": null, "entities": {"description": {"urls": []}}, "protected": false, "followers_count": 4, "friends_count": 38, "listed_count": 0, "created_at": "Tue Jul 17 04:16:40 +0000 2018", "favourites_count": 62, "utc_offset": null, "time_zone": null, "geo_enabled": false, "verified": false, "statuses_count": 66, "lang": null, "contributors_enabled": false, "is_translator": false, "is_translation_enabled": false, "profile_background_color": "F5F8FA", "profile_background_image_url": null, "profile_background_image_url_https": null, "profile_background_tile": false, "profile_image_url": "http://abs.twimg.com/sticky/default_profile_images/default_profile_normal.png", "profile_image_url_https": "https://abs.twimg.com/sticky/default_profile_images/default_profile_normal.png", "profile_link_color": "1DA1F2", "profile_sidebar_border_color": "C0DEED", "profile_sidebar_fill_color": "DDEEF6", "profile_text_color": "333333", "profile_use_background_image": true, "has_extended_profile": false, "default_profile": true, "default_profile_image": true, "following": false, "follow_request_sent": false, "notifications": false, "translator_type": "none"}, "geo": null, "coordinates": null, "place": null, "contributors": null, "is_quote_status": false, "retweet_count": 0, "favorite_count": 0, "favorited": false, "retweeted": false, "possibly_sensitive": false, "lang": "hi"}