{"created_at": "Tue Jul 24 07:02:49 +0000 2018", "id": 1021651903531417600, "id_str": "1021651903531417600", "text": "Trump has to hide info that he is in Putin's pocket. Due to money or peepee video's. That's why he was alone. BUG T\u2026 https://t.co/ODU12zwHrJ", "truncated": true, "entities": {"hashtags": [], "symbols": [], "user_mentions": [], "urls": [{"url": "https://t.co/ODU12zwHrJ", "expanded_url": "https://twitter.com/i/web/status/1021651903531417600", "display_url": "twitter.com/i/web/status/1\u2026", "indices": [117, 140]}]}, "source": "<a href=\"http://www.tweetcaster.com\" rel=\"nofollow\">TweetCaster for Android</a>", "in_reply_to_status_id": null, "in_reply_to_status_id_str": null, "in_reply_to_user_id": null, "in_reply_to_user_id_str": null, "in_reply_to_screen_name": null, "user": {"id": 1939867296, "id_str": "1939867296", "name": "Jacquelinevandongen", "screen_name": "jacqsvd", "location": "Dont Know", "description": "Same as genvandongen and jacqsvd", "url": "https://t.co/JX7Vk5yeV6", "entities": {"url": {"urls": [{"url": "https://t.co/JX7Vk5yeV6", "expanded_url": "http://www.jacquelinevandongen.com", "display_url": "jacquelinevandongen.com", "indices": [0, 23]}]}, "description": {"urls": []}}, "protected": false, "followers_count": 11, "friends_count": 44, "listed_count": 0, "created_at": "Sun Oct 06 05:34:18 +0000 2013", "favourites_count": 366, "utc_offset": null, "time_zone": null, "geo_enabled": false, "verified": false, "statuses_count": 2771, "lang": null, "contributors_enabled": false, "is_translator": false, "is_translation_enabled": false, "profile_background_color": "C0DEED", "profile_background_image_url": "http://abs.twimg.com/images/themes/theme1/bg.png", "profile_background_image_url_https": "https://abs.twimg.com/images/themes/theme1/bg.png", "profile_background_tile": false, "profile_image_url": "http://pbs.twimg.com/profile_images/838659643698212864/aYApdN7c_normal.jpg", "profile_image_url_https": "https://pbs.twimg.com/profile_images/838659643698212864/aYApdN7c_normal.jpg", "profile_link_color": "1DA1F2", "profile_sidebar_border_color": "C0DEED", "profile_sidebar_fill_color": "DDEEF6", "profile_text_color": "333333", "profile_use_background_image": true, "has_extended_profile": true, "default_profile": true, "default_profile_image": false, "following": false, "follow_request_sent": false, "notifications": false, "translator_type": "none"}, "geo": null, "coordinates": null, "place": null, "contributors": null, "is_quote_status": false, "retweet_count": 0, "favorite_count": 0, "favorited": false, "retweeted": false, "possibly_sensitive": false, "lang": "en"}