{"created_at": "Tue Jul 24 13:33:29 +0000 2018", "id": 1021750217820053507, "id_str": "1021750217820053507", "text": "@MSNBC if there's a White House Press briefing today I would really love if someone would ask the following questio\u2026 https://t.co/eRmK4Cukp6", "truncated": true, "entities": {"hashtags": [], "symbols": [], "user_mentions": [{"screen_name": "MSNBC", "name": "MSNBC", "id": 2836421, "id_str": "2836421", "indices": [0, 6]}], "urls": [{"url": "https://t.co/eRmK4Cukp6", "expanded_url": "https://twitter.com/i/web/status/1021750217820053507", "display_url": "twitter.com/i/web/status/1\u2026", "indices": [117, 140]}]}, "source": "<a href=\"http://twitter.com/download/android\" rel=\"nofollow\">Twitter for Android</a>", "in_reply_to_status_id": null, "in_reply_to_status_id_str": null, "in_reply_to_user_id": 2836421, "in_reply_to_user_id_str": "2836421", "in_reply_to_screen_name": "MSNBC", "user": {"id": 963297230, "id_str": "963297230", "name": "Ray O'Feckin Sunshine", "screen_name": "Ravenwise", "location": "", "description": "Math and Science Trusting, Foul Mouthed, Anti-Trumpublican Misanthrope.   If the word 'Fuck' offends you, I'm not the follow for you.", "url": null, "entities": {"description": {"urls": []}}, "protected": false, "followers_count": 238, "friends_count": 501, "listed_count": 0, "created_at": "Wed Nov 21 23:47:51 +0000 2012", "favourites_count": 14296, "utc_offset": null, "time_zone": null, "geo_enabled": false, "verified": false, "statuses_count": 7012, "lang": null, "contributors_enabled": false, "is_translator": false, "is_translation_enabled": false, "profile_background_color": "131516", "profile_background_image_url": "http://abs.twimg.com/images/themes/theme14/bg.gif", "profile_background_image_url_https": "https://abs.twimg.com/images/themes/theme14/bg.gif", "profile_background_tile": true, "profile_image_url": "http://pbs.twimg.com/profile_images/1302225882094989312/ldXZLyxh_normal.jpg", "profile_image_url_https": "https://pbs.twimg.com/profile_images/1302225882094989312/ldXZLyxh_normal.jpg", "profile_banner_url": "https://pbs.twimg.com/profile_banners/963297230/1599578347", "profile_link_color": "660099", "profile_sidebar_border_color": "000000", "profile_sidebar_fill_color": "EFEFEF", "profile_text_color": "333333", "profile_use_background_image": true, "has_extended_profile": false, "default_profile": false, "default_profile_image": false, "following": false, "follow_request_sent": false, "notifications": false, "translator_type": "none"}, "geo": null, "coordinates": null, "place": null, "contributors": null, "is_quote_status": false, "retweet_count": 0, "favorite_count": 0, "favorited": false, "retweeted": false, "lang": "en"}