{"created_at": "Tue Jul 24 04:41:53 +0000 2018", "id": 1021616436429484033, "id_str": "1021616436429484033", "text": "@FAIRImmigration @thehill @KMaxGreenwood NBC news / wall street journal poll - read propaganda machine at work agai\u2026 https://t.co/9EvYBPVYir", "truncated": true, "entities": {"hashtags": [], "symbols": [], "user_mentions": [{"screen_name": "FAIRImmigration", "name": "FAIR", "id": 18956212, "id_str": "18956212", "indices": [0, 16]}, {"screen_name": "thehill", "name": "The Hill", "id": 1917731, "id_str": "1917731", "indices": [17, 25]}, {"screen_name": "KMaxGreenwood", "name": "Max Greenwood", "id": 737314926, "id_str": "737314926", "indices": [26, 40]}], "urls": [{"url": "https://t.co/9EvYBPVYir", "expanded_url": "https://twitter.com/i/web/status/1021616436429484033", "display_url": "twitter.com/i/web/status/1\u2026", "indices": [117, 140]}]}, "source": "<a href=\"http://twitter.com/download/iphone\" rel=\"nofollow\">Twitter for iPhone</a>", "in_reply_to_status_id": 1021492656290050048, "in_reply_to_status_id_str": "1021492656290050048", "in_reply_to_user_id": 18956212, "in_reply_to_user_id_str": "18956212", "in_reply_to_screen_name": "FAIRImmigration", "user": {"id": 823403285683924992, "id_str": "823403285683924992", "name": "Gordon Mortensen", "screen_name": "gordmortensen", "location": "Heber, UT", "description": "Proud father and husband. Education- Electrical Engineering. Working career - mostly in Silicon Valley. World - great place to visit. USA - the best!", "url": null, "entities": {"description": {"urls": []}}, "protected": false, "followers_count": 72, "friends_count": 259, "listed_count": 0, "created_at": "Mon Jan 23 05:33:36 +0000 2017", "favourites_count": 3527, "utc_offset": null, "time_zone": null, "geo_enabled": true, "verified": false, "statuses_count": 4133, "lang": null, "contributors_enabled": false, "is_translator": false, "is_translation_enabled": false, "profile_background_color": "F5F8FA", "profile_background_image_url": null, "profile_background_image_url_https": null, "profile_background_tile": false, "profile_image_url": "http://abs.twimg.com/sticky/default_profile_images/default_profile_normal.png", "profile_image_url_https": "https://abs.twimg.com/sticky/default_profile_images/default_profile_normal.png", "profile_link_color": "1DA1F2", "profile_sidebar_border_color": "C0DEED", "profile_sidebar_fill_color": "DDEEF6", "profile_text_color": "333333", "profile_use_background_image": true, "has_extended_profile": true, "default_profile": true, "default_profile_image": true, "following": false, "follow_request_sent": false, "notifications": false, "translator_type": "none"}, "geo": null, "coordinates": null, "place": null, "contributors": null, "is_quote_status": false, "retweet_count": 0, "favorite_count": 1, "favorited": false, "retweeted": false, "lang": "en"}