{"created_at": "Mon Jul 23 00:45:33 +0000 2018", "id": 1021194571747921920, "id_str": "1021194571747921920", "text": "Top story: Amazon Should Replace Local Libraries to Save Taxpayers Money https://t.co/aGcDeQhVt8, see more https://t.co/cBB8Imh4zm", "truncated": false, "entities": {"hashtags": [], "symbols": [], "user_mentions": [], "urls": [{"url": "https://t.co/aGcDeQhVt8", "expanded_url": "https://www.forbes.com/sites/panosmourdoukoutas/2018/07/21/amazon-should-replace-local-libraries-to-save-taxpayers-money/", "display_url": "forbes.com/sites/panosmou\u2026", "indices": [73, 96]}, {"url": "https://t.co/cBB8Imh4zm", "expanded_url": "http://tweetedtimes.com/dbhasin?s=tnp", "display_url": "tweetedtimes.com/dbhasin?s=tnp", "indices": [107, 130]}]}, "source": "<a href=\"https://www.tweetedtimes.com\" rel=\"nofollow\">The Tweeted Times</a>", "in_reply_to_status_id": null, "in_reply_to_status_id_str": null, "in_reply_to_user_id": null, "in_reply_to_user_id_str": null, "in_reply_to_screen_name": null, "user": {"id": 14111628, "id_str": "14111628", "name": "Dolly Bhasin", "screen_name": "dbhasin", "location": "New Delhi", "description": "Dolly Bhasin is a Knowledge Entrepreneur with focus on Small Enterprises,Travel/Tourism/Hospitality 4 digital transformation projects thru value added services.", "url": "https://t.co/CpgsJOmEQv", "entities": {"url": {"urls": [{"url": "https://t.co/CpgsJOmEQv", "expanded_url": "http://dollybhasin.brandyourself.com", "display_url": "dollybhasin.brandyourself.com", "indices": [0, 23]}]}, "description": {"urls": []}}, "protected": false, "followers_count": 3981, "friends_count": 4994, "listed_count": 947, "created_at": "Mon Mar 10 05:08:33 +0000 2008", "favourites_count": 903, "utc_offset": null, "time_zone": null, "geo_enabled": true, "verified": false, "statuses_count": 82894, "lang": null, "contributors_enabled": false, "is_translator": false, "is_translation_enabled": false, "profile_background_color": "DBE9ED", "profile_background_image_url": "http://abs.twimg.com/images/themes/theme17/bg.gif", "profile_background_image_url_https": "https://abs.twimg.com/images/themes/theme17/bg.gif", "profile_background_tile": false, "profile_image_url": "http://pbs.twimg.com/profile_images/675308553838526464/zp5gIBTL_normal.jpg", "profile_image_url_https": "https://pbs.twimg.com/profile_images/675308553838526464/zp5gIBTL_normal.jpg", "profile_banner_url": "https://pbs.twimg.com/profile_banners/14111628/1449841087", "profile_link_color": "CC3366", "profile_sidebar_border_color": "DBE9ED", "profile_sidebar_fill_color": "E6F6F9", "profile_text_color": "333333", "profile_use_background_image": true, "has_extended_profile": false, "default_profile": false, "default_profile_image": false, "following": false, "follow_request_sent": false, "notifications": false, "translator_type": "none"}, "geo": null, "coordinates": null, "place": null, "contributors": null, "is_quote_status": false, "retweet_count": 0, "favorite_count": 0, "favorited": false, "retweeted": false, "possibly_sensitive": false, "lang": "en"}