{"created_at": "Sun Jul 22 12:59:29 +0000 2018", "id": 1021016885708480512, "id_str": "1021016885708480512", "text": "@Write2Fite \"Fire and Fury,\" A Haiku Set\n\nwhite house briefing\na mouth that opens\nand closes\n\nwhite house guards\nli\u2026 https://t.co/c8fHTFO4sn", "truncated": true, "entities": {"hashtags": [], "symbols": [], "user_mentions": [{"screen_name": "Write2Fite", "name": "\uff21\uff53\uff50\uff45\uff4e \u2712\ufe0f\u00a9AspenBrave\u00ae\u2122", "id": 1427772518, "id_str": "1427772518", "indices": [0, 11]}], "urls": [{"url": "https://t.co/c8fHTFO4sn", "expanded_url": "https://twitter.com/i/web/status/1021016885708480512", "display_url": "twitter.com/i/web/status/1\u2026", "indices": [117, 140]}]}, "source": "<a href=\"http://twitter.com\" rel=\"nofollow\">Twitter Web Client</a>", "in_reply_to_status_id": 1020097669530730496, "in_reply_to_status_id_str": "1020097669530730496", "in_reply_to_user_id": 1427772518, "in_reply_to_user_id_str": "1427772518", "in_reply_to_screen_name": "Write2Fite", "user": {"id": 58919084, "id_str": "58919084", "name": "Chen-ou Liu", "screen_name": "ericcoliu", "location": "Canada", "description": "Author of Following the Moon to the Maple Land (First Prize Winner, 2011 Haiku Pix Chapbook Contest). Chen-ou Liu's haiku and tanka have won 128 awards", "url": "http://t.co/G7JQYqGrhR", "entities": {"url": {"urls": [{"url": "http://t.co/G7JQYqGrhR", "expanded_url": "http://chenouliu.blogspot.com/", "display_url": "chenouliu.blogspot.com", "indices": [0, 22]}]}, "description": {"urls": []}}, "protected": false, "followers_count": 3754, "friends_count": 6, "listed_count": 277, "created_at": "Tue Jul 21 20:57:47 +0000 2009", "favourites_count": 715, "utc_offset": null, "time_zone": null, "geo_enabled": false, "verified": false, "statuses_count": 91128, "lang": null, "contributors_enabled": false, "is_translator": false, "is_translation_enabled": false, "profile_background_color": "C0DEED", "profile_background_image_url": "http://abs.twimg.com/images/themes/theme1/bg.png", "profile_background_image_url_https": "https://abs.twimg.com/images/themes/theme1/bg.png", "profile_background_tile": false, "profile_image_url": "http://pbs.twimg.com/profile_images/325362288/chen-ou_normal.jpg", "profile_image_url_https": "https://pbs.twimg.com/profile_images/325362288/chen-ou_normal.jpg", "profile_link_color": "1DA1F2", "profile_sidebar_border_color": "C0DEED", "profile_sidebar_fill_color": "DDEEF6", "profile_text_color": "333333", "profile_use_background_image": true, "has_extended_profile": false, "default_profile": true, "default_profile_image": false, "following": false, "follow_request_sent": false, "notifications": false, "translator_type": "none"}, "geo": null, "coordinates": null, "place": null, "contributors": null, "is_quote_status": false, "retweet_count": 5, "favorite_count": 8, "favorited": false, "retweeted": false, "possibly_sensitive": false, "lang": "en"}