{"created_at": "Sun Jul 22 13:20:27 +0000 2018", "id": 1021022161291698177, "id_str": "1021022161291698177", "text": "NYT: Federal Prosecutors Questioned Trump Deputy Bill Shine | https://t.co/MPVljr6yUO https://t.co/JHQMdVhPJ4 via @Newsmax", "truncated": false, "entities": {"hashtags": [], "symbols": [], "user_mentions": [{"screen_name": "newsmax", "name": "Newsmax", "id": 20545835, "id_str": "20545835", "indices": [114, 122]}], "urls": [{"url": "https://t.co/MPVljr6yUO", "expanded_url": "http://Newsmax.com", "display_url": "Newsmax.com", "indices": [62, 85]}, {"url": "https://t.co/JHQMdVhPJ4", "expanded_url": "https://www.newsmax.com/politics/bill-shine-fox-news-roger-ailes-sexual-harassment/2018/07/21/id/873009/?ns_mail_job=DM3861_07222018&s=acs&dkt_nbr=01050243sl9h&ns_mail_uid=ff570e03-dda2-47ff-ad49-2ca4c67e195e", "display_url": "newsmax.com/politics/bill-\u2026", "indices": [86, 109]}]}, "source": "<a href=\"http://twitter.com\" rel=\"nofollow\">Twitter Web Client</a>", "in_reply_to_status_id": null, "in_reply_to_status_id_str": null, "in_reply_to_user_id": null, "in_reply_to_user_id_str": null, "in_reply_to_screen_name": null, "user": {"id": 3697981583, "id_str": "3697981583", "name": "Edgar George Walcott", "screen_name": "peerpayo", "location": "", "description": "I tell it like I see it", "url": null, "entities": {"description": {"urls": []}}, "protected": false, "followers_count": 13, "friends_count": 80, "listed_count": 0, "created_at": "Fri Sep 18 15:58:26 +0000 2015", "favourites_count": 2, "utc_offset": null, "time_zone": null, "geo_enabled": true, "verified": false, "statuses_count": 16424, "lang": null, "contributors_enabled": false, "is_translator": false, "is_translation_enabled": false, "profile_background_color": "C0DEED", "profile_background_image_url": "http://abs.twimg.com/images/themes/theme1/bg.png", "profile_background_image_url_https": "https://abs.twimg.com/images/themes/theme1/bg.png", "profile_background_tile": false, "profile_image_url": "http://abs.twimg.com/sticky/default_profile_images/default_profile_normal.png", "profile_image_url_https": "https://abs.twimg.com/sticky/default_profile_images/default_profile_normal.png", "profile_link_color": "1DA1F2", "profile_sidebar_border_color": "C0DEED", "profile_sidebar_fill_color": "DDEEF6", "profile_text_color": "333333", "profile_use_background_image": true, "has_extended_profile": false, "default_profile": true, "default_profile_image": true, "following": false, "follow_request_sent": false, "notifications": false, "translator_type": "none"}, "geo": null, "coordinates": null, "place": null, "contributors": null, "is_quote_status": false, "retweet_count": 0, "favorite_count": 0, "favorited": false, "retweeted": false, "possibly_sensitive": false, "lang": "en"}