{"created_at": "Sun Jul 22 17:35:25 +0000 2018", "id": 1021086323912970240, "id_str": "1021086323912970240", "text": "What does this mean for hillary? Greenwald: Ecuador Working to Finalize Assange's Release to UK Officials |\u2026 https://t.co/ZwGt2TTh7A", "truncated": true, "entities": {"hashtags": [], "symbols": [], "user_mentions": [], "urls": [{"url": "https://t.co/ZwGt2TTh7A", "expanded_url": "https://twitter.com/i/web/status/1021086323912970240", "display_url": "twitter.com/i/web/status/1\u2026", "indices": [109, 132]}]}, "source": "<a href=\"http://twitter.com\" rel=\"nofollow\">Twitter Web Client</a>", "in_reply_to_status_id": null, "in_reply_to_status_id_str": null, "in_reply_to_user_id": null, "in_reply_to_user_id_str": null, "in_reply_to_screen_name": null, "user": {"id": 72647147, "id_str": "72647147", "name": "JD Carpanzano", "screen_name": "JDCarpanzano", "location": "Greensboro, Ga", "description": "Constitutional Conservative I love this country and the Progressives are destroying it but I will work to stop them! Novelist fiction/political", "url": "http://t.co/M6cP1eDKMp", "entities": {"url": {"urls": [{"url": "http://t.co/M6cP1eDKMp", "expanded_url": "http://questionwithboldnessamerica.blogspot.com/", "display_url": "\u2026stionwithboldnessamerica.blogspot.com", "indices": [0, 22]}]}, "description": {"urls": []}}, "protected": false, "followers_count": 598, "friends_count": 904, "listed_count": 7, "created_at": "Tue Sep 08 19:46:43 +0000 2009", "favourites_count": 10436, "utc_offset": null, "time_zone": null, "geo_enabled": false, "verified": false, "statuses_count": 20940, "lang": null, "contributors_enabled": false, "is_translator": false, "is_translation_enabled": false, "profile_background_color": "C0DEED", "profile_background_image_url": "http://abs.twimg.com/images/themes/theme1/bg.png", "profile_background_image_url_https": "https://abs.twimg.com/images/themes/theme1/bg.png", "profile_background_tile": false, "profile_image_url": "http://pbs.twimg.com/profile_images/836086629177655298/rq4XWMve_normal.jpg", "profile_image_url_https": "https://pbs.twimg.com/profile_images/836086629177655298/rq4XWMve_normal.jpg", "profile_banner_url": "https://pbs.twimg.com/profile_banners/72647147/1490067493", "profile_link_color": "0084B4", "profile_sidebar_border_color": "FFFFFF", "profile_sidebar_fill_color": "DDEEF6", "profile_text_color": "333333", "profile_use_background_image": true, "has_extended_profile": true, "default_profile": false, "default_profile_image": false, "following": false, "follow_request_sent": false, "notifications": false, "translator_type": "none"}, "geo": null, "coordinates": null, "place": null, "contributors": null, "is_quote_status": false, "retweet_count": 0, "favorite_count": 0, "favorited": false, "retweeted": false, "possibly_sensitive": false, "lang": "en"}