{"created_at": "Sun Jul 22 14:52:46 +0000 2018", "id": 1021045391553417216, "id_str": "1021045391553417216", "text": "@Sandervdlinde @GvanderGarde Ze hadden toen een afspraak onder de rijders bij de briefing dat ze de witte lijn niet\u2026 https://t.co/DNTyWbcrH6", "truncated": true, "entities": {"hashtags": [], "symbols": [], "user_mentions": [{"screen_name": "Sandervdlinde", "name": "Sander", "id": 41118225, "id_str": "41118225", "indices": [0, 14]}, {"screen_name": "GvanderGarde", "name": "Giedo van der Garde", "id": 45575696, "id_str": "45575696", "indices": [15, 28]}], "urls": [{"url": "https://t.co/DNTyWbcrH6", "expanded_url": "https://twitter.com/i/web/status/1021045391553417216", "display_url": "twitter.com/i/web/status/1\u2026", "indices": [117, 140]}]}, "source": "<a href=\"http://twitter.com\" rel=\"nofollow\">Twitter Web Client</a>", "in_reply_to_status_id": 1021044730627534848, "in_reply_to_status_id_str": "1021044730627534848", "in_reply_to_user_id": 41118225, "in_reply_to_user_id_str": "41118225", "in_reply_to_screen_name": "Sandervdlinde", "user": {"id": 54362591, "id_str": "54362591", "name": "Rob van Gameren", "screen_name": "VanGamerenF1", "location": "", "description": "\ud83c\udfce\ud83c\udfc0\ud83d\udeb4\ud83c\udffb\u200d\u2642\ufe0f | F1-sidekick bij @ZiggoSport", "url": "https://t.co/G4MD1uH9Yk", "entities": {"url": {"urls": [{"url": "https://t.co/G4MD1uH9Yk", "expanded_url": "http://www.instagram.com/VanGamerenF1", "display_url": "instagram.com/VanGamerenF1", "indices": [0, 23]}]}, "description": {"urls": []}}, "protected": false, "followers_count": 59894, "friends_count": 604, "listed_count": 303, "created_at": "Mon Jul 06 22:52:27 +0000 2009", "favourites_count": 1812, "utc_offset": null, "time_zone": null, "geo_enabled": true, "verified": false, "statuses_count": 6542, "lang": null, "contributors_enabled": false, "is_translator": false, "is_translation_enabled": false, "profile_background_color": "C0DEED", "profile_background_image_url": "http://abs.twimg.com/images/themes/theme1/bg.png", "profile_background_image_url_https": "https://abs.twimg.com/images/themes/theme1/bg.png", "profile_background_tile": false, "profile_image_url": "http://pbs.twimg.com/profile_images/1107230869733937162/iuBiNdv4_normal.jpg", "profile_image_url_https": "https://pbs.twimg.com/profile_images/1107230869733937162/iuBiNdv4_normal.jpg", "profile_banner_url": "https://pbs.twimg.com/profile_banners/54362591/1538575542", "profile_link_color": "1DA1F2", "profile_sidebar_border_color": "C0DEED", "profile_sidebar_fill_color": "DDEEF6", "profile_text_color": "333333", "profile_use_background_image": true, "has_extended_profile": true, "default_profile": true, "default_profile_image": false, "following": false, "follow_request_sent": false, "notifications": false, "translator_type": "none"}, "geo": null, "coordinates": null, "place": null, "contributors": null, "is_quote_status": false, "retweet_count": 0, "favorite_count": 1, "favorited": false, "retweeted": false, "lang": "nl"}