{"created_at": "Sun Jul 22 19:26:03 +0000 2018", "id": 1021114166352855041, "id_str": "1021114166352855041", "text": "Israel Jets Said To Strike Iranian-Run Missile Production Facility In Syria https://t.co/AstjD2sMlA", "truncated": false, "entities": {"hashtags": [], "symbols": [], "user_mentions": [], "urls": [{"url": "https://t.co/AstjD2sMlA", "expanded_url": "http://dlvr.it/QcPlmL", "display_url": "dlvr.it/QcPlmL", "indices": [76, 99]}]}, "source": "<a href=\"https://dlvrit.com/\" rel=\"nofollow\">dlvr.it</a>", "in_reply_to_status_id": null, "in_reply_to_status_id_str": null, "in_reply_to_user_id": null, "in_reply_to_user_id_str": null, "in_reply_to_screen_name": null, "user": {"id": 40510796, "id_str": "40510796", "name": "The Briefing Room", "screen_name": "Briefing__Room", "location": "USA", "description": "2014 Top 100 Conservative Website. #Political opinion, commentary, and research from the Right.. Heard on #Hannity and #TheBlaze Join us today. #TCOT", "url": "http://t.co/ckEuIy6CHm", "entities": {"url": {"urls": [{"url": "http://t.co/ckEuIy6CHm", "expanded_url": "http://www.GOPBriefingRoom.com", "display_url": "GOPBriefingRoom.com", "indices": [0, 22]}]}, "description": {"urls": []}}, "protected": false, "followers_count": 3567, "friends_count": 3714, "listed_count": 269, "created_at": "Sat May 16 18:03:53 +0000 2009", "favourites_count": 473, "utc_offset": null, "time_zone": null, "geo_enabled": false, "verified": false, "statuses_count": 276754, "lang": null, "contributors_enabled": false, "is_translator": false, "is_translation_enabled": false, "profile_background_color": "626469", "profile_background_image_url": "http://abs.twimg.com/images/themes/theme1/bg.png", "profile_background_image_url_https": "https://abs.twimg.com/images/themes/theme1/bg.png", "profile_background_tile": false, "profile_image_url": "http://pbs.twimg.com/profile_images/822559029838970880/uGmIrHDe_normal.jpg", "profile_image_url_https": "https://pbs.twimg.com/profile_images/822559029838970880/uGmIrHDe_normal.jpg", "profile_banner_url": "https://pbs.twimg.com/profile_banners/40510796/1398460400", "profile_link_color": "700811", "profile_sidebar_border_color": "000000", "profile_sidebar_fill_color": "F2F9C4", "profile_text_color": "BCBCC5", "profile_use_background_image": true, "has_extended_profile": false, "default_profile": false, "default_profile_image": false, "following": false, "follow_request_sent": false, "notifications": false, "translator_type": "none"}, "geo": null, "coordinates": null, "place": null, "contributors": null, "is_quote_status": false, "retweet_count": 0, "favorite_count": 0, "favorited": false, "retweeted": false, "possibly_sensitive": false, "lang": "en"}