{"created_at": "Tue Jul 24 14:16:57 +0000 2018", "id": 1021761153616306176, "id_str": "1021761153616306176", "text": "I liked a @YouTube video https://t.co/0iPMcYtbIA 7/23/18: White House Press Briefing", "truncated": false, "entities": {"hashtags": [], "symbols": [], "user_mentions": [{"screen_name": "YouTube", "name": "YouTube", "id": 10228272, "id_str": "10228272", "indices": [10, 18]}], "urls": [{"url": "https://t.co/0iPMcYtbIA", "expanded_url": "http://youtu.be/FjSpDLJRiW8?a", "display_url": "youtu.be/FjSpDLJRiW8?a", "indices": [25, 48]}]}, "source": "<a href=\"https://www.google.com/\" rel=\"nofollow\">Google</a>", "in_reply_to_status_id": null, "in_reply_to_status_id_str": null, "in_reply_to_user_id": null, "in_reply_to_user_id_str": null, "in_reply_to_screen_name": null, "user": {"id": 134573450, "id_str": "134573450", "name": "JoeRAWKhead", "screen_name": "NyxxyDooDohs", "location": "#ATCnation", "description": "At this point, what does it really matter?", "url": null, "entities": {"description": {"urls": []}}, "protected": false, "followers_count": 31, "friends_count": 139, "listed_count": 11, "created_at": "Sun Apr 18 20:46:30 +0000 2010", "favourites_count": 72, "utc_offset": null, "time_zone": null, "geo_enabled": true, "verified": false, "statuses_count": 4800, "lang": null, "contributors_enabled": false, "is_translator": false, "is_translation_enabled": false, "profile_background_color": "C0DEED", "profile_background_image_url": "http://abs.twimg.com/images/themes/theme1/bg.png", "profile_background_image_url_https": "https://abs.twimg.com/images/themes/theme1/bg.png", "profile_background_tile": true, "profile_image_url": "http://pbs.twimg.com/profile_images/900906151759368192/OhElav6H_normal.jpg", "profile_image_url_https": "https://pbs.twimg.com/profile_images/900906151759368192/OhElav6H_normal.jpg", "profile_banner_url": "https://pbs.twimg.com/profile_banners/134573450/1503627994", "profile_link_color": "0084B4", "profile_sidebar_border_color": "C0DEED", "profile_sidebar_fill_color": "DDEEF6", "profile_text_color": "333333", "profile_use_background_image": true, "has_extended_profile": true, "default_profile": false, "default_profile_image": false, "following": false, "follow_request_sent": false, "notifications": false, "translator_type": "none"}, "geo": null, "coordinates": null, "place": null, "contributors": null, "is_quote_status": false, "retweet_count": 0, "favorite_count": 0, "favorited": false, "retweeted": false, "possibly_sensitive": false, "lang": "en"}