{"created_at": "Sun Jul 22 19:25:12 +0000 2018", "id": 1021113954930749440, "id_str": "1021113954930749440", "text": "DJT candidate got a standard counter intelligence briefing\u2014just like HRC did\u2014in August of 2016. https://t.co/Bt3mHnK4NY", "truncated": false, "entities": {"hashtags": [], "symbols": [], "user_mentions": [], "urls": [{"url": "https://t.co/Bt3mHnK4NY", "expanded_url": "https://twitter.com/kingadrob70/status/1021075808855773184", "display_url": "twitter.com/kingadrob70/st\u2026", "indices": [96, 119]}]}, "source": "<a href=\"http://twitter.com/download/iphone\" rel=\"nofollow\">Twitter for iPhone</a>", "in_reply_to_status_id": null, "in_reply_to_status_id_str": null, "in_reply_to_user_id": null, "in_reply_to_user_id_str": null, "in_reply_to_screen_name": null, "user": {"id": 22054765, "id_str": "22054765", "name": "Chase Teeples", "screen_name": "nchaseteeples", "location": "Nashville, TN", "description": "Plaintiffs\u2019 employment lawyer & federal litigator. Views my own. Lots of tweets about law & politics. RTs are not endorsements.", "url": null, "entities": {"description": {"urls": []}}, "protected": false, "followers_count": 1063, "friends_count": 4898, "listed_count": 17, "created_at": "Thu Feb 26 20:10:53 +0000 2009", "favourites_count": 271504, "utc_offset": null, "time_zone": null, "geo_enabled": true, "verified": false, "statuses_count": 114724, "lang": null, "contributors_enabled": false, "is_translator": false, "is_translation_enabled": false, "profile_background_color": "709397", "profile_background_image_url": "http://abs.twimg.com/images/themes/theme6/bg.gif", "profile_background_image_url_https": "https://abs.twimg.com/images/themes/theme6/bg.gif", "profile_background_tile": true, "profile_image_url": "http://pbs.twimg.com/profile_images/1212048938884317185/S7xmJhx0_normal.jpg", "profile_image_url_https": "https://pbs.twimg.com/profile_images/1212048938884317185/S7xmJhx0_normal.jpg", "profile_banner_url": "https://pbs.twimg.com/profile_banners/22054765/1576879373", "profile_link_color": "FF3300", "profile_sidebar_border_color": "FFFFFF", "profile_sidebar_fill_color": "A0C5C7", "profile_text_color": "333333", "profile_use_background_image": true, "has_extended_profile": false, "default_profile": false, "default_profile_image": false, "following": false, "follow_request_sent": false, "notifications": false, "translator_type": "none"}, "geo": null, "coordinates": null, "place": null, "contributors": null, "is_quote_status": true, "quoted_status_id": 1021075808855773184, "quoted_status_id_str": "1021075808855773184", "quoted_status": {"created_at": "Sun Jul 22 16:53:38 +0000 2018", "id": 1021075808855773184, "id_str": "1021075808855773184", "text": "@realThosJffrsn @BuckSexton @BretBaier If that was the case, why not notify the candidate @realDonaldTrump as to th\u2026 https://t.co/ABHtWMCKxG", "truncated": true, "entities": {"hashtags": [], "symbols": [], "user_mentions": [{"screen_name": "realThosJffrsn", "name": "Thomas Jefferson", "id": 710322746283130880, "id_str": "710322746283130880", "indices": [0, 15]}, {"screen_name": "BuckSexton", "name": "Buck Sexton", "id": 334715818, "id_str": "334715818", "indices": [16, 27]}, {"screen_name": "BretBaier", "name": "Bret Baier", "id": 18646108, "id_str": "18646108", "indices": [28, 38]}, {"screen_name": "realDonaldTrump", "name": "Donald J. Trump", "id": 25073877, "id_str": "25073877", "indices": [90, 106]}], "urls": [{"url": "https://t.co/ABHtWMCKxG", "expanded_url": "https://twitter.com/i/web/status/1021075808855773184", "display_url": "twitter.com/i/web/status/1\u2026", "indices": [117, 140]}]}, "source": "<a href=\"http://twitter.com/download/android\" rel=\"nofollow\">Twitter for Android</a>", "in_reply_to_status_id": 1021036820585504768, "in_reply_to_status_id_str": "1021036820585504768", "in_reply_to_user_id": 710322746283130880, "in_reply_to_user_id_str": "710322746283130880", "in_reply_to_screen_name": "realThosJffrsn", "user": {"id": 33048148, "id_str": "33048148", "name": "King Ad Rob - \ud83c\uddfa\ud83c\uddf8 2-tier justice system?", "screen_name": "kingadrob70", "location": "Redondo Beach, California, USA", "description": "Center-right, reasonable person that is tired of the IC & MSM manipulation of the American people!!! XVII - beep/bop/boop", "url": null, "entities": {"description": {"urls": []}}, "protected": false, "followers_count": 2301, "friends_count": 4947, "listed_count": 2, "created_at": "Sat Apr 18 23:20:13 +0000 2009", "favourites_count": 9047, "utc_offset": null, "time_zone": null, "geo_enabled": true, "verified": false, "statuses_count": 6496, "lang": null, "contributors_enabled": false, "is_translator": false, "is_translation_enabled": false, "profile_background_color": "C0DEED", "profile_background_image_url": "http://abs.twimg.com/images/themes/theme1/bg.png", "profile_background_image_url_https": "https://abs.twimg.com/images/themes/theme1/bg.png", "profile_background_tile": false, "profile_image_url": "http://pbs.twimg.com/profile_images/1251520045642989572/Kozwy-dU_normal.jpg", "profile_image_url_https": "https://pbs.twimg.com/profile_images/1251520045642989572/Kozwy-dU_normal.jpg", "profile_banner_url": "https://pbs.twimg.com/profile_banners/33048148/1588454133", "profile_link_color": "1DA1F2", "profile_sidebar_border_color": "C0DEED", "profile_sidebar_fill_color": "DDEEF6", "profile_text_color": "333333", "profile_use_background_image": true, "has_extended_profile": false, "default_profile": true, "default_profile_image": false, "following": false, "follow_request_sent": false, "notifications": false, "translator_type": "none"}, "geo": null, "coordinates": null, "place": null, "contributors": null, "is_quote_status": false, "retweet_count": 0, "favorite_count": 12, "favorited": false, "retweeted": false, "lang": "en"}, "retweet_count": 0, "favorite_count": 0, "favorited": false, "retweeted": false, "possibly_sensitive": false, "lang": "en"}