{"created_at": "Mon Jul 23 00:22:16 +0000 2018", "id": 1021188714222039040, "id_str": "1021188714222039040", "text": "Top story: Mark Zuckerberg is a horror show. But there\u2019s a glimmer of truth hidden in his latest blunder. - The Was\u2026 https://t.co/KlsBj8T2nf", "truncated": true, "entities": {"hashtags": [], "symbols": [], "user_mentions": [], "urls": [{"url": "https://t.co/KlsBj8T2nf", "expanded_url": "https://twitter.com/i/web/status/1021188714222039040", "display_url": "twitter.com/i/web/status/1\u2026", "indices": [117, 140]}]}, "source": "<a href=\"https://www.tweetedtimes.com\" rel=\"nofollow\">The Tweeted Times</a>", "in_reply_to_status_id": null, "in_reply_to_status_id_str": null, "in_reply_to_user_id": null, "in_reply_to_user_id_str": null, "in_reply_to_screen_name": null, "user": {"id": 19685394, "id_str": "19685394", "name": "Patty Ball", "screen_name": "poochiesan24", "location": "Beverly, MA", "description": "Creating & delivering online workshops in technology, job search   skills, social media and more. Making learning fun, engaging and productive", "url": "https://t.co/qnjEa1JG0P", "entities": {"url": {"urls": [{"url": "https://t.co/qnjEa1JG0P", "expanded_url": "http://www.linkedin.com/in/pattyballma/", "display_url": "linkedin.com/in/pattyballma/", "indices": [0, 23]}]}, "description": {"urls": []}}, "protected": false, "followers_count": 1374, "friends_count": 2111, "listed_count": 104, "created_at": "Thu Jan 29 00:01:55 +0000 2009", "favourites_count": 566, "utc_offset": null, "time_zone": null, "geo_enabled": true, "verified": false, "statuses_count": 40011, "lang": null, "contributors_enabled": false, "is_translator": false, "is_translation_enabled": false, "profile_background_color": "FCEBB6", "profile_background_image_url": "http://abs.twimg.com/images/themes/theme2/bg.gif", "profile_background_image_url_https": "https://abs.twimg.com/images/themes/theme2/bg.gif", "profile_background_tile": true, "profile_image_url": "http://pbs.twimg.com/profile_images/1149804097/Patty_28_normal.jpg", "profile_image_url_https": "https://pbs.twimg.com/profile_images/1149804097/Patty_28_normal.jpg", "profile_banner_url": "https://pbs.twimg.com/profile_banners/19685394/1385417596", "profile_link_color": "CE7834", "profile_sidebar_border_color": "F0A830", "profile_sidebar_fill_color": "78C0A8", "profile_text_color": "5E412F", "profile_use_background_image": true, "has_extended_profile": false, "default_profile": false, "default_profile_image": false, "following": false, "follow_request_sent": false, "notifications": false, "translator_type": "none"}, "geo": null, "coordinates": null, "place": null, "contributors": null, "is_quote_status": false, "retweet_count": 0, "favorite_count": 0, "favorited": false, "retweeted": false, "possibly_sensitive": false, "lang": "en"}