{"created_at": "Sun Jul 22 16:31:58 +0000 2018", "id": 1021070359322296325, "id_str": "1021070359322296325", "text": "Briefing skipper \u00e0 la Trinit\u00e9 sur Mer pour la @drheamcup.\nD\u00e9part demain du ponton \u00e0 13h30, 1er signal \u00e0 15h00 dans\u2026 https://t.co/4jxiY5z1ur", "truncated": true, "entities": {"hashtags": [], "symbols": [], "user_mentions": [{"screen_name": "DrheamCup", "name": "Drheam-Cup", "id": 4235544220, "id_str": "4235544220", "indices": [46, 56]}], "urls": [{"url": "https://t.co/4jxiY5z1ur", "expanded_url": "https://twitter.com/i/web/status/1021070359322296325", "display_url": "twitter.com/i/web/status/1\u2026", "indices": [116, 139]}]}, "source": "<a href=\"http://twitter.com/download/iphone\" rel=\"nofollow\">Twitter for iPhone</a>", "in_reply_to_status_id": null, "in_reply_to_status_id_str": null, "in_reply_to_user_id": null, "in_reply_to_user_id_str": null, "in_reply_to_screen_name": null, "user": {"id": 833964896404508672, "id_str": "833964896404508672", "name": "D\u00e9fi Voile SEP | Thibaut Vauchel-Camus", "screen_name": "DefiVoileSEP", "location": "", "description": "Le D\u00e9fi Voile Solidaires En Peloton est un projet sportif et citoyen porteur du message d'espoir \"vaincre ensemble la scl\u00e9rose en plaques\".", "url": "https://t.co/5oaFmFi6f5", "entities": {"url": {"urls": [{"url": "https://t.co/5oaFmFi6f5", "expanded_url": "http://www.defi-voile-solidairesenpeloton.fr/", "display_url": "defi-voile-solidairesenpeloton.fr", "indices": [0, 23]}]}, "description": {"urls": []}}, "protected": false, "followers_count": 880, "friends_count": 311, "listed_count": 9, "created_at": "Tue Feb 21 09:01:40 +0000 2017", "favourites_count": 1343, "utc_offset": null, "time_zone": null, "geo_enabled": true, "verified": false, "statuses_count": 1167, "lang": null, "contributors_enabled": false, "is_translator": false, "is_translation_enabled": false, "profile_background_color": "000000", "profile_background_image_url": "http://abs.twimg.com/images/themes/theme1/bg.png", "profile_background_image_url_https": "https://abs.twimg.com/images/themes/theme1/bg.png", "profile_background_tile": false, "profile_image_url": "http://pbs.twimg.com/profile_images/836901781011644419/rEm_t06P_normal.jpg", "profile_image_url_https": "https://pbs.twimg.com/profile_images/836901781011644419/rEm_t06P_normal.jpg", "profile_banner_url": "https://pbs.twimg.com/profile_banners/833964896404508672/1574343438", "profile_link_color": "1B95E0", "profile_sidebar_border_color": "000000", "profile_sidebar_fill_color": "000000", "profile_text_color": "000000", "profile_use_background_image": false, "has_extended_profile": false, "default_profile": false, "default_profile_image": false, "following": false, "follow_request_sent": false, "notifications": false, "translator_type": "none"}, "geo": null, "coordinates": null, "place": null, "contributors": null, "is_quote_status": false, "retweet_count": 2, "favorite_count": 4, "favorited": false, "retweeted": false, "possibly_sensitive": false, "lang": "fr"}