{"created_at": "Tue Jul 24 06:47:00 +0000 2018", "id": 1021647923346587648, "id_str": "1021647923346587648", "text": "Last year the American Society of Civil Engineers (ASCE) released its 2017 infrastructure report card, which gave o\u2026 https://t.co/02g87xskYf", "truncated": true, "entities": {"hashtags": [], "symbols": [], "user_mentions": [], "urls": [{"url": "https://t.co/02g87xskYf", "expanded_url": "https://twitter.com/i/web/status/1021647923346587648", "display_url": "twitter.com/i/web/status/1\u2026", "indices": [117, 140]}]}, "source": "<a href=\"https://buffer.com\" rel=\"nofollow\">Buffer</a>", "in_reply_to_status_id": null, "in_reply_to_status_id_str": null, "in_reply_to_user_id": null, "in_reply_to_user_id_str": null, "in_reply_to_screen_name": null, "user": {"id": 288218865, "id_str": "288218865", "name": "FPA Engineers", "screen_name": "FPAengineers", "location": "Wall, New Jersey", "description": "A Multi-Discipline Engineering Firm\n\nAdvancing Our Client's Vision | Improving Our World\n\nNJ, NY, PA, GA + Beyond", "url": "https://t.co/Mgkzauf88g", "entities": {"url": {"urls": [{"url": "https://t.co/Mgkzauf88g", "expanded_url": "http://FPAengineers.com", "display_url": "FPAengineers.com", "indices": [0, 23]}]}, "description": {"urls": []}}, "protected": false, "followers_count": 175, "friends_count": 19, "listed_count": 7, "created_at": "Tue Apr 26 13:13:39 +0000 2011", "favourites_count": 27, "utc_offset": null, "time_zone": null, "geo_enabled": true, "verified": false, "statuses_count": 1225, "lang": null, "contributors_enabled": false, "is_translator": false, "is_translation_enabled": false, "profile_background_color": "000000", "profile_background_image_url": "http://abs.twimg.com/images/themes/theme1/bg.png", "profile_background_image_url_https": "https://abs.twimg.com/images/themes/theme1/bg.png", "profile_background_tile": false, "profile_image_url": "http://pbs.twimg.com/profile_images/1055539805507993600/KgCUMNTy_normal.jpg", "profile_image_url_https": "https://pbs.twimg.com/profile_images/1055539805507993600/KgCUMNTy_normal.jpg", "profile_banner_url": "https://pbs.twimg.com/profile_banners/288218865/1557761549", "profile_link_color": "1B355E", "profile_sidebar_border_color": "000000", "profile_sidebar_fill_color": "000000", "profile_text_color": "000000", "profile_use_background_image": false, "has_extended_profile": false, "default_profile": false, "default_profile_image": false, "following": false, "follow_request_sent": false, "notifications": false, "translator_type": "none"}, "geo": null, "coordinates": null, "place": null, "contributors": null, "is_quote_status": false, "retweet_count": 2, "favorite_count": 4, "favorited": false, "retweeted": false, "possibly_sensitive": false, "lang": "en"}