{"created_at": "Mon Jul 23 03:09:41 +0000 2018", "id": 1021230845225385984, "id_str": "1021230845225385984", "text": "Iran's Supreme Leader Warns of Closing Strait of Hormuz | https://t.co/Buion0S7mD https://t.co/OO3UGs6gva via @Newsmax", "truncated": false, "entities": {"hashtags": [], "symbols": [], "user_mentions": [{"screen_name": "newsmax", "name": "Newsmax", "id": 20545835, "id_str": "20545835", "indices": [110, 118]}], "urls": [{"url": "https://t.co/Buion0S7mD", "expanded_url": "http://Newsmax.com", "display_url": "Newsmax.com", "indices": [58, 81]}, {"url": "https://t.co/OO3UGs6gva", "expanded_url": "https://www.newsmax.com/world/globaltalk/iran-oil-strait-of-hormuz/2018/07/21/id/873059/", "display_url": "newsmax.com/world/globalta\u2026", "indices": [82, 105]}]}, "source": "<a href=\"http://twitter.com\" rel=\"nofollow\">Twitter Web Client</a>", "in_reply_to_status_id": null, "in_reply_to_status_id_str": null, "in_reply_to_user_id": null, "in_reply_to_user_id_str": null, "in_reply_to_screen_name": null, "user": {"id": 124578114, "id_str": "124578114", "name": "Gerald Peterson", "screen_name": "SiFuPeterson", "location": "", "description": "", "url": null, "entities": {"description": {"urls": []}}, "protected": false, "followers_count": 917, "friends_count": 2069, "listed_count": 90, "created_at": "Fri Mar 19 21:43:26 +0000 2010", "favourites_count": 18810, "utc_offset": null, "time_zone": null, "geo_enabled": true, "verified": false, "statuses_count": 160082, "lang": null, "contributors_enabled": false, "is_translator": false, "is_translation_enabled": false, "profile_background_color": "352726", "profile_background_image_url": "http://abs.twimg.com/images/themes/theme5/bg.gif", "profile_background_image_url_https": "https://abs.twimg.com/images/themes/theme5/bg.gif", "profile_background_tile": false, "profile_image_url": "http://pbs.twimg.com/profile_images/506259864885006336/Rm7G6uSz_normal.jpeg", "profile_image_url_https": "https://pbs.twimg.com/profile_images/506259864885006336/Rm7G6uSz_normal.jpeg", "profile_link_color": "D02B55", "profile_sidebar_border_color": "829D5E", "profile_sidebar_fill_color": "99CC33", "profile_text_color": "3E4415", "profile_use_background_image": true, "has_extended_profile": true, "default_profile": false, "default_profile_image": false, "following": false, "follow_request_sent": false, "notifications": false, "translator_type": "none"}, "geo": null, "coordinates": null, "place": null, "contributors": null, "is_quote_status": false, "retweet_count": 0, "favorite_count": 0, "favorited": false, "retweeted": false, "possibly_sensitive": false, "lang": "en"}