{"created_at": "Mon Jul 23 14:26:58 +0000 2018", "id": 1021401289341775877, "id_str": "1021401289341775877", "text": "@will_c_fischer @realDonaldTrump The parade is a waste of money. The American Society of Civil Engineers\u2019 Report Ca\u2026 https://t.co/cyheaDFmTs", "truncated": true, "entities": {"hashtags": [], "symbols": [], "user_mentions": [{"screen_name": "will_c_fischer", "name": "Will Fischer", "id": 894221489616158721, "id_str": "894221489616158721", "indices": [0, 15]}, {"screen_name": "realDonaldTrump", "name": "Donald J. Trump", "id": 25073877, "id_str": "25073877", "indices": [16, 32]}], "urls": [{"url": "https://t.co/cyheaDFmTs", "expanded_url": "https://twitter.com/i/web/status/1021401289341775877", "display_url": "twitter.com/i/web/status/1\u2026", "indices": [117, 140]}]}, "source": "<a href=\"http://twitter.com\" rel=\"nofollow\">Twitter Web Client</a>", "in_reply_to_status_id": 1020386257602600960, "in_reply_to_status_id_str": "1020386257602600960", "in_reply_to_user_id": 894221489616158721, "in_reply_to_user_id_str": "894221489616158721", "in_reply_to_screen_name": "will_c_fischer", "user": {"id": 25675493, "id_str": "25675493", "name": "Audrey Goyette", "screen_name": "NHfreebird", "location": "", "description": "BA Political Science,  Master\u00b4s Degree in Education, US Army Veteran, Whirligig Maker", "url": null, "entities": {"description": {"urls": []}}, "protected": false, "followers_count": 349, "friends_count": 755, "listed_count": 1, "created_at": "Sat Mar 21 13:58:17 +0000 2009", "favourites_count": 13158, "utc_offset": null, "time_zone": null, "geo_enabled": false, "verified": false, "statuses_count": 7984, "lang": null, "contributors_enabled": false, "is_translator": false, "is_translation_enabled": false, "profile_background_color": "0099B9", "profile_background_image_url": "http://abs.twimg.com/images/themes/theme4/bg.gif", "profile_background_image_url_https": "https://abs.twimg.com/images/themes/theme4/bg.gif", "profile_background_tile": false, "profile_image_url": "http://pbs.twimg.com/profile_images/1163135114035048448/gYkQr8LE_normal.jpg", "profile_image_url_https": "https://pbs.twimg.com/profile_images/1163135114035048448/gYkQr8LE_normal.jpg", "profile_banner_url": "https://pbs.twimg.com/profile_banners/25675493/1488553582", "profile_link_color": "0099B9", "profile_sidebar_border_color": "5ED4DC", "profile_sidebar_fill_color": "95E8EC", "profile_text_color": "3C3940", "profile_use_background_image": true, "has_extended_profile": false, "default_profile": false, "default_profile_image": false, "following": false, "follow_request_sent": false, "notifications": false, "translator_type": "none"}, "geo": null, "coordinates": null, "place": null, "contributors": null, "is_quote_status": false, "retweet_count": 0, "favorite_count": 0, "favorited": false, "retweeted": false, "lang": "en"}