{"created_at": "Tue Jul 24 04:07:23 +0000 2018", "id": 1021607752488116224, "id_str": "1021607752488116224", "text": "i  want.... to  dinosaur minigolf  at the mall...", "truncated": false, "entities": {"hashtags": [], "symbols": [], "user_mentions": [], "urls": []}, "source": "<a href=\"http://twitter.com\" rel=\"nofollow\">Twitter Web Client</a>", "in_reply_to_status_id": null, "in_reply_to_status_id_str": null, "in_reply_to_user_id": null, "in_reply_to_user_id_str": null, "in_reply_to_screen_name": null, "user": {"id": 2413754197, "id_str": "2413754197", "name": "hunter \ud83e\udd69", "screen_name": "FleshAtronach", "location": "h e ", "description": "hunter \u2022 24 \u2022 aeugh \u2022 just drawings: @skinnedhound", "url": "https://t.co/56CH1EaSGG", "entities": {"url": {"urls": [{"url": "https://t.co/56CH1EaSGG", "expanded_url": "https://fleshatronach.carrd.co/", "display_url": "fleshatronach.carrd.co", "indices": [0, 23]}]}, "description": {"urls": []}}, "protected": false, "followers_count": 1605, "friends_count": 518, "listed_count": 8, "created_at": "Thu Mar 27 06:31:33 +0000 2014", "favourites_count": 30645, "utc_offset": null, "time_zone": null, "geo_enabled": false, "verified": false, "statuses_count": 11330, "lang": null, "contributors_enabled": false, "is_translator": false, "is_translation_enabled": false, "profile_background_color": "131516", "profile_background_image_url": "http://abs.twimg.com/images/themes/theme14/bg.gif", "profile_background_image_url_https": "https://abs.twimg.com/images/themes/theme14/bg.gif", "profile_background_tile": true, "profile_image_url": "http://pbs.twimg.com/profile_images/1249131799407661056/vFW8c5Fz_normal.png", "profile_image_url_https": "https://pbs.twimg.com/profile_images/1249131799407661056/vFW8c5Fz_normal.png", "profile_banner_url": "https://pbs.twimg.com/profile_banners/2413754197/1594846324", "profile_link_color": "FAB81E", "profile_sidebar_border_color": "000000", "profile_sidebar_fill_color": "000000", "profile_text_color": "000000", "profile_use_background_image": true, "has_extended_profile": true, "default_profile": false, "default_profile_image": false, "following": false, "follow_request_sent": false, "notifications": false, "translator_type": "none"}, "geo": null, "coordinates": null, "place": null, "contributors": null, "is_quote_status": false, "retweet_count": 0, "favorite_count": 2, "favorited": false, "retweeted": false, "lang": "en"}