{"created_at": "Tue Jul 24 14:03:47 +0000 2018", "id": 1021757842431397888, "id_str": "1021757842431397888", "text": "@ilyseh @NBCNews @WSJ This is technically incorrect. Poll misleads that overturning RvW would OUTLAW abortion, whic\u2026 https://t.co/GrzfPbTjsq", "truncated": true, "entities": {"hashtags": [], "symbols": [], "user_mentions": [{"screen_name": "ilyseh", "name": "ilyseh", "id": 7860902, "id_str": "7860902", "indices": [0, 7]}, {"screen_name": "NBCNews", "name": "NBC News", "id": 14173315, "id_str": "14173315", "indices": [8, 16]}, {"screen_name": "WSJ", "name": "The Wall Street Journal", "id": 3108351, "id_str": "3108351", "indices": [17, 21]}], "urls": [{"url": "https://t.co/GrzfPbTjsq", "expanded_url": "https://twitter.com/i/web/status/1021757842431397888", "display_url": "twitter.com/i/web/status/1\u2026", "indices": [117, 140]}]}, "source": "<a href=\"http://twitter.com\" rel=\"nofollow\">Twitter Web Client</a>", "in_reply_to_status_id": 1021505752064839686, "in_reply_to_status_id_str": "1021505752064839686", "in_reply_to_user_id": 7860902, "in_reply_to_user_id_str": "7860902", "in_reply_to_screen_name": "ilyseh", "user": {"id": 1017230707054309377, "id_str": "1017230707054309377", "name": "Gentleman Jon \ud83c\uddfa\ud83c\uddf8", "screen_name": "GentlemanJonD", "location": "New York, NY", "description": "\u201cThe mind is its own place, and in itself can make a heaven of hell, a hell of heaven..\u201d  \u2015John Milton, Paradise Lost\n\nPreferred Pronouns: Pluralis Majestatis", "url": null, "entities": {"description": {"urls": []}}, "protected": false, "followers_count": 3236, "friends_count": 0, "listed_count": 7, "created_at": "Thu Jul 12 02:14:34 +0000 2018", "favourites_count": 0, "utc_offset": null, "time_zone": null, "geo_enabled": false, "verified": false, "statuses_count": 39442, "lang": null, "contributors_enabled": false, "is_translator": false, "is_translation_enabled": false, "profile_background_color": "F5F8FA", "profile_background_image_url": null, "profile_background_image_url_https": null, "profile_background_tile": false, "profile_image_url": "http://pbs.twimg.com/profile_images/1282162808176738304/B-zvsAvi_normal.jpg", "profile_image_url_https": "https://pbs.twimg.com/profile_images/1282162808176738304/B-zvsAvi_normal.jpg", "profile_banner_url": "https://pbs.twimg.com/profile_banners/1017230707054309377/1531403063", "profile_link_color": "1DA1F2", "profile_sidebar_border_color": "C0DEED", "profile_sidebar_fill_color": "DDEEF6", "profile_text_color": "333333", "profile_use_background_image": true, "has_extended_profile": true, "default_profile": true, "default_profile_image": false, "following": false, "follow_request_sent": false, "notifications": false, "translator_type": "none"}, "geo": null, "coordinates": null, "place": null, "contributors": null, "is_quote_status": false, "retweet_count": 0, "favorite_count": 0, "favorited": false, "retweeted": false, "lang": "en"}