{"created_at": "Mon Jul 23 14:01:56 +0000 2018", "id": 1021394989962735617, "id_str": "1021394989962735617", "text": "#OTD President Bush announces David Souter as his nominee to fill the Supreme Court Justice vacancy left by William\u2026 https://t.co/7DpLB5i3at", "truncated": true, "entities": {"hashtags": [{"text": "OTD", "indices": [0, 4]}], "symbols": [], "user_mentions": [], "urls": [{"url": "https://t.co/7DpLB5i3at", "expanded_url": "https://twitter.com/i/web/status/1021394989962735617", "display_url": "twitter.com/i/web/status/1\u2026", "indices": [117, 140]}]}, "source": "<a href=\"https://www.hootsuite.com\" rel=\"nofollow\">Hootsuite Inc.</a>", "in_reply_to_status_id": null, "in_reply_to_status_id_str": null, "in_reply_to_user_id": null, "in_reply_to_user_id_str": null, "in_reply_to_screen_name": null, "user": {"id": 133456403, "id_str": "133456403", "name": "Bush Library", "screen_name": "Bush41Library", "location": "College Station, Texas", "description": "The official Twitter profile for the George H.W. Bush Presidential Library and Museum, operated by the National Archives and Records Administration.", "url": "http://t.co/jCw0wFd45R", "entities": {"url": {"urls": [{"url": "http://t.co/jCw0wFd45R", "expanded_url": "http://bush41library.org", "display_url": "bush41library.org", "indices": [0, 22]}]}, "description": {"urls": []}}, "protected": false, "followers_count": 59437, "friends_count": 320, "listed_count": 539, "created_at": "Thu Apr 15 21:11:32 +0000 2010", "favourites_count": 2635, "utc_offset": null, "time_zone": null, "geo_enabled": true, "verified": true, "statuses_count": 5566, "lang": null, "contributors_enabled": false, "is_translator": false, "is_translation_enabled": false, "profile_background_color": "C0DEED", "profile_background_image_url": "http://abs.twimg.com/images/themes/theme1/bg.png", "profile_background_image_url_https": "https://abs.twimg.com/images/themes/theme1/bg.png", "profile_background_tile": false, "profile_image_url": "http://pbs.twimg.com/profile_images/954378885105422336/fQAixNCR_normal.jpg", "profile_image_url_https": "https://pbs.twimg.com/profile_images/954378885105422336/fQAixNCR_normal.jpg", "profile_banner_url": "https://pbs.twimg.com/profile_banners/133456403/1552066402", "profile_link_color": "1DA1F2", "profile_sidebar_border_color": "C0DEED", "profile_sidebar_fill_color": "DDEEF6", "profile_text_color": "333333", "profile_use_background_image": true, "has_extended_profile": false, "default_profile": true, "default_profile_image": false, "following": false, "follow_request_sent": false, "notifications": false, "translator_type": "none"}, "geo": null, "coordinates": null, "place": null, "contributors": null, "is_quote_status": false, "retweet_count": 3, "favorite_count": 42, "favorited": false, "retweeted": false, "possibly_sensitive": false, "lang": "en"}