{"created_at": "Fri Jul 27 15:37:51 +0000 2018", "id": 1022868677123862528, "id_str": "1022868677123862528", "text": "@BretBaier @FoxNews @CNN @NBCNews @CBSNews @ABC so, if you are outraged then why not boycott the White House. Every\u2026 https://t.co/ICQhVHr6ml", "truncated": true, "entities": {"hashtags": [], "symbols": [], "user_mentions": [{"screen_name": "BretBaier", "name": "Bret Baier", "id": 18646108, "id_str": "18646108", "indices": [0, 10]}, {"screen_name": "FoxNews", "name": "Fox News", "id": 1367531, "id_str": "1367531", "indices": [11, 19]}, {"screen_name": "CNN", "name": "CNN", "id": 759251, "id_str": "759251", "indices": [20, 24]}, {"screen_name": "NBCNews", "name": "NBC News", "id": 14173315, "id_str": "14173315", "indices": [25, 33]}, {"screen_name": "CBSNews", "name": "CBS News", "id": 15012486, "id_str": "15012486", "indices": [34, 42]}, {"screen_name": "ABC", "name": "ABC News", "id": 28785486, "id_str": "28785486", "indices": [43, 47]}], "urls": [{"url": "https://t.co/ICQhVHr6ml", "expanded_url": "https://twitter.com/i/web/status/1022868677123862528", "display_url": "twitter.com/i/web/status/1\u2026", "indices": [117, 140]}]}, "source": "<a href=\"http://twitter.com/download/iphone\" rel=\"nofollow\">Twitter for iPhone</a>", "in_reply_to_status_id": 1022249152003158017, "in_reply_to_status_id_str": "1022249152003158017", "in_reply_to_user_id": 18646108, "in_reply_to_user_id_str": "18646108", "in_reply_to_screen_name": "BretBaier", "user": {"id": 275821122, "id_str": "275821122", "name": "Jennifer Dunbar", "screen_name": "jene4anne", "location": "Dallas Tx", "description": "Born in Dallas raised in Midland, Texas :-) I'm a teacher and I \ud83d\udc99\ud83d\udc99it!! A football and Dallas Stars hockey fanatic. \u2764\ufe0f\ud83d\udda4\ud83d\udc48\ud83c\udffc\ud83d\udc49\ud83c\udffc\ud83c\udfc8\ud83c\udfd2\ud83d\udc9a", "url": null, "entities": {"description": {"urls": []}}, "protected": false, "followers_count": 202, "friends_count": 384, "listed_count": 3, "created_at": "Sat Apr 02 02:25:54 +0000 2011", "favourites_count": 2201, "utc_offset": null, "time_zone": null, "geo_enabled": false, "verified": false, "statuses_count": 3293, "lang": null, "contributors_enabled": false, "is_translator": false, "is_translation_enabled": false, "profile_background_color": "C0DEED", "profile_background_image_url": "http://abs.twimg.com/images/themes/theme1/bg.png", "profile_background_image_url_https": "https://abs.twimg.com/images/themes/theme1/bg.png", "profile_background_tile": false, "profile_image_url": "http://pbs.twimg.com/profile_images/1567369385/I_am_a_Stars_girl2_normal.jpg", "profile_image_url_https": "https://pbs.twimg.com/profile_images/1567369385/I_am_a_Stars_girl2_normal.jpg", "profile_link_color": "1DA1F2", "profile_sidebar_border_color": "C0DEED", "profile_sidebar_fill_color": "DDEEF6", "profile_text_color": "333333", "profile_use_background_image": true, "has_extended_profile": true, "default_profile": true, "default_profile_image": false, "following": false, "follow_request_sent": false, "notifications": false, "translator_type": "none"}, "geo": null, "coordinates": null, "place": null, "contributors": null, "is_quote_status": false, "retweet_count": 0, "favorite_count": 2, "favorited": false, "retweeted": false, "lang": "en"}