{"created_at": "Wed Jul 25 13:54:35 +0000 2018", "id": 1022117913514467330, "id_str": "1022117913514467330", "text": "#ICYMI: On \"Colorado's Morning News\" @KOANewsRadio:\nFormer White House Press Secretary @seanspicer joined\u2026 https://t.co/pewGDOeA2Y", "truncated": true, "entities": {"hashtags": [{"text": "ICYMI", "indices": [0, 6]}], "symbols": [], "user_mentions": [{"screen_name": "KOANewsRadio", "name": "@KOANewsRadio has moved to @KOAColorado", "id": 1166790643235999744, "id_str": "1166790643235999744", "indices": [37, 50]}, {"screen_name": "seanspicer", "name": "Sean Spicer", "id": 20776147, "id_str": "20776147", "indices": [87, 98]}], "urls": [{"url": "https://t.co/pewGDOeA2Y", "expanded_url": "https://twitter.com/i/web/status/1022117913514467330", "display_url": "twitter.com/i/web/status/1\u2026", "indices": [107, 130]}]}, "source": "<a href=\"http://twitter.com\" rel=\"nofollow\">Twitter Web Client</a>", "in_reply_to_status_id": null, "in_reply_to_status_id_str": null, "in_reply_to_user_id": null, "in_reply_to_user_id_str": null, "in_reply_to_screen_name": null, "user": {"id": 606703243, "id_str": "606703243", "name": "Marty Lenz", "screen_name": "MartyLenz_KOA", "location": "In Your Ear!", "description": "Father of 3, Husband to 1! \u2764\ufe0f\nAnchor/Co-Host @KOAColorado's Morning News\n\ud83c\udf99\ufe0f\ud83d\udcfb Former Anchor @KCBSRadio. Always @ColoradoStateU! \nYou Never Lose At Home - CGL", "url": "https://t.co/eTQa4DcZpn", "entities": {"url": {"urls": [{"url": "https://t.co/eTQa4DcZpn", "expanded_url": "https://koacolorado.iheart.com/featured/colorado-s-morning-news/", "display_url": "koacolorado.iheart.com/featured/color\u2026", "indices": [0, 23]}]}, "description": {"urls": []}}, "protected": false, "followers_count": 1397, "friends_count": 950, "listed_count": 38, "created_at": "Tue Jun 12 22:44:41 +0000 2012", "favourites_count": 14409, "utc_offset": null, "time_zone": null, "geo_enabled": true, "verified": false, "statuses_count": 20906, "lang": null, "contributors_enabled": false, "is_translator": false, "is_translation_enabled": false, "profile_background_color": "4A913C", "profile_background_image_url": "http://abs.twimg.com/images/themes/theme1/bg.png", "profile_background_image_url_https": "https://abs.twimg.com/images/themes/theme1/bg.png", "profile_background_tile": true, "profile_image_url": "http://pbs.twimg.com/profile_images/1265781431122321408/lAvM21t1_normal.jpg", "profile_image_url_https": "https://pbs.twimg.com/profile_images/1265781431122321408/lAvM21t1_normal.jpg", "profile_banner_url": "https://pbs.twimg.com/profile_banners/606703243/1580764142", "profile_link_color": "1B95E0", "profile_sidebar_border_color": "000000", "profile_sidebar_fill_color": "000000", "profile_text_color": "000000", "profile_use_background_image": true, "has_extended_profile": true, "default_profile": false, "default_profile_image": false, "following": false, "follow_request_sent": false, "notifications": false, "translator_type": "none"}, "geo": null, "coordinates": null, "place": null, "contributors": null, "is_quote_status": false, "retweet_count": 1, "favorite_count": 3, "favorited": false, "retweeted": false, "possibly_sensitive": false, "lang": "en"}