{"created_at": "Wed Jul 25 15:54:16 +0000 2018", "id": 1022148035139313664, "id_str": "1022148035139313664", "text": "Last night, @BookTV attended the release party for former White House Press Secretary @SeanSpicer\u2019s book, \u201cThe Brie\u2026 https://t.co/19JBhsGU4I", "truncated": true, "entities": {"hashtags": [], "symbols": [], "user_mentions": [{"screen_name": "BookTV", "name": "BookTV on C-SPAN2", "id": 60628575, "id_str": "60628575", "indices": [12, 19]}, {"screen_name": "seanspicer", "name": "Sean Spicer", "id": 20776147, "id_str": "20776147", "indices": [86, 97]}], "urls": [{"url": "https://t.co/19JBhsGU4I", "expanded_url": "https://twitter.com/i/web/status/1022148035139313664", "display_url": "twitter.com/i/web/status/1\u2026", "indices": [117, 140]}]}, "source": "<a href=\"http://twitter.com/download/iphone\" rel=\"nofollow\">Twitter for iPhone</a>", "in_reply_to_status_id": null, "in_reply_to_status_id_str": null, "in_reply_to_user_id": null, "in_reply_to_user_id_str": null, "in_reply_to_screen_name": null, "user": {"id": 60628575, "id_str": "60628575", "name": "BookTV on C-SPAN2", "screen_name": "BookTV", "location": "Washington, DC", "description": "Nonfiction books & authors every weekend.  Book fairs, interviews, call in shows, After Words, In Depth. \nhttps://t.co/sWwERzikBs", "url": "http://t.co/cK6Hf2oUHN", "entities": {"url": {"urls": [{"url": "http://t.co/cK6Hf2oUHN", "expanded_url": "http://www.booktv.org", "display_url": "booktv.org", "indices": [0, 22]}]}, "description": {"urls": [{"url": "https://t.co/sWwERzikBs", "expanded_url": "http://tap.bio/@booktv", "display_url": "tap.bio/@booktv", "indices": [106, 129]}]}}, "protected": false, "followers_count": 236670, "friends_count": 752, "listed_count": 2084, "created_at": "Mon Jul 27 15:40:51 +0000 2009", "favourites_count": 1967, "utc_offset": null, "time_zone": null, "geo_enabled": true, "verified": true, "statuses_count": 28711, "lang": null, "contributors_enabled": false, "is_translator": false, "is_translation_enabled": false, "profile_background_color": "FFF490", "profile_background_image_url": "http://abs.twimg.com/images/themes/theme1/bg.png", "profile_background_image_url_https": "https://abs.twimg.com/images/themes/theme1/bg.png", "profile_background_tile": true, "profile_image_url": "http://pbs.twimg.com/profile_images/1107638905682186242/qX1Bgc5I_normal.png", "profile_image_url_https": "https://pbs.twimg.com/profile_images/1107638905682186242/qX1Bgc5I_normal.png", "profile_banner_url": "https://pbs.twimg.com/profile_banners/60628575/1552916681", "profile_link_color": "CC0000", "profile_sidebar_border_color": "CC0000", "profile_sidebar_fill_color": "FFF490", "profile_text_color": "050505", "profile_use_background_image": true, "has_extended_profile": false, "default_profile": false, "default_profile_image": false, "following": false, "follow_request_sent": false, "notifications": false, "translator_type": "none"}, "geo": null, "coordinates": null, "place": {"id": "01fbe706f872cb32", "url": "https://api.twitter.com/1.1/geo/id/01fbe706f872cb32.json", "place_type": "city", "name": "Washington", "full_name": "Washington, DC", "country_code": "US", "country": "United States", "contained_within": [], "bounding_box": {"type": "Polygon", "coordinates": [[[-77.119401, 38.801826], [-76.909396, 38.801826], [-76.909396, 38.9953797], [-77.119401, 38.9953797]]]}, "attributes": {}}, "contributors": null, "is_quote_status": false, "retweet_count": 0, "favorite_count": 3, "favorited": false, "retweeted": false, "possibly_sensitive": false, "lang": "en"}