{"created_at": "Fri Jul 27 10:56:52 +0000 2018", "id": 1022797966652977152, "id_str": "1022797966652977152", "text": "@Uncle_Jimbo @KurtSchlichter ...carefully explain in two syllable words so you understood it, that CNN will never g\u2026 https://t.co/ijwropEeEs", "truncated": true, "entities": {"hashtags": [], "symbols": [], "user_mentions": [{"screen_name": "Uncle_Jimbo", "name": "Jim Hanson", "id": 948976310466080768, "id_str": "948976310466080768", "indices": [0, 12]}, {"screen_name": "KurtSchlichter", "name": "Kurt Schlichter", "id": 18089606, "id_str": "18089606", "indices": [13, 28]}], "urls": [{"url": "https://t.co/ijwropEeEs", "expanded_url": "https://twitter.com/i/web/status/1022797966652977152", "display_url": "twitter.com/i/web/status/1\u2026", "indices": [117, 140]}]}, "source": "<a href=\"http://twitter.com/download/iphone\" rel=\"nofollow\">Twitter for iPhone</a>", "in_reply_to_status_id": 1022797216698826752, "in_reply_to_status_id_str": "1022797216698826752", "in_reply_to_user_id": 19655686, "in_reply_to_user_id_str": "19655686", "in_reply_to_screen_name": "granvillea", "user": {"id": 19655686, "id_str": "19655686", "name": "Granville M. Alley", "screen_name": "granvillea", "location": "North Carolina, USA", "description": "Roll Tide Roll!  Go Bama!\nCongrats Clemson! \nMAGA! KAG! Media is Propaganda Arm of Democrat Party #StopElectionFraud #EndTheSteal", "url": null, "entities": {"description": {"urls": []}}, "protected": false, "followers_count": 21369, "friends_count": 22583, "listed_count": 0, "created_at": "Wed Jan 28 15:08:57 +0000 2009", "favourites_count": 30869, "utc_offset": null, "time_zone": null, "geo_enabled": true, "verified": false, "statuses_count": 57961, "lang": null, "contributors_enabled": false, "is_translator": false, "is_translation_enabled": false, "profile_background_color": "C0DEED", "profile_background_image_url": "http://abs.twimg.com/images/themes/theme1/bg.png", "profile_background_image_url_https": "https://abs.twimg.com/images/themes/theme1/bg.png", "profile_background_tile": false, "profile_image_url": "http://pbs.twimg.com/profile_images/769275630299013121/E1J2u23S_normal.jpg", "profile_image_url_https": "https://pbs.twimg.com/profile_images/769275630299013121/E1J2u23S_normal.jpg", "profile_link_color": "1DA1F2", "profile_sidebar_border_color": "C0DEED", "profile_sidebar_fill_color": "DDEEF6", "profile_text_color": "333333", "profile_use_background_image": true, "has_extended_profile": true, "default_profile": true, "default_profile_image": false, "following": false, "follow_request_sent": false, "notifications": false, "translator_type": "none"}, "geo": null, "coordinates": null, "place": null, "contributors": null, "is_quote_status": false, "retweet_count": 0, "favorite_count": 0, "favorited": false, "retweeted": false, "lang": "en"}