{"created_at": "Thu Jul 26 16:46:00 +0000 2018", "id": 1022523440329359360, "id_str": "1022523440329359360", "text": "@MollyJongFast Weeell, 6/6/17 @aricwithan_a asked at a press briefing if Trump\u2019s tweets qualify as official stateme\u2026 https://t.co/rIFYPgX4Ld", "truncated": true, "entities": {"hashtags": [], "symbols": [], "user_mentions": [{"screen_name": "MollyJongFast", "name": "Molly Jong-Fast\ud83c\udfe1", "id": 14298769, "id_str": "14298769", "indices": [0, 14]}, {"screen_name": "aricwithan_a", "name": "Aric Jenkins", "id": 3068225139, "id_str": "3068225139", "indices": [30, 43]}], "urls": [{"url": "https://t.co/rIFYPgX4Ld", "expanded_url": "https://twitter.com/i/web/status/1022523440329359360", "display_url": "twitter.com/i/web/status/1\u2026", "indices": [117, 140]}]}, "source": "<a href=\"https://mobile.twitter.com\" rel=\"nofollow\">Twitter Web App</a>", "in_reply_to_status_id": 1022521447187722243, "in_reply_to_status_id_str": "1022521447187722243", "in_reply_to_user_id": 14298769, "in_reply_to_user_id_str": "14298769", "in_reply_to_screen_name": "MollyJongFast", "user": {"id": 982651455822815232, "id_str": "982651455822815232", "name": "mamasota", "screen_name": "kittylabrava", "location": "Queens, NY ", "description": "\ud83d\udc3eNo-frills cat lady\ud83d\ude3d \n#\ud83d\udda4 \ud83d\ude37 #Vote\ud83d\udc99\n\ud83d\uddddkeep your demons on a leash\ud83c\udfad\n\ud83d\udca1the lunatic, the lover, the poet, are of imagination all compact \ud83d\udd8b\ufe0f no lists/fbr pls", "url": "https://t.co/XbszynwvEI", "entities": {"url": {"urls": [{"url": "https://t.co/XbszynwvEI", "expanded_url": "http://poets2000.com/insideout", "display_url": "poets2000.com/insideout", "indices": [0, 23]}]}, "description": {"urls": []}}, "protected": false, "followers_count": 439, "friends_count": 289, "listed_count": 1, "created_at": "Sat Apr 07 16:08:58 +0000 2018", "favourites_count": 37010, "utc_offset": null, "time_zone": null, "geo_enabled": false, "verified": false, "statuses_count": 19299, "lang": null, "contributors_enabled": false, "is_translator": false, "is_translation_enabled": false, "profile_background_color": "F5F8FA", "profile_background_image_url": null, "profile_background_image_url_https": null, "profile_background_tile": false, "profile_image_url": "http://pbs.twimg.com/profile_images/1305943778629505025/A_ISOz3v_normal.jpg", "profile_image_url_https": "https://pbs.twimg.com/profile_images/1305943778629505025/A_ISOz3v_normal.jpg", "profile_banner_url": "https://pbs.twimg.com/profile_banners/982651455822815232/1597505487", "profile_link_color": "1DA1F2", "profile_sidebar_border_color": "C0DEED", "profile_sidebar_fill_color": "DDEEF6", "profile_text_color": "333333", "profile_use_background_image": true, "has_extended_profile": true, "default_profile": true, "default_profile_image": false, "following": false, "follow_request_sent": false, "notifications": false, "translator_type": "none"}, "geo": null, "coordinates": null, "place": null, "contributors": null, "is_quote_status": false, "retweet_count": 0, "favorite_count": 0, "favorited": false, "retweeted": false, "lang": "en"}