{"created_at": "Thu Jul 26 01:03:08 +0000 2018", "id": 1022286160821997570, "id_str": "1022286160821997570", "text": "@FoxNews In my opinion all of CNN journalists oh I take that back they\u2019re not really journalists we don\u2019t know what\u2026 https://t.co/BGgT8K6Tee", "truncated": true, "entities": {"hashtags": [], "symbols": [], "user_mentions": [{"screen_name": "FoxNews", "name": "Fox News", "id": 1367531, "id_str": "1367531", "indices": [0, 8]}], "urls": [{"url": "https://t.co/BGgT8K6Tee", "expanded_url": "https://twitter.com/i/web/status/1022286160821997570", "display_url": "twitter.com/i/web/status/1\u2026", "indices": [117, 140]}]}, "source": "<a href=\"http://twitter.com/download/iphone\" rel=\"nofollow\">Twitter for iPhone</a>", "in_reply_to_status_id": 1022271222552440833, "in_reply_to_status_id_str": "1022271222552440833", "in_reply_to_user_id": 1367531, "in_reply_to_user_id_str": "1367531", "in_reply_to_screen_name": "FoxNews", "user": {"id": 988966586013900801, "id_str": "988966586013900801", "name": "business 1st", "screen_name": "business1st2", "location": "United States", "description": "Politics Business owner 34 years I work hard earn my money don't want government to take it all animal lover and Trump train rider I \u2018m not for everybody .", "url": null, "entities": {"description": {"urls": []}}, "protected": false, "followers_count": 10, "friends_count": 82, "listed_count": 4, "created_at": "Wed Apr 25 02:23:03 +0000 2018", "favourites_count": 856, "utc_offset": null, "time_zone": null, "geo_enabled": true, "verified": false, "statuses_count": 728, "lang": null, "contributors_enabled": false, "is_translator": false, "is_translation_enabled": false, "profile_background_color": "F5F8FA", "profile_background_image_url": null, "profile_background_image_url_https": null, "profile_background_tile": false, "profile_image_url": "http://pbs.twimg.com/profile_images/990004528564011013/bllHMAcg_normal.jpg", "profile_image_url_https": "https://pbs.twimg.com/profile_images/990004528564011013/bllHMAcg_normal.jpg", "profile_link_color": "1DA1F2", "profile_sidebar_border_color": "C0DEED", "profile_sidebar_fill_color": "DDEEF6", "profile_text_color": "333333", "profile_use_background_image": true, "has_extended_profile": false, "default_profile": true, "default_profile_image": false, "following": false, "follow_request_sent": false, "notifications": false, "translator_type": "none"}, "geo": null, "coordinates": null, "place": null, "contributors": null, "is_quote_status": false, "retweet_count": 0, "favorite_count": 0, "favorited": false, "retweeted": false, "lang": "en"}