{"created_at": "Sun Jul 29 02:35:48 +0000 2018", "id": 1023396643205533696, "id_str": "1023396643205533696", "text": "As former President of the Mississippi Section of the American Society of Civil Engineers, this is truly sickening\u2026 https://t.co/u1ZFJJIAQl", "truncated": true, "entities": {"hashtags": [], "symbols": [], "user_mentions": [], "urls": [{"url": "https://t.co/u1ZFJJIAQl", "expanded_url": "https://twitter.com/i/web/status/1023396643205533696", "display_url": "twitter.com/i/web/status/1\u2026", "indices": [116, 139]}]}, "source": "<a href=\"http://www.facebook.com/twitter\" rel=\"nofollow\">Facebook</a>", "in_reply_to_status_id": null, "in_reply_to_status_id_str": null, "in_reply_to_user_id": null, "in_reply_to_user_id_str": null, "in_reply_to_screen_name": null, "user": {"id": 20444033, "id_str": "20444033", "name": "Shelley Tingle", "screen_name": "stingle", "location": "", "description": "Love being a mom of three, a daughter and sister...and most important...a servant!", "url": null, "entities": {"description": {"urls": []}}, "protected": false, "followers_count": 196, "friends_count": 382, "listed_count": 3, "created_at": "Mon Feb 09 16:01:31 +0000 2009", "favourites_count": 1121, "utc_offset": null, "time_zone": null, "geo_enabled": true, "verified": false, "statuses_count": 7284, "lang": null, "contributors_enabled": false, "is_translator": false, "is_translation_enabled": false, "profile_background_color": "FF6699", "profile_background_image_url": "http://abs.twimg.com/images/themes/theme1/bg.png", "profile_background_image_url_https": "https://abs.twimg.com/images/themes/theme1/bg.png", "profile_background_tile": true, "profile_image_url": "http://pbs.twimg.com/profile_images/1207532593979240448/d_NogVC4_normal.jpg", "profile_image_url_https": "https://pbs.twimg.com/profile_images/1207532593979240448/d_NogVC4_normal.jpg", "profile_banner_url": "https://pbs.twimg.com/profile_banners/20444033/1576733181", "profile_link_color": "B40B43", "profile_sidebar_border_color": "CC3366", "profile_sidebar_fill_color": "E5507E", "profile_text_color": "362720", "profile_use_background_image": true, "has_extended_profile": false, "default_profile": false, "default_profile_image": false, "following": false, "follow_request_sent": false, "notifications": false, "translator_type": "none"}, "geo": null, "coordinates": null, "place": null, "contributors": null, "is_quote_status": false, "retweet_count": 0, "favorite_count": 1, "favorited": false, "retweeted": false, "possibly_sensitive": false, "lang": "en"}