{"created_at": "Mon Jul 30 08:22:07 +0000 2018", "id": 1023846187600932864, "id_str": "1023846187600932864", "text": "50% off tickets to Walking With Dinosaurs - The Arena Spectacular!* https://t.co/zqXWm6FU24 https://t.co/zqXWm6FU24", "truncated": false, "entities": {"hashtags": [], "symbols": [], "user_mentions": [], "urls": [{"url": "https://t.co/zqXWm6FU24", "expanded_url": "http://bit.ly/2Lw9CTL", "display_url": "bit.ly/2Lw9CTL", "indices": [68, 91]}, {"url": "https://t.co/zqXWm6FU24", "expanded_url": "http://bit.ly/2Lw9CTL", "display_url": "bit.ly/2Lw9CTL", "indices": [92, 115]}]}, "source": "<a href=\"http://www.facebook.com/twitter\" rel=\"nofollow\">Facebook</a>", "in_reply_to_status_id": null, "in_reply_to_status_id_str": null, "in_reply_to_user_id": null, "in_reply_to_user_id_str": null, "in_reply_to_screen_name": null, "user": {"id": 2921438129, "id_str": "2921438129", "name": "Bargain Catcher", "screen_name": "hunters_bargain", "location": "uk", "description": "DEALS, BARGAINS, SALES, VOUCHER CODES", "url": "https://t.co/5MWYVX7SZ2", "entities": {"url": {"urls": [{"url": "https://t.co/5MWYVX7SZ2", "expanded_url": "http://www.bargaincatcher.co.uk", "display_url": "bargaincatcher.co.uk", "indices": [0, 23]}]}, "description": {"urls": []}}, "protected": false, "followers_count": 892, "friends_count": 1441, "listed_count": 29, "created_at": "Sun Dec 14 14:26:35 +0000 2014", "favourites_count": 10, "utc_offset": null, "time_zone": null, "geo_enabled": false, "verified": false, "statuses_count": 111689, "lang": null, "contributors_enabled": false, "is_translator": false, "is_translation_enabled": false, "profile_background_color": "C0DEED", "profile_background_image_url": "http://abs.twimg.com/images/themes/theme1/bg.png", "profile_background_image_url_https": "https://abs.twimg.com/images/themes/theme1/bg.png", "profile_background_tile": false, "profile_image_url": "http://pbs.twimg.com/profile_images/1086355104285052933/eN6T7i4D_normal.jpg", "profile_image_url_https": "https://pbs.twimg.com/profile_images/1086355104285052933/eN6T7i4D_normal.jpg", "profile_banner_url": "https://pbs.twimg.com/profile_banners/2921438129/1419347487", "profile_link_color": "1DA1F2", "profile_sidebar_border_color": "C0DEED", "profile_sidebar_fill_color": "DDEEF6", "profile_text_color": "333333", "profile_use_background_image": true, "has_extended_profile": false, "default_profile": true, "default_profile_image": false, "following": false, "follow_request_sent": false, "notifications": false, "translator_type": "none"}, "geo": null, "coordinates": null, "place": null, "contributors": null, "is_quote_status": false, "retweet_count": 0, "favorite_count": 0, "favorited": false, "retweeted": false, "possibly_sensitive": false, "lang": "en"}