{"created_at": "Sun Jul 29 06:26:03 +0000 2018", "id": 1023454587846516736, "id_str": "1023454587846516736", "text": "I would love to see all the reporters stand together with the banned CNN reporter . And just stop covering the Whit\u2026 https://t.co/23An2SgQtr", "truncated": true, "entities": {"hashtags": [], "symbols": [], "user_mentions": [], "urls": [{"url": "https://t.co/23An2SgQtr", "expanded_url": "https://twitter.com/i/web/status/1023454587846516736", "display_url": "twitter.com/i/web/status/1\u2026", "indices": [117, 140]}]}, "source": "<a href=\"http://twitter.com/download/android\" rel=\"nofollow\">Twitter for Android</a>", "in_reply_to_status_id": null, "in_reply_to_status_id_str": null, "in_reply_to_user_id": null, "in_reply_to_user_id_str": null, "in_reply_to_screen_name": null, "user": {"id": 379954624, "id_str": "379954624", "name": "JAMES BUSH", "screen_name": "BUSHADEMOCRAT", "location": "OREGON", "description": "Trump must be stopped * Resist this Dictator * He is a Puppet for Putin * GOP are Corporate Sheep * McConnell = Cheney* He is a cancer destroying our Government", "url": null, "entities": {"description": {"urls": []}}, "protected": false, "followers_count": 3471, "friends_count": 5002, "listed_count": 190, "created_at": "Sun Sep 25 20:49:25 +0000 2011", "favourites_count": 28670, "utc_offset": null, "time_zone": null, "geo_enabled": false, "verified": false, "statuses_count": 123494, "lang": null, "contributors_enabled": false, "is_translator": false, "is_translation_enabled": false, "profile_background_color": "000000", "profile_background_image_url": "http://abs.twimg.com/images/themes/theme4/bg.gif", "profile_background_image_url_https": "https://abs.twimg.com/images/themes/theme4/bg.gif", "profile_background_tile": false, "profile_image_url": "http://pbs.twimg.com/profile_images/1270456640953675776/Ps4_LwIs_normal.jpg", "profile_image_url_https": "https://pbs.twimg.com/profile_images/1270456640953675776/Ps4_LwIs_normal.jpg", "profile_banner_url": "https://pbs.twimg.com/profile_banners/379954624/1598635901", "profile_link_color": "3B94D9", "profile_sidebar_border_color": "000000", "profile_sidebar_fill_color": "000000", "profile_text_color": "000000", "profile_use_background_image": false, "has_extended_profile": false, "default_profile": false, "default_profile_image": false, "following": false, "follow_request_sent": false, "notifications": false, "translator_type": "none"}, "geo": null, "coordinates": null, "place": null, "contributors": null, "is_quote_status": false, "retweet_count": 0, "favorite_count": 0, "favorited": false, "retweeted": false, "lang": "en"}