{"created_at": "Mon Jul 30 14:10:37 +0000 2018", "id": 1023933886768848897, "id_str": "1023933886768848897", "text": "Mike Pence on White House banning CNN reporter: We are \u2018maintaining decorum that is due\u2019 (VIDEO)\u2026 https://t.co/RSoCuniG7z", "truncated": true, "entities": {"hashtags": [], "symbols": [], "user_mentions": [], "urls": [{"url": "https://t.co/RSoCuniG7z", "expanded_url": "https://twitter.com/i/web/status/1023933886768848897", "display_url": "twitter.com/i/web/status/1\u2026", "indices": [98, 121]}]}, "source": "<a href=\"http://twitter.com\" rel=\"nofollow\">Twitter Web Client</a>", "in_reply_to_status_id": null, "in_reply_to_status_id_str": null, "in_reply_to_user_id": null, "in_reply_to_user_id_str": null, "in_reply_to_screen_name": null, "user": {"id": 806575117992132614, "id_str": "806575117992132614", "name": "Stacey", "screen_name": "goodie93454", "location": "", "description": "", "url": null, "entities": {"description": {"urls": []}}, "protected": false, "followers_count": 38, "friends_count": 167, "listed_count": 4, "created_at": "Wed Dec 07 19:04:28 +0000 2016", "favourites_count": 1074, "utc_offset": null, "time_zone": null, "geo_enabled": false, "verified": false, "statuses_count": 53961, "lang": null, "contributors_enabled": false, "is_translator": false, "is_translation_enabled": false, "profile_background_color": "F5F8FA", "profile_background_image_url": null, "profile_background_image_url_https": null, "profile_background_tile": false, "profile_image_url": "http://abs.twimg.com/sticky/default_profile_images/default_profile_normal.png", "profile_image_url_https": "https://abs.twimg.com/sticky/default_profile_images/default_profile_normal.png", "profile_link_color": "1DA1F2", "profile_sidebar_border_color": "C0DEED", "profile_sidebar_fill_color": "DDEEF6", "profile_text_color": "333333", "profile_use_background_image": true, "has_extended_profile": false, "default_profile": true, "default_profile_image": true, "following": false, "follow_request_sent": false, "notifications": false, "translator_type": "none"}, "geo": null, "coordinates": null, "place": null, "contributors": null, "is_quote_status": false, "retweet_count": 0, "favorite_count": 0, "favorited": false, "retweeted": false, "possibly_sensitive": false, "lang": "en"}