{"created_at": "Sat Jul 28 19:48:45 +0000 2018", "id": 1023294208130600962, "id_str": "1023294208130600962", "text": "@Eyes_On_It_All @BuzzFeedNews The DC Jacks net daily in the White House Briefing Room before Trump took office.", "truncated": false, "entities": {"hashtags": [], "symbols": [], "user_mentions": [{"screen_name": "Eyes_On_It_All", "name": "Jack Devaney", "id": 751010271880151040, "id_str": "751010271880151040", "indices": [0, 15]}, {"screen_name": "BuzzFeedNews", "name": "BuzzFeed News", "id": 1020058453, "id_str": "1020058453", "indices": [16, 29]}], "urls": []}, "source": "<a href=\"http://twitter.com/download/iphone\" rel=\"nofollow\">Twitter for iPhone</a>", "in_reply_to_status_id": 1023264399648124928, "in_reply_to_status_id_str": "1023264399648124928", "in_reply_to_user_id": 751010271880151040, "in_reply_to_user_id_str": "751010271880151040", "in_reply_to_screen_name": "Eyes_On_It_All", "user": {"id": 148863656, "id_str": "148863656", "name": "Jim Jackson", "screen_name": "MTWagon", "location": "", "description": "Deep thoughts from somewhere in Kansas. Easy, Francis, it\u2019s only some internet comments.", "url": null, "entities": {"description": {"urls": []}}, "protected": false, "followers_count": 6, "friends_count": 142, "listed_count": 2, "created_at": "Thu May 27 20:22:27 +0000 2010", "favourites_count": 292, "utc_offset": null, "time_zone": null, "geo_enabled": false, "verified": false, "statuses_count": 4455, "lang": null, "contributors_enabled": false, "is_translator": false, "is_translation_enabled": false, "profile_background_color": "C0DEED", "profile_background_image_url": "http://abs.twimg.com/images/themes/theme1/bg.png", "profile_background_image_url_https": "https://abs.twimg.com/images/themes/theme1/bg.png", "profile_background_tile": false, "profile_image_url": "http://pbs.twimg.com/profile_images/1276560143971495936/-pNqqyMC_normal.jpg", "profile_image_url_https": "https://pbs.twimg.com/profile_images/1276560143971495936/-pNqqyMC_normal.jpg", "profile_banner_url": "https://pbs.twimg.com/profile_banners/148863656/1593191065", "profile_link_color": "1DA1F2", "profile_sidebar_border_color": "C0DEED", "profile_sidebar_fill_color": "DDEEF6", "profile_text_color": "333333", "profile_use_background_image": true, "has_extended_profile": false, "default_profile": true, "default_profile_image": false, "following": false, "follow_request_sent": false, "notifications": false, "translator_type": "none"}, "geo": null, "coordinates": null, "place": null, "contributors": null, "is_quote_status": false, "retweet_count": 0, "favorite_count": 0, "favorited": false, "retweeted": false, "lang": "en"}