{"created_at": "Mon Jul 30 14:08:23 +0000 2018", "id": 1023933328683151361, "id_str": "1023933328683151361", "text": "Rudy Giuliani is hurting Donald Trump with these interviews. Everytime Giuliani keep attacking Mueller is a sign of\u2026 https://t.co/PX7onIynUT", "truncated": true, "entities": {"hashtags": [], "symbols": [], "user_mentions": [], "urls": [{"url": "https://t.co/PX7onIynUT", "expanded_url": "https://twitter.com/i/web/status/1023933328683151361", "display_url": "twitter.com/i/web/status/1\u2026", "indices": [117, 140]}]}, "source": "<a href=\"https://mobile.twitter.com\" rel=\"nofollow\">Twitter Web App</a>", "in_reply_to_status_id": null, "in_reply_to_status_id_str": null, "in_reply_to_user_id": null, "in_reply_to_user_id_str": null, "in_reply_to_screen_name": null, "user": {"id": 354523574, "id_str": "354523574", "name": "Darrell \" Voting For Sleepy Joe\" West\ud83c\udf0a\ud83c\udf0a\ud83c\udf0a", "screen_name": "DarrellPMWest", "location": "Palmer Park, Maryland", "description": "Democrats Cleaning Up Republican's Messes Since 1933. The Fan Of The #Capitals, #Mystics, #Nationals, #Chargers, #Redsox #Heat, #Clippers  #Colts and, #Dolphins", "url": null, "entities": {"description": {"urls": []}}, "protected": false, "followers_count": 2102, "friends_count": 4551, "listed_count": 4, "created_at": "Sat Aug 13 21:30:55 +0000 2011", "favourites_count": 70360, "utc_offset": null, "time_zone": null, "geo_enabled": true, "verified": false, "statuses_count": 503425, "lang": null, "contributors_enabled": false, "is_translator": false, "is_translation_enabled": false, "profile_background_color": "6699FF", "profile_background_image_url": "http://abs.twimg.com/images/themes/theme1/bg.png", "profile_background_image_url_https": "https://abs.twimg.com/images/themes/theme1/bg.png", "profile_background_tile": true, "profile_image_url": "http://pbs.twimg.com/profile_images/1293366822746689537/AQNfBTXY_normal.jpg", "profile_image_url_https": "https://pbs.twimg.com/profile_images/1293366822746689537/AQNfBTXY_normal.jpg", "profile_banner_url": "https://pbs.twimg.com/profile_banners/354523574/1598059705", "profile_link_color": "1B95E0", "profile_sidebar_border_color": "FFFFFF", "profile_sidebar_fill_color": "F3F3F3", "profile_text_color": "333333", "profile_use_background_image": true, "has_extended_profile": true, "default_profile": false, "default_profile_image": false, "following": false, "follow_request_sent": false, "notifications": false, "translator_type": "none"}, "geo": null, "coordinates": null, "place": null, "contributors": null, "is_quote_status": false, "retweet_count": 0, "favorite_count": 0, "favorited": false, "retweeted": false, "lang": "en"}