{"created_at": "Mon Jul 30 03:47:44 +0000 2018", "id": 1023777135364726784, "id_str": "1023777135364726784", "text": "Can we please send Sacha Baron Cohen incognito to a White House press briefing? #WhoIsAmerica", "truncated": false, "entities": {"hashtags": [{"text": "WhoIsAmerica", "indices": [80, 93]}], "symbols": [], "user_mentions": [], "urls": []}, "source": "<a href=\"http://twitter.com/download/iphone\" rel=\"nofollow\">Twitter for iPhone</a>", "in_reply_to_status_id": null, "in_reply_to_status_id_str": null, "in_reply_to_user_id": null, "in_reply_to_user_id_str": null, "in_reply_to_screen_name": null, "user": {"id": 462288600, "id_str": "462288600", "name": "Linda Childers", "screen_name": "lindarchilders", "location": "At the beach", "description": "Award-winning writer and fan of endless possibilities. Fluent in GIFs and sarcasm. Humor is my coping mechanism. #BidenHarris2020", "url": null, "entities": {"description": {"urls": []}}, "protected": false, "followers_count": 50393, "friends_count": 48963, "listed_count": 180, "created_at": "Thu Jan 12 19:54:33 +0000 2012", "favourites_count": 378909, "utc_offset": null, "time_zone": null, "geo_enabled": false, "verified": false, "statuses_count": 93373, "lang": null, "contributors_enabled": false, "is_translator": false, "is_translation_enabled": false, "profile_background_color": "C0DEED", "profile_background_image_url": "http://abs.twimg.com/images/themes/theme1/bg.png", "profile_background_image_url_https": "https://abs.twimg.com/images/themes/theme1/bg.png", "profile_background_tile": false, "profile_image_url": "http://pbs.twimg.com/profile_images/1302712472848068608/CwMfoj7X_normal.jpg", "profile_image_url_https": "https://pbs.twimg.com/profile_images/1302712472848068608/CwMfoj7X_normal.jpg", "profile_banner_url": "https://pbs.twimg.com/profile_banners/462288600/1597795122", "profile_link_color": "1DA1F2", "profile_sidebar_border_color": "C0DEED", "profile_sidebar_fill_color": "DDEEF6", "profile_text_color": "333333", "profile_use_background_image": true, "has_extended_profile": false, "default_profile": true, "default_profile_image": false, "following": false, "follow_request_sent": false, "notifications": false, "translator_type": "none"}, "geo": null, "coordinates": null, "place": null, "contributors": null, "is_quote_status": false, "retweet_count": 91, "favorite_count": 482, "favorited": false, "retweeted": false, "lang": "en"}