{"created_at": "Sun Jul 29 18:51:07 +0000 2018", "id": 1023642090704646144, "id_str": "1023642090704646144", "text": "@MichaelAvenatti @RudyGiuliani Interview with Wallace on Faux news they play an edited revised version of the trump Cohen tape .", "truncated": false, "entities": {"hashtags": [], "symbols": [], "user_mentions": [{"screen_name": "MichaelAvenatti", "name": "Michael Avenatti", "id": 251918778, "id_str": "251918778", "indices": [0, 16]}, {"screen_name": "RudyGiuliani", "name": "Rudy W. Giuliani", "id": 770781940341288960, "id_str": "770781940341288960", "indices": [17, 30]}], "urls": []}, "source": "<a href=\"http://twitter.com/download/iphone\" rel=\"nofollow\">Twitter for iPhone</a>", "in_reply_to_status_id": 1023563261055135744, "in_reply_to_status_id_str": "1023563261055135744", "in_reply_to_user_id": 251918778, "in_reply_to_user_id_str": "251918778", "in_reply_to_screen_name": "MichaelAvenatti", "user": {"id": 824364074741989376, "id_str": "824364074741989376", "name": "DONNA SMITH", "screen_name": "Donnaleemillar1", "location": "Louisiana , USA", "description": "I say what I think. fuck tact .", "url": null, "entities": {"description": {"urls": []}}, "protected": false, "followers_count": 68, "friends_count": 53, "listed_count": 0, "created_at": "Wed Jan 25 21:11:26 +0000 2017", "favourites_count": 21739, "utc_offset": null, "time_zone": null, "geo_enabled": true, "verified": false, "statuses_count": 7226, "lang": null, "contributors_enabled": false, "is_translator": false, "is_translation_enabled": false, "profile_background_color": "F5F8FA", "profile_background_image_url": null, "profile_background_image_url_https": null, "profile_background_tile": false, "profile_image_url": "http://pbs.twimg.com/profile_images/1087776310053793792/4H12lza0_normal.jpg", "profile_image_url_https": "https://pbs.twimg.com/profile_images/1087776310053793792/4H12lza0_normal.jpg", "profile_link_color": "1DA1F2", "profile_sidebar_border_color": "C0DEED", "profile_sidebar_fill_color": "DDEEF6", "profile_text_color": "333333", "profile_use_background_image": true, "has_extended_profile": false, "default_profile": true, "default_profile_image": false, "following": false, "follow_request_sent": false, "notifications": false, "translator_type": "none"}, "geo": null, "coordinates": null, "place": null, "contributors": null, "is_quote_status": false, "retweet_count": 0, "favorite_count": 0, "favorited": false, "retweeted": false, "lang": "en"}