{"created_at": "Tue Jul 31 04:09:49 +0000 2018", "id": 1024145078858723328, "id_str": "1024145078858723328", "text": "Interesting analysis of Rudy Giuliani's interview with CNN. lots of self contradictions is seen in interview as ana\u2026 https://t.co/qG5sfHDAib", "truncated": true, "entities": {"hashtags": [], "symbols": [], "user_mentions": [], "urls": [{"url": "https://t.co/qG5sfHDAib", "expanded_url": "https://twitter.com/i/web/status/1024145078858723328", "display_url": "twitter.com/i/web/status/1\u2026", "indices": [117, 140]}]}, "source": "<a href=\"http://twitter.com/download/android\" rel=\"nofollow\">Twitter for Android</a>", "in_reply_to_status_id": null, "in_reply_to_status_id_str": null, "in_reply_to_user_id": null, "in_reply_to_user_id_str": null, "in_reply_to_screen_name": null, "user": {"id": 966723490492616704, "id_str": "966723490492616704", "name": "Jude chukwurah atisele", "screen_name": "JudeAtisele", "location": "Blue Island, IL", "description": "", "url": null, "entities": {"description": {"urls": []}}, "protected": false, "followers_count": 6, "friends_count": 96, "listed_count": 0, "created_at": "Thu Feb 22 17:16:55 +0000 2018", "favourites_count": 0, "utc_offset": null, "time_zone": null, "geo_enabled": true, "verified": false, "statuses_count": 564, "lang": null, "contributors_enabled": false, "is_translator": false, "is_translation_enabled": false, "profile_background_color": "F5F8FA", "profile_background_image_url": null, "profile_background_image_url_https": null, "profile_background_tile": false, "profile_image_url": "http://pbs.twimg.com/profile_images/1006017777038131200/JpR0golV_normal.jpg", "profile_image_url_https": "https://pbs.twimg.com/profile_images/1006017777038131200/JpR0golV_normal.jpg", "profile_banner_url": "https://pbs.twimg.com/profile_banners/966723490492616704/1521605315", "profile_link_color": "1DA1F2", "profile_sidebar_border_color": "C0DEED", "profile_sidebar_fill_color": "DDEEF6", "profile_text_color": "333333", "profile_use_background_image": true, "has_extended_profile": true, "default_profile": true, "default_profile_image": false, "following": false, "follow_request_sent": false, "notifications": false, "translator_type": "none"}, "geo": null, "coordinates": null, "place": {"id": "042cb495c89da69f", "url": "https://api.twitter.com/1.1/geo/id/042cb495c89da69f.json", "place_type": "city", "name": "Batavia", "full_name": "Batavia, IL", "country_code": "US", "country": "United States", "contained_within": [], "bounding_box": {"type": "Polygon", "coordinates": [[[-88.401718, 41.811369], [-88.259258, 41.811369], [-88.259258, 41.8710858], [-88.401718, 41.8710858]]]}, "attributes": {}}, "contributors": null, "is_quote_status": false, "retweet_count": 0, "favorite_count": 0, "favorited": false, "retweeted": false, "possibly_sensitive": false, "lang": "en"}