{"created_at": "Tue Jul 31 19:34:32 +0000 2018", "id": 1024377794384601088, "id_str": "1024377794384601088", "text": "@Conservatella @realDonaldTrump How can you defend someone who lies to you daily? He tells America that he has no t\u2026 https://t.co/HF4paZonDR", "truncated": true, "entities": {"hashtags": [], "symbols": [], "user_mentions": [{"screen_name": "Conservatella", "name": "\ud83d\udca5Conservatella\ud83d\udca5", "id": 2653265068, "id_str": "2653265068", "indices": [0, 14]}, {"screen_name": "realDonaldTrump", "name": "Donald J. Trump", "id": 25073877, "id_str": "25073877", "indices": [15, 31]}], "urls": [{"url": "https://t.co/HF4paZonDR", "expanded_url": "https://twitter.com/i/web/status/1024377794384601088", "display_url": "twitter.com/i/web/status/1\u2026", "indices": [117, 140]}]}, "source": "<a href=\"https://mobile.twitter.com\" rel=\"nofollow\">Twitter Web App</a>", "in_reply_to_status_id": 1024367045230710786, "in_reply_to_status_id_str": "1024367045230710786", "in_reply_to_user_id": 2653265068, "in_reply_to_user_id_str": "2653265068", "in_reply_to_screen_name": "Conservatella", "user": {"id": 881430941167742976, "id_str": "881430941167742976", "name": "CeeCee", "screen_name": "CeeCeemur", "location": "", "description": "", "url": null, "entities": {"description": {"urls": []}}, "protected": false, "followers_count": 49, "friends_count": 62, "listed_count": 2, "created_at": "Sun Jul 02 08:34:47 +0000 2017", "favourites_count": 14350, "utc_offset": null, "time_zone": null, "geo_enabled": false, "verified": false, "statuses_count": 10294, "lang": null, "contributors_enabled": false, "is_translator": false, "is_translation_enabled": false, "profile_background_color": "F5F8FA", "profile_background_image_url": null, "profile_background_image_url_https": null, "profile_background_tile": false, "profile_image_url": "http://abs.twimg.com/sticky/default_profile_images/default_profile_normal.png", "profile_image_url_https": "https://abs.twimg.com/sticky/default_profile_images/default_profile_normal.png", "profile_link_color": "1DA1F2", "profile_sidebar_border_color": "C0DEED", "profile_sidebar_fill_color": "DDEEF6", "profile_text_color": "333333", "profile_use_background_image": true, "has_extended_profile": false, "default_profile": true, "default_profile_image": true, "following": false, "follow_request_sent": false, "notifications": false, "translator_type": "none"}, "geo": null, "coordinates": null, "place": null, "contributors": null, "is_quote_status": false, "retweet_count": 0, "favorite_count": 0, "favorited": false, "retweeted": false, "lang": "en"}