{"created_at": "Tue Jul 31 04:03:51 +0000 2018", "id": 1024143579755606016, "id_str": "1024143579755606016", "text": "Late Night White House Press Briefing: Is Trump Through with Porn Stars? https://t.co/VgsJld69Lh via @YouTube", "truncated": false, "entities": {"hashtags": [], "symbols": [], "user_mentions": [{"screen_name": "YouTube", "name": "YouTube", "id": 10228272, "id_str": "10228272", "indices": [101, 109]}], "urls": [{"url": "https://t.co/VgsJld69Lh", "expanded_url": "https://youtu.be/8bnEWj_bPwI", "display_url": "youtu.be/8bnEWj_bPwI", "indices": [73, 96]}]}, "source": "<a href=\"http://twitter.com\" rel=\"nofollow\">Twitter Web Client</a>", "in_reply_to_status_id": null, "in_reply_to_status_id_str": null, "in_reply_to_user_id": null, "in_reply_to_user_id_str": null, "in_reply_to_screen_name": null, "user": {"id": 768070610, "id_str": "768070610", "name": "Robin Purcell", "screen_name": "RobinKPurcell", "location": "", "description": "TRUTH", "url": null, "entities": {"description": {"urls": []}}, "protected": false, "followers_count": 857, "friends_count": 1276, "listed_count": 27, "created_at": "Sun Aug 19 19:10:44 +0000 2012", "favourites_count": 527, "utc_offset": null, "time_zone": null, "geo_enabled": false, "verified": false, "statuses_count": 221752, "lang": null, "contributors_enabled": false, "is_translator": false, "is_translation_enabled": false, "profile_background_color": "022330", "profile_background_image_url": "http://abs.twimg.com/images/themes/theme15/bg.png", "profile_background_image_url_https": "https://abs.twimg.com/images/themes/theme15/bg.png", "profile_background_tile": false, "profile_image_url": "http://pbs.twimg.com/profile_images/3502606413/b2b624bce6f298099d6ad522229b1f0d_normal.png", "profile_image_url_https": "https://pbs.twimg.com/profile_images/3502606413/b2b624bce6f298099d6ad522229b1f0d_normal.png", "profile_banner_url": "https://pbs.twimg.com/profile_banners/768070610/1567369277", "profile_link_color": "0084B4", "profile_sidebar_border_color": "FFFFFF", "profile_sidebar_fill_color": "C0DFEC", "profile_text_color": "333333", "profile_use_background_image": true, "has_extended_profile": false, "default_profile": false, "default_profile_image": false, "following": false, "follow_request_sent": false, "notifications": false, "translator_type": "none"}, "geo": null, "coordinates": null, "place": null, "contributors": null, "is_quote_status": false, "retweet_count": 0, "favorite_count": 0, "favorited": false, "retweeted": false, "possibly_sensitive": false, "lang": "en"}