{"created_at": "Wed Aug 01 07:52:07 +0000 2018", "id": 1024563412897067009, "id_str": "1024563412897067009", "text": "@starboard_light LOL!....  Did Larry just mention 'basic manners'??   Has he not seen Acosta yell and shout questio\u2026 https://t.co/RirlzA8l1G", "truncated": true, "entities": {"hashtags": [], "symbols": [], "user_mentions": [{"screen_name": "starboard_light", "name": "Rebecca 87.4% peaceful \ud83d\udc34\ud83d\udc34\ud83d\udc34", "id": 869335179688460288, "id_str": "869335179688460288", "indices": [0, 16]}], "urls": [{"url": "https://t.co/RirlzA8l1G", "expanded_url": "https://twitter.com/i/web/status/1024563412897067009", "display_url": "twitter.com/i/web/status/1\u2026", "indices": [117, 140]}]}, "source": "<a href=\"http://twitter.com/download/android\" rel=\"nofollow\">Twitter for Android</a>", "in_reply_to_status_id": 1024513201143263234, "in_reply_to_status_id_str": "1024513201143263234", "in_reply_to_user_id": 869335179688460288, "in_reply_to_user_id_str": "869335179688460288", "in_reply_to_screen_name": "starboard_light", "user": {"id": 230064852, "id_str": "230064852", "name": "Derek Straub \ud83c\uddfa\ud83c\uddf8", "screen_name": "straubderek", "location": "Marshall, MO", "description": "Swimming pool construction/service is what I do. #NRA member. \ud83c\uddfa\ud83c\uddf8", "url": null, "entities": {"description": {"urls": []}}, "protected": false, "followers_count": 113, "friends_count": 70, "listed_count": 27, "created_at": "Fri Dec 24 04:46:20 +0000 2010", "favourites_count": 27196, "utc_offset": null, "time_zone": null, "geo_enabled": false, "verified": false, "statuses_count": 53936, "lang": null, "contributors_enabled": false, "is_translator": false, "is_translation_enabled": false, "profile_background_color": "C0DEED", "profile_background_image_url": "http://abs.twimg.com/images/themes/theme1/bg.png", "profile_background_image_url_https": "https://abs.twimg.com/images/themes/theme1/bg.png", "profile_background_tile": false, "profile_image_url": "http://pbs.twimg.com/profile_images/1008339879644758018/aMYIpH4g_normal.jpg", "profile_image_url_https": "https://pbs.twimg.com/profile_images/1008339879644758018/aMYIpH4g_normal.jpg", "profile_banner_url": "https://pbs.twimg.com/profile_banners/230064852/1598784059", "profile_link_color": "1DA1F2", "profile_sidebar_border_color": "C0DEED", "profile_sidebar_fill_color": "DDEEF6", "profile_text_color": "333333", "profile_use_background_image": true, "has_extended_profile": false, "default_profile": true, "default_profile_image": false, "following": false, "follow_request_sent": false, "notifications": false, "translator_type": "none"}, "geo": null, "coordinates": null, "place": null, "contributors": null, "is_quote_status": false, "retweet_count": 0, "favorite_count": 1, "favorited": false, "retweeted": false, "lang": "en"}