{"created_at": "Tue Jul 31 18:27:48 +0000 2018", "id": 1024361000965996544, "id_str": "1024361000965996544", "text": "Incredible. Less than an hour\u2019s briefing of White House press corps, in a month. A whole month. That\u2019s less than an\u2026 https://t.co/BJYtELUK8V", "truncated": true, "entities": {"hashtags": [], "symbols": [], "user_mentions": [], "urls": [{"url": "https://t.co/BJYtELUK8V", "expanded_url": "https://twitter.com/i/web/status/1024361000965996544", "display_url": "twitter.com/i/web/status/1\u2026", "indices": [117, 140]}]}, "source": "<a href=\"http://twitter.com/download/iphone\" rel=\"nofollow\">Twitter for iPhone</a>", "in_reply_to_status_id": null, "in_reply_to_status_id_str": null, "in_reply_to_user_id": null, "in_reply_to_user_id_str": null, "in_reply_to_screen_name": null, "user": {"id": 122046037, "id_str": "122046037", "name": "Myra \u2618\ufe0f RGN RNP, WEAR A MASK!", "screen_name": "MyraWalshe", "location": "Ballina/Thomastown/Dublin", "description": "Heart Failure Nurse Specialist. Love: Paddling, Canoe Polo, music, MUFC, Andy Murray, Rugby, Poetry: Thomas, Larkin & Heaney. Views my own. She/Her", "url": null, "entities": {"description": {"urls": []}}, "protected": false, "followers_count": 215, "friends_count": 1088, "listed_count": 9, "created_at": "Thu Mar 11 12:15:11 +0000 2010", "favourites_count": 19171, "utc_offset": null, "time_zone": null, "geo_enabled": true, "verified": false, "statuses_count": 5726, "lang": null, "contributors_enabled": false, "is_translator": false, "is_translation_enabled": false, "profile_background_color": "C0DEED", "profile_background_image_url": "http://abs.twimg.com/images/themes/theme1/bg.png", "profile_background_image_url_https": "https://abs.twimg.com/images/themes/theme1/bg.png", "profile_background_tile": false, "profile_image_url": "http://pbs.twimg.com/profile_images/1282980319264727040/736wvfFC_normal.jpg", "profile_image_url_https": "https://pbs.twimg.com/profile_images/1282980319264727040/736wvfFC_normal.jpg", "profile_banner_url": "https://pbs.twimg.com/profile_banners/122046037/1399927339", "profile_link_color": "1DA1F2", "profile_sidebar_border_color": "C0DEED", "profile_sidebar_fill_color": "DDEEF6", "profile_text_color": "333333", "profile_use_background_image": true, "has_extended_profile": true, "default_profile": true, "default_profile_image": false, "following": false, "follow_request_sent": false, "notifications": false, "translator_type": "none"}, "geo": null, "coordinates": null, "place": {"id": "e59069aafae0aa25", "url": "https://api.twitter.com/1.1/geo/id/e59069aafae0aa25.json", "place_type": "city", "name": "South Dublin", "full_name": "South Dublin, Ireland", "country_code": "IE", "country": "Ireland", "contained_within": [], "bounding_box": {"type": "Polygon", "coordinates": [[[-6.5468143, 53.178753], [-6.252228, 53.178753], [-6.252228, 53.3682523], [-6.5468143, 53.3682523]]]}, "attributes": {}}, "contributors": null, "is_quote_status": true, "quoted_status_id": 1024270735391555585, "quoted_status_id_str": "1024270735391555585", "quoted_status": {"created_at": "Tue Jul 31 12:29:08 +0000 2018", "id": 1024270735391555585, "id_str": "1024270735391555585", "text": "It's the last day of the month and there is no WH briefing on the schedule. There have been 3 in July equaling a total of 58 minutes.", "truncated": false, "entities": {"hashtags": [], "symbols": [], "user_mentions": [], "urls": []}, "source": "<a href=\"http://twitter.com\" rel=\"nofollow\">Twitter Web Client</a>", "in_reply_to_status_id": null, "in_reply_to_status_id_str": null, "in_reply_to_user_id": null, "in_reply_to_user_id_str": null, "in_reply_to_screen_name": null, "user": {"id": 46309291, "id_str": "46309291", "name": "Allie Malloy", "screen_name": "AlliemalCNN", "location": "Washington, DC", "description": "Covering the White House & 2020 campaign @CNN. I tweet about politics and the Philadelphia Eagles.", "url": "https://t.co/LtFhnBTZNS", "entities": {"url": {"urls": [{"url": "https://t.co/LtFhnBTZNS", "expanded_url": "http://www.cnn.com/profiles/allie-malloy", "display_url": "cnn.com/profiles/allie\u2026", "indices": [0, 23]}]}, "description": {"urls": []}}, "protected": false, "followers_count": 11637, "friends_count": 1037, "listed_count": 304, "created_at": "Thu Jun 11 04:00:00 +0000 2009", "favourites_count": 4660, "utc_offset": null, "time_zone": null, "geo_enabled": true, "verified": true, "statuses_count": 4187, "lang": null, "contributors_enabled": false, "is_translator": false, "is_translation_enabled": false, "profile_background_color": "1A1B1F", "profile_background_image_url": "http://abs.twimg.com/images/themes/theme9/bg.gif", "profile_background_image_url_https": "https://abs.twimg.com/images/themes/theme9/bg.gif", "profile_background_tile": false, "profile_image_url": "http://pbs.twimg.com/profile_images/1233501768820166657/wWzY4ZAy_normal.jpg", "profile_image_url_https": "https://pbs.twimg.com/profile_images/1233501768820166657/wWzY4ZAy_normal.jpg", "profile_banner_url": "https://pbs.twimg.com/profile_banners/46309291/1556921819", "profile_link_color": "F5ABB5", "profile_sidebar_border_color": "FFFFFF", "profile_sidebar_fill_color": "252429", "profile_text_color": "666666", "profile_use_background_image": true, "has_extended_profile": true, "default_profile": false, "default_profile_image": false, "following": false, "follow_request_sent": false, "notifications": false, "translator_type": "none"}, "geo": null, "coordinates": null, "place": null, "contributors": null, "is_quote_status": false, "retweet_count": 673, "favorite_count": 1448, "favorited": false, "retweeted": false, "lang": "en"}, "retweet_count": 0, "favorite_count": 0, "favorited": false, "retweeted": false, "possibly_sensitive": false, "lang": "en"}