{"created_at": "Fri Aug 03 14:34:27 +0000 2018", "id": 1025389438699024384, "id_str": "1025389438699024384", "text": "@BrianKarem @PressSec @realDonaldTrump James Brady was much admired, loved as Reagan's press secretary. His poignan\u2026 https://t.co/Nw3lCgkWrF", "truncated": true, "entities": {"hashtags": [], "symbols": [], "user_mentions": [{"screen_name": "BrianKarem", "name": "Brian J. Karem", "id": 21001599, "id_str": "21001599", "indices": [0, 11]}, {"screen_name": "PressSec", "name": "Kayleigh McEnany", "id": 818927131883356161, "id_str": "818927131883356161", "indices": [12, 21]}, {"screen_name": "realDonaldTrump", "name": "Donald J. Trump", "id": 25073877, "id_str": "25073877", "indices": [22, 38]}], "urls": [{"url": "https://t.co/Nw3lCgkWrF", "expanded_url": "https://twitter.com/i/web/status/1025389438699024384", "display_url": "twitter.com/i/web/status/1\u2026", "indices": [117, 140]}]}, "source": "<a href=\"http://twitter.com\" rel=\"nofollow\">Twitter Web Client</a>", "in_reply_to_status_id": 1025162712924479489, "in_reply_to_status_id_str": "1025162712924479489", "in_reply_to_user_id": 21001599, "in_reply_to_user_id_str": "21001599", "in_reply_to_screen_name": "BrianKarem", "user": {"id": 54317462, "id_str": "54317462", "name": "BlackeyedSusan28 ~#BidenHarris2020\ud83d\udc99\ud83c\uddfa\ud83c\uddf8~BLM", "screen_name": "chesscat48", "location": "United States", "description": "\ud83e\udd8b\ud83d\udc99\ud83c\uddfa\ud83c\uddf8DAPAO/Speechwriter/TechWriter-Editor\ud83e\udd8b\ud83d\udc36\ud83d\udc31\ud83d\udcda\ud83d\udc3e\nWithout Heroes we are all plain people and don't know how far we can go.  Bernard Malamud", "url": null, "entities": {"description": {"urls": []}}, "protected": false, "followers_count": 2700, "friends_count": 5001, "listed_count": 56, "created_at": "Mon Jul 06 20:11:28 +0000 2009", "favourites_count": 78996, "utc_offset": null, "time_zone": null, "geo_enabled": false, "verified": false, "statuses_count": 127235, "lang": null, "contributors_enabled": false, "is_translator": false, "is_translation_enabled": false, "profile_background_color": "000000", "profile_background_image_url": "http://abs.twimg.com/images/themes/theme1/bg.png", "profile_background_image_url_https": "https://abs.twimg.com/images/themes/theme1/bg.png", "profile_background_tile": false, "profile_image_url": "http://pbs.twimg.com/profile_images/841787842158305280/8D6WSHQ6_normal.jpg", "profile_image_url_https": "https://pbs.twimg.com/profile_images/841787842158305280/8D6WSHQ6_normal.jpg", "profile_link_color": "1B95E0", "profile_sidebar_border_color": "000000", "profile_sidebar_fill_color": "000000", "profile_text_color": "000000", "profile_use_background_image": false, "has_extended_profile": true, "default_profile": false, "default_profile_image": false, "following": false, "follow_request_sent": false, "notifications": false, "translator_type": "none"}, "geo": null, "coordinates": null, "place": null, "contributors": null, "is_quote_status": false, "retweet_count": 0, "favorite_count": 0, "favorited": false, "retweeted": false, "lang": "en"}