{"created_at": "Thu Aug 09 11:13:02 +0000 2018", "id": 1027513078068535296, "id_str": "1027513078068535296", "text": "Rudy Giuliani tells @peteralexander there\u2019s \u201croom to negotiate\u201d when it comes to an interview between President Tru\u2026 https://t.co/D0cfCRxEsd", "truncated": true, "entities": {"hashtags": [], "symbols": [], "user_mentions": [{"screen_name": "PeterAlexander", "name": "Peter Alexander", "id": 91386979, "id_str": "91386979", "indices": [20, 35]}], "urls": [{"url": "https://t.co/D0cfCRxEsd", "expanded_url": "https://twitter.com/i/web/status/1027513078068535296", "display_url": "twitter.com/i/web/status/1\u2026", "indices": [117, 140]}]}, "source": "<a href=\"http://wildmoka.com\" rel=\"nofollow\">Wildmoka</a>", "in_reply_to_status_id": null, "in_reply_to_status_id_str": null, "in_reply_to_user_id": null, "in_reply_to_user_id_str": null, "in_reply_to_screen_name": null, "user": {"id": 7744592, "id_str": "7744592", "name": "TODAY", "screen_name": "TODAYshow", "location": "Studio 1A", "description": "America's favorite morning show", "url": "https://t.co/F4QAq97Dvo", "entities": {"url": {"urls": [{"url": "https://t.co/F4QAq97Dvo", "expanded_url": "http://TODAY.com", "display_url": "TODAY.com", "indices": [0, 23]}]}, "description": {"urls": []}}, "protected": false, "followers_count": 4250650, "friends_count": 7986, "listed_count": 18326, "created_at": "Thu Jul 26 19:56:22 +0000 2007", "favourites_count": 10313, "utc_offset": null, "time_zone": null, "geo_enabled": false, "verified": true, "statuses_count": 165332, "lang": null, "contributors_enabled": false, "is_translator": false, "is_translation_enabled": true, "profile_background_color": "FF9805", "profile_background_image_url": "http://abs.twimg.com/images/themes/theme1/bg.png", "profile_background_image_url_https": "https://abs.twimg.com/images/themes/theme1/bg.png", "profile_background_tile": false, "profile_image_url": "http://pbs.twimg.com/profile_images/1029703756206682112/nLq9XIww_normal.jpg", "profile_image_url_https": "https://pbs.twimg.com/profile_images/1029703756206682112/nLq9XIww_normal.jpg", "profile_banner_url": "https://pbs.twimg.com/profile_banners/7744592/1598466948", "profile_link_color": "FF503C", "profile_sidebar_border_color": "FFFFFF", "profile_sidebar_fill_color": "FFFAED", "profile_text_color": "525252", "profile_use_background_image": true, "has_extended_profile": true, "default_profile": false, "default_profile_image": false, "following": false, "follow_request_sent": false, "notifications": false, "translator_type": "none"}, "geo": null, "coordinates": null, "place": null, "contributors": null, "is_quote_status": false, "retweet_count": 15, "favorite_count": 38, "favorited": false, "retweeted": false, "possibly_sensitive": false, "lang": "en"}