{"created_at": "Thu Aug 09 19:04:52 +0000 2018", "id": 1027631816327553025, "id_str": "1027631816327553025", "text": "Gomez worked for Valiant which was acquired by Acclaim who wanted a superhero universe for games after losing the M\u2026 https://t.co/qrV9WHU25U", "truncated": true, "entities": {"hashtags": [], "symbols": [], "user_mentions": [], "urls": [{"url": "https://t.co/qrV9WHU25U", "expanded_url": "https://twitter.com/i/web/status/1027631816327553025", "display_url": "twitter.com/i/web/status/1\u2026", "indices": [117, 140]}]}, "source": "<a href=\"http://twitter.com\" rel=\"nofollow\">Twitter Web Client</a>", "in_reply_to_status_id": 1027629265309888512, "in_reply_to_status_id_str": "1027629265309888512", "in_reply_to_user_id": 15297709, "in_reply_to_user_id_str": "15297709", "in_reply_to_screen_name": "glecharles", "user": {"id": 15297709, "id_str": "15297709", "name": "Guy LeCharles Gonzalez \ud83d\ude37", "screen_name": "glecharles", "location": "New Jersey, USA", "description": "As in guillotine. Media pragmatist; data-informed, never data-driven. Sometimes loud, one-time poet, always opinionated. Gen X. He/Him. #cmonson", "url": "https://t.co/h9Z0b0VpKh", "entities": {"url": {"urls": [{"url": "https://t.co/h9Z0b0VpKh", "expanded_url": "https://loudpoet.com", "display_url": "loudpoet.com", "indices": [0, 23]}]}, "description": {"urls": []}}, "protected": false, "followers_count": 8236, "friends_count": 891, "listed_count": 760, "created_at": "Wed Jul 02 13:07:50 +0000 2008", "favourites_count": 17537, "utc_offset": null, "time_zone": null, "geo_enabled": true, "verified": false, "statuses_count": 45884, "lang": null, "contributors_enabled": false, "is_translator": false, "is_translation_enabled": false, "profile_background_color": "709397", "profile_background_image_url": "http://abs.twimg.com/images/themes/theme6/bg.gif", "profile_background_image_url_https": "https://abs.twimg.com/images/themes/theme6/bg.gif", "profile_background_tile": false, "profile_image_url": "http://pbs.twimg.com/profile_images/1293229501330214913/ologQjp3_normal.jpg", "profile_image_url_https": "https://pbs.twimg.com/profile_images/1293229501330214913/ologQjp3_normal.jpg", "profile_banner_url": "https://pbs.twimg.com/profile_banners/15297709/1568907469", "profile_link_color": "E81C4F", "profile_sidebar_border_color": "FFFFFF", "profile_sidebar_fill_color": "A0C5C7", "profile_text_color": "333333", "profile_use_background_image": true, "has_extended_profile": true, "default_profile": false, "default_profile_image": false, "following": false, "follow_request_sent": false, "notifications": false, "translator_type": "none"}, "geo": null, "coordinates": null, "place": null, "contributors": null, "is_quote_status": false, "retweet_count": 0, "favorite_count": 1, "favorited": false, "retweeted": false, "lang": "en"}