{"created_at": "Wed Aug 08 16:26:25 +0000 2018", "id": 1027229552718831618, "id_str": "1027229552718831618", "text": ".@RudyGiuliani- It is about time it ends... This should be over with by September 1st.\n\n| Rudy repeats Mueller has\u2026 https://t.co/hxFguDdkPr", "truncated": true, "entities": {"hashtags": [], "symbols": [], "user_mentions": [{"screen_name": "RudyGiuliani", "name": "Rudy W. Giuliani", "id": 770781940341288960, "id_str": "770781940341288960", "indices": [1, 14]}], "urls": [{"url": "https://t.co/hxFguDdkPr", "expanded_url": "https://twitter.com/i/web/status/1027229552718831618", "display_url": "twitter.com/i/web/status/1\u2026", "indices": [116, 139]}]}, "source": "<a href=\"https://about.twitter.com/products/tweetdeck\" rel=\"nofollow\">TweetDeck</a>", "in_reply_to_status_id": null, "in_reply_to_status_id_str": null, "in_reply_to_user_id": null, "in_reply_to_user_id_str": null, "in_reply_to_screen_name": null, "user": {"id": 1511018348, "id_str": "1511018348", "name": "NJ", "screen_name": "9Joe9", "location": "", "description": "Entity that disseminates news or information. Familiar with matters. Observer of \"big, fat, beautiful negotiations.\"\n\"I'm like, a smart person.\"", "url": null, "entities": {"description": {"urls": []}}, "protected": false, "followers_count": 508, "friends_count": 2228, "listed_count": 64, "created_at": "Wed Jun 12 16:44:14 +0000 2013", "favourites_count": 9177, "utc_offset": null, "time_zone": null, "geo_enabled": false, "verified": false, "statuses_count": 107778, "lang": null, "contributors_enabled": false, "is_translator": false, "is_translation_enabled": false, "profile_background_color": "C0DEED", "profile_background_image_url": "http://abs.twimg.com/images/themes/theme1/bg.png", "profile_background_image_url_https": "https://abs.twimg.com/images/themes/theme1/bg.png", "profile_background_tile": false, "profile_image_url": "http://pbs.twimg.com/profile_images/1191496121211904000/yMneEniV_normal.jpg", "profile_image_url_https": "https://pbs.twimg.com/profile_images/1191496121211904000/yMneEniV_normal.jpg", "profile_banner_url": "https://pbs.twimg.com/profile_banners/1511018348/1427900803", "profile_link_color": "1DA1F2", "profile_sidebar_border_color": "C0DEED", "profile_sidebar_fill_color": "DDEEF6", "profile_text_color": "333333", "profile_use_background_image": true, "has_extended_profile": false, "default_profile": true, "default_profile_image": false, "following": false, "follow_request_sent": false, "notifications": false, "translator_type": "none"}, "geo": null, "coordinates": null, "place": null, "contributors": null, "is_quote_status": false, "retweet_count": 0, "favorite_count": 0, "favorited": false, "retweeted": false, "lang": "en"}