{"created_at": "Wed Aug 15 16:00:08 +0000 2018", "id": 1029759653381660673, "id_str": "1029759653381660673", "text": "@RudyGiuliani Trump should sit for an interview under oath with Robert Mueller before a report is finalized. Or can\u2026 https://t.co/1rGY38BBha", "truncated": true, "entities": {"hashtags": [], "symbols": [], "user_mentions": [{"screen_name": "RudyGiuliani", "name": "Rudy W. Giuliani", "id": 770781940341288960, "id_str": "770781940341288960", "indices": [0, 13]}], "urls": [{"url": "https://t.co/1rGY38BBha", "expanded_url": "https://twitter.com/i/web/status/1029759653381660673", "display_url": "twitter.com/i/web/status/1\u2026", "indices": [117, 140]}]}, "source": "<a href=\"http://twitter.com\" rel=\"nofollow\">Twitter Web Client</a>", "in_reply_to_status_id": 1029728984446193664, "in_reply_to_status_id_str": "1029728984446193664", "in_reply_to_user_id": 770781940341288960, "in_reply_to_user_id_str": "770781940341288960", "in_reply_to_screen_name": "RudyGiuliani", "user": {"id": 943752150085263361, "id_str": "943752150085263361", "name": "ProsenKahn", "screen_name": "ProseNKahn", "location": "Florida, USA", "description": "#DefeatTrump #GunControlNow 'To tame the savageness of man and make gentle the life of this world.' - Aeschylus #VoteBlue2020 #FBR", "url": null, "entities": {"description": {"urls": []}}, "protected": false, "followers_count": 2535, "friends_count": 3700, "listed_count": 1, "created_at": "Thu Dec 21 07:57:01 +0000 2017", "favourites_count": 6027, "utc_offset": null, "time_zone": null, "geo_enabled": false, "verified": false, "statuses_count": 2975, "lang": null, "contributors_enabled": false, "is_translator": false, "is_translation_enabled": false, "profile_background_color": "F5F8FA", "profile_background_image_url": null, "profile_background_image_url_https": null, "profile_background_tile": false, "profile_image_url": "http://pbs.twimg.com/profile_images/1198789483480702976/BmXkQ4zh_normal.jpg", "profile_image_url_https": "https://pbs.twimg.com/profile_images/1198789483480702976/BmXkQ4zh_normal.jpg", "profile_banner_url": "https://pbs.twimg.com/profile_banners/943752150085263361/1528089483", "profile_link_color": "1DA1F2", "profile_sidebar_border_color": "C0DEED", "profile_sidebar_fill_color": "DDEEF6", "profile_text_color": "333333", "profile_use_background_image": true, "has_extended_profile": false, "default_profile": true, "default_profile_image": false, "following": false, "follow_request_sent": false, "notifications": false, "translator_type": "none"}, "geo": null, "coordinates": null, "place": null, "contributors": null, "is_quote_status": false, "retweet_count": 3, "favorite_count": 7, "favorited": false, "retweeted": false, "possibly_sensitive": false, "lang": "en"}