{"created_at": "Tue Aug 14 04:14:42 +0000 2018", "id": 1029219741045469184, "id_str": "1029219741045469184", "text": "@kathysgallery @lafourchette @mas_dikkebmw @notcapnamerica @WandaSpeaks67 @ChrisNelson64 @janeosanders And this. He\u2026 https://t.co/KZQrh50VaZ", "truncated": true, "entities": {"hashtags": [], "symbols": [], "user_mentions": [{"screen_name": "kathysgallery", "name": "Kathy, The M4A Bro\ud83c\udf39", "id": 49356728, "id_str": "49356728", "indices": [0, 14]}, {"screen_name": "lafourchette", "name": "La Fourchette (wear a freakin\u2019 mask)", "id": 17492639, "id_str": "17492639", "indices": [15, 28]}, {"screen_name": "mas_dikkebmw", "name": "\ud83c\uddee\ud83c\uddf7 \u05d9\u05e9\u05de\u05d0\u05dc \ud83c\uddea\ud83c\uddfa\ud83c\uddf3\ud83c\uddf1\ud83c\uddea\ud83c\uddfa", "id": 2672127209, "id_str": "2672127209", "indices": [29, 42]}, {"screen_name": "notcapnamerica", "name": "chris evans", "id": 33913156, "id_str": "33913156", "indices": [43, 58]}, {"screen_name": "WandaSpeaks67", "name": "WandaSpeaks67", "id": 740178084343603200, "id_str": "740178084343603200", "indices": [59, 73]}, {"screen_name": "ChrisNelson64", "name": "House music is the best music", "id": 27676528, "id_str": "27676528", "indices": [74, 88]}, {"screen_name": "janeosanders", "name": "Jane O'Meara Sanders", "id": 701081673681637376, "id_str": "701081673681637376", "indices": [89, 102]}], "urls": [{"url": "https://t.co/KZQrh50VaZ", "expanded_url": "https://twitter.com/i/web/status/1029219741045469184", "display_url": "twitter.com/i/web/status/1\u2026", "indices": [117, 140]}]}, "source": "<a href=\"http://twitter.com/download/iphone\" rel=\"nofollow\">Twitter for iPhone</a>", "in_reply_to_status_id": 1029204930379370496, "in_reply_to_status_id_str": "1029204930379370496", "in_reply_to_user_id": 49356728, "in_reply_to_user_id_str": "49356728", "in_reply_to_screen_name": "kathysgallery", "user": {"id": 36900257, "id_str": "36900257", "name": "Biden-Harris Volunteer Text 30330", "screen_name": "FedUpResister", "location": "Washington, USA", "description": "General Director Music Org. Political junkie, retired opera singer, Momma, wife, former PT and Air Force spouse. Loving life on the Puget Sound. She/Her", "url": null, "entities": {"description": {"urls": []}}, "protected": false, "followers_count": 463, "friends_count": 876, "listed_count": 4, "created_at": "Fri May 01 06:47:15 +0000 2009", "favourites_count": 88238, "utc_offset": null, "time_zone": null, "geo_enabled": false, "verified": false, "statuses_count": 80014, "lang": null, "contributors_enabled": false, "is_translator": false, "is_translation_enabled": false, "profile_background_color": "000000", "profile_background_image_url": "http://abs.twimg.com/images/themes/theme1/bg.png", "profile_background_image_url_https": "https://abs.twimg.com/images/themes/theme1/bg.png", "profile_background_tile": false, "profile_image_url": "http://pbs.twimg.com/profile_images/1243311082384420864/XZbvyc-S_normal.jpg", "profile_image_url_https": "https://pbs.twimg.com/profile_images/1243311082384420864/XZbvyc-S_normal.jpg", "profile_banner_url": "https://pbs.twimg.com/profile_banners/36900257/1597189039", "profile_link_color": "3B94D9", "profile_sidebar_border_color": "000000", "profile_sidebar_fill_color": "000000", "profile_text_color": "000000", "profile_use_background_image": false, "has_extended_profile": false, "default_profile": false, "default_profile_image": false, "following": false, "follow_request_sent": false, "notifications": false, "translator_type": "none"}, "geo": null, "coordinates": null, "place": null, "contributors": null, "is_quote_status": false, "retweet_count": 0, "favorite_count": 1, "favorited": false, "retweeted": false, "possibly_sensitive": false, "lang": "en"}