{"created_at": "Mon Aug 13 20:56:16 +0000 2018", "id": 1029109405021822978, "id_str": "1029109405021822978", "text": "The Social Security Administration data that I quote is not opinion.\n\nThe American Society of Civil Engineers' repo\u2026 https://t.co/tYVyhmkUsu", "truncated": true, "entities": {"hashtags": [], "symbols": [], "user_mentions": [], "urls": [{"url": "https://t.co/tYVyhmkUsu", "expanded_url": "https://twitter.com/i/web/status/1029109405021822978", "display_url": "twitter.com/i/web/status/1\u2026", "indices": [117, 140]}]}, "source": "<a href=\"http://twitter.com\" rel=\"nofollow\">Twitter Web Client</a>", "in_reply_to_status_id": null, "in_reply_to_status_id_str": null, "in_reply_to_user_id": null, "in_reply_to_user_id_str": null, "in_reply_to_screen_name": null, "user": {"id": 89756946, "id_str": "89756946", "name": "Richard Worzel", "screen_name": "futureworzel", "location": "Toronto", "description": "Commenting on issues that point towards tomorrow. For the past 25 years a professional futurist, innovation specialist, and strategic planner.", "url": "http://t.co/dhkXuzHlVh", "entities": {"url": {"urls": [{"url": "http://t.co/dhkXuzHlVh", "expanded_url": "http://futuresearch.com", "display_url": "futuresearch.com", "indices": [0, 22]}]}, "description": {"urls": []}}, "protected": false, "followers_count": 570, "friends_count": 239, "listed_count": 27, "created_at": "Fri Nov 13 18:08:56 +0000 2009", "favourites_count": 7968, "utc_offset": null, "time_zone": null, "geo_enabled": false, "verified": false, "statuses_count": 14674, "lang": null, "contributors_enabled": false, "is_translator": false, "is_translation_enabled": false, "profile_background_color": "C0DEED", "profile_background_image_url": "http://abs.twimg.com/images/themes/theme1/bg.png", "profile_background_image_url_https": "https://abs.twimg.com/images/themes/theme1/bg.png", "profile_background_tile": false, "profile_image_url": "http://pbs.twimg.com/profile_images/525064427/Green_Worzel_normal.jpg", "profile_image_url_https": "https://pbs.twimg.com/profile_images/525064427/Green_Worzel_normal.jpg", "profile_banner_url": "https://pbs.twimg.com/profile_banners/89756946/1504883788", "profile_link_color": "1DA1F2", "profile_sidebar_border_color": "C0DEED", "profile_sidebar_fill_color": "DDEEF6", "profile_text_color": "333333", "profile_use_background_image": true, "has_extended_profile": false, "default_profile": true, "default_profile_image": false, "following": false, "follow_request_sent": false, "notifications": false, "translator_type": "none"}, "geo": null, "coordinates": null, "place": null, "contributors": null, "is_quote_status": true, "quoted_status_id": 1027678585895579651, "quoted_status_id_str": "1027678585895579651", "quoted_status": {"created_at": "Thu Aug 09 22:10:42 +0000 2018", "id": 1027678585895579651, "id_str": "1027678585895579651", "text": "@futureworzel Your article and statements aren't \"true\" as you profess.\nThey're based on opinion, not rigorous scie\u2026 https://t.co/XWJsLnkApA", "truncated": true, "entities": {"hashtags": [], "symbols": [], "user_mentions": [{"screen_name": "futureworzel", "name": "Richard Worzel", "id": 89756946, "id_str": "89756946", "indices": [0, 13]}], "urls": [{"url": "https://t.co/XWJsLnkApA", "expanded_url": "https://twitter.com/i/web/status/1027678585895579651", "display_url": "twitter.com/i/web/status/1\u2026", "indices": [117, 140]}]}, "source": "<a href=\"http://twitter.com/download/android\" rel=\"nofollow\">Twitter for Android</a>", "in_reply_to_status_id": 1027663189138448384, "in_reply_to_status_id_str": "1027663189138448384", "in_reply_to_user_id": 89756946, "in_reply_to_user_id_str": "89756946", "in_reply_to_screen_name": "futureworzel", "user": {"id": 989031947899940876, "id_str": "989031947899940876", "name": "Vikimarie", "screen_name": "Vikimarie2", "location": "", "description": "", "url": null, "entities": {"description": {"urls": []}}, "protected": false, "followers_count": 544, "friends_count": 610, "listed_count": 10, "created_at": "Wed Apr 25 06:42:46 +0000 2018", "favourites_count": 21550, "utc_offset": null, "time_zone": null, "geo_enabled": false, "verified": false, "statuses_count": 10831, "lang": null, "contributors_enabled": false, "is_translator": false, "is_translation_enabled": false, "profile_background_color": "F5F8FA", "profile_background_image_url": null, "profile_background_image_url_https": null, "profile_background_tile": false, "profile_image_url": "http://pbs.twimg.com/profile_images/1027065524193095680/XICmVO12_normal.jpg", "profile_image_url_https": "https://pbs.twimg.com/profile_images/1027065524193095680/XICmVO12_normal.jpg", "profile_banner_url": "https://pbs.twimg.com/profile_banners/989031947899940876/1528939113", "profile_link_color": "1DA1F2", "profile_sidebar_border_color": "C0DEED", "profile_sidebar_fill_color": "DDEEF6", "profile_text_color": "333333", "profile_use_background_image": true, "has_extended_profile": false, "default_profile": true, "default_profile_image": false, "following": false, "follow_request_sent": false, "notifications": false, "translator_type": "none"}, "geo": null, "coordinates": null, "place": null, "contributors": null, "is_quote_status": false, "retweet_count": 0, "favorite_count": 0, "favorited": false, "retweeted": false, "lang": "en"}, "retweet_count": 0, "favorite_count": 1, "favorited": false, "retweeted": false, "possibly_sensitive": false, "lang": "en"}