{"created_at": "Mon Aug 20 19:28:40 +0000 2018", "id": 1031624075431628807, "id_str": "1031624075431628807", "text": "@RudyGiuliani Discovery is a two-way street and not voluntary. You won't even let Trump sit for a voluntary interview with Mueller.", "truncated": false, "entities": {"hashtags": [], "symbols": [], "user_mentions": [{"screen_name": "RudyGiuliani", "name": "Rudy W. Giuliani", "id": 770781940341288960, "id_str": "770781940341288960", "indices": [0, 13]}], "urls": []}, "source": "<a href=\"http://twitter.com\" rel=\"nofollow\">Twitter Web Client</a>", "in_reply_to_status_id": 1031612052509536263, "in_reply_to_status_id_str": "1031612052509536263", "in_reply_to_user_id": 770781940341288960, "in_reply_to_user_id_str": "770781940341288960", "in_reply_to_screen_name": "RudyGiuliani", "user": {"id": 22514042, "id_str": "22514042", "name": "Soap Snob \ud83c\udf77\ud83c\udf5f\ud83e\udd41\ud83d\udc9b\ud83d\udc1d", "screen_name": "RainforestMoon", "location": "Beneath This Dreaming Tree", "description": "Mom, Dedicated Feline Enthusiast. Savonierre, DMB Fan. Corp Exec Escapee Turned Small Business Owner. #BidenHarris2020", "url": "https://t.co/TxN3PEHBvf", "entities": {"url": {"urls": [{"url": "https://t.co/TxN3PEHBvf", "expanded_url": "http://Islandthymesoap.com", "display_url": "Islandthymesoap.com", "indices": [0, 23]}]}, "description": {"urls": []}}, "protected": false, "followers_count": 2411, "friends_count": 4653, "listed_count": 71, "created_at": "Mon Mar 02 18:16:27 +0000 2009", "favourites_count": 35901, "utc_offset": null, "time_zone": null, "geo_enabled": true, "verified": false, "statuses_count": 52458, "lang": null, "contributors_enabled": false, "is_translator": false, "is_translation_enabled": false, "profile_background_color": "74B6C7", "profile_background_image_url": "http://abs.twimg.com/images/themes/theme13/bg.gif", "profile_background_image_url_https": "https://abs.twimg.com/images/themes/theme13/bg.gif", "profile_background_tile": false, "profile_image_url": "http://pbs.twimg.com/profile_images/1251412742298312706/jYs9T3pF_normal.jpg", "profile_image_url_https": "https://pbs.twimg.com/profile_images/1251412742298312706/jYs9T3pF_normal.jpg", "profile_banner_url": "https://pbs.twimg.com/profile_banners/22514042/1598732519", "profile_link_color": "43454D", "profile_sidebar_border_color": "FFFFFF", "profile_sidebar_fill_color": "D3DBEB", "profile_text_color": "0F0101", "profile_use_background_image": false, "has_extended_profile": false, "default_profile": false, "default_profile_image": false, "following": false, "follow_request_sent": false, "notifications": false, "translator_type": "none"}, "geo": null, "coordinates": null, "place": null, "contributors": null, "is_quote_status": false, "retweet_count": 3, "favorite_count": 31, "favorited": false, "retweeted": false, "lang": "en"}