{"created_at": "Mon Aug 20 04:07:12 +0000 2018", "id": 1031392178092875776, "id_str": "1031392178092875776", "text": "Trump's lawyer Rudy Giuliani claimed that White House counsel Don McGahn was a \"strong witness\" for Trump during me\u2026 https://t.co/feOnkE9ohI", "truncated": true, "entities": {"hashtags": [], "symbols": [], "user_mentions": [], "urls": [{"url": "https://t.co/feOnkE9ohI", "expanded_url": "https://twitter.com/i/web/status/1031392178092875776", "display_url": "twitter.com/i/web/status/1\u2026", "indices": [117, 140]}]}, "source": "<a href=\"http://www.facebook.com/twitter\" rel=\"nofollow\">Facebook</a>", "in_reply_to_status_id": null, "in_reply_to_status_id_str": null, "in_reply_to_user_id": null, "in_reply_to_user_id_str": null, "in_reply_to_screen_name": null, "user": {"id": 355336126, "id_str": "355336126", "name": "\ud835\udce2\ud835\udcfd\ud835\udcee\ud835\udcf9\ud835\udcf1\ud835\udcea\ud835\udcf7\ud835\udcf2\ud835\udcee \ud83c\udf37", "screen_name": "HotLiberalBitch", "location": "Appleton Wisconsin", "description": "#equality #fucktrump #wtfwisconsin #FuckScottWalker #empathy #truth #equalrights #justice #lies #immigration #logic #dignity #liberal #resist\ud83c\udf3a", "url": null, "entities": {"description": {"urls": []}}, "protected": false, "followers_count": 2049, "friends_count": 867, "listed_count": 78, "created_at": "Mon Aug 15 05:49:06 +0000 2011", "favourites_count": 357, "utc_offset": null, "time_zone": null, "geo_enabled": false, "verified": false, "statuses_count": 82817, "lang": null, "contributors_enabled": false, "is_translator": false, "is_translation_enabled": false, "profile_background_color": "F0E8F0", "profile_background_image_url": "http://abs.twimg.com/images/themes/theme7/bg.gif", "profile_background_image_url_https": "https://abs.twimg.com/images/themes/theme7/bg.gif", "profile_background_tile": true, "profile_image_url": "http://pbs.twimg.com/profile_images/1021549775311855616/P4Iq5saX_normal.jpg", "profile_image_url_https": "https://pbs.twimg.com/profile_images/1021549775311855616/P4Iq5saX_normal.jpg", "profile_banner_url": "https://pbs.twimg.com/profile_banners/355336126/1532391421", "profile_link_color": "1A08A1", "profile_sidebar_border_color": "050505", "profile_sidebar_fill_color": "000000", "profile_text_color": "DEDADE", "profile_use_background_image": true, "has_extended_profile": true, "default_profile": false, "default_profile_image": false, "following": false, "follow_request_sent": false, "notifications": false, "translator_type": "none"}, "geo": null, "coordinates": null, "place": null, "contributors": null, "is_quote_status": false, "retweet_count": 0, "favorite_count": 0, "favorited": false, "retweeted": false, "possibly_sensitive": false, "lang": "en"}