{"created_at": "Mon Aug 20 23:42:49 +0000 2018", "id": 1031688031776980992, "id_str": "1031688031776980992", "text": "@MichaelSteele @SteeleAndUngar @RudyGiuliani This goes to the #CNN interview with @newtgingrich where he said, 'it\u2026 https://t.co/rzHRIr0rAa", "truncated": true, "entities": {"hashtags": [{"text": "CNN", "indices": [62, 66]}], "symbols": [], "user_mentions": [{"screen_name": "MichaelSteele", "name": "Michael Steele", "id": 50317463, "id_str": "50317463", "indices": [0, 14]}, {"screen_name": "SteeleAndUngar", "name": "Rational Radio", "id": 2396376498, "id_str": "2396376498", "indices": [15, 30]}, {"screen_name": "RudyGiuliani", "name": "Rudy W. Giuliani", "id": 770781940341288960, "id_str": "770781940341288960", "indices": [31, 44]}, {"screen_name": "newtgingrich", "name": "Newt Gingrich", "id": 20713061, "id_str": "20713061", "indices": [82, 95]}], "urls": [{"url": "https://t.co/rzHRIr0rAa", "expanded_url": "https://twitter.com/i/web/status/1031688031776980992", "display_url": "twitter.com/i/web/status/1\u2026", "indices": [116, 139]}]}, "source": "<a href=\"http://twitter.com/download/android\" rel=\"nofollow\">Twitter for Android</a>", "in_reply_to_status_id": 1031306740006969344, "in_reply_to_status_id_str": "1031306740006969344", "in_reply_to_user_id": 50317463, "in_reply_to_user_id_str": "50317463", "in_reply_to_screen_name": "MichaelSteele", "user": {"id": 141978443, "id_str": "141978443", "name": "chris m", "screen_name": "beernsports34", "location": "", "description": "", "url": null, "entities": {"description": {"urls": []}}, "protected": false, "followers_count": 8, "friends_count": 70, "listed_count": 1, "created_at": "Sun May 09 15:43:23 +0000 2010", "favourites_count": 158, "utc_offset": null, "time_zone": null, "geo_enabled": true, "verified": false, "statuses_count": 706, "lang": null, "contributors_enabled": false, "is_translator": false, "is_translation_enabled": false, "profile_background_color": "C0DEED", "profile_background_image_url": "http://abs.twimg.com/images/themes/theme1/bg.png", "profile_background_image_url_https": "https://abs.twimg.com/images/themes/theme1/bg.png", "profile_background_tile": false, "profile_image_url": "http://pbs.twimg.com/profile_images/1127734160/Snapshot_20090421_1_normal.jpg", "profile_image_url_https": "https://pbs.twimg.com/profile_images/1127734160/Snapshot_20090421_1_normal.jpg", "profile_link_color": "1DA1F2", "profile_sidebar_border_color": "C0DEED", "profile_sidebar_fill_color": "DDEEF6", "profile_text_color": "333333", "profile_use_background_image": true, "has_extended_profile": false, "default_profile": true, "default_profile_image": false, "following": false, "follow_request_sent": false, "notifications": false, "translator_type": "none"}, "geo": null, "coordinates": null, "place": null, "contributors": null, "is_quote_status": false, "retweet_count": 0, "favorite_count": 0, "favorited": false, "retweeted": false, "lang": "en"}