{"created_at": "Fri Aug 24 13:24:22 +0000 2018", "id": 1032981946765385728, "id_str": "1032981946765385728", "text": "Business Giuliani: If Trump were impeached \u2018the American people would revolt\u2019 https://t.co/MaHxJOiYYp \nBusiness\u2026 https://t.co/XbcoX3xfHa", "truncated": true, "entities": {"hashtags": [], "symbols": [], "user_mentions": [], "urls": [{"url": "https://t.co/MaHxJOiYYp", "expanded_url": "http://www.nature-business.com/business-giuliani-if-trump-were-impeached-the-american-people-would-revolt/", "display_url": "nature-business.com/business-giuli\u2026", "indices": [78, 101]}, {"url": "https://t.co/XbcoX3xfHa", "expanded_url": "https://twitter.com/i/web/status/1032981946765385728", "display_url": "twitter.com/i/web/status/1\u2026", "indices": [113, 136]}]}, "source": "<a href=\"https://ifttt.com\" rel=\"nofollow\">IFTTT</a>", "in_reply_to_status_id": null, "in_reply_to_status_id_str": null, "in_reply_to_user_id": null, "in_reply_to_user_id_str": null, "in_reply_to_screen_name": null, "user": {"id": 1030638793949409280, "id_str": "1030638793949409280", "name": "Wayne Bolde", "screen_name": "bolde_wayne", "location": "", "description": "", "url": null, "entities": {"description": {"urls": []}}, "protected": false, "followers_count": 0, "friends_count": 0, "listed_count": 0, "created_at": "Sat Aug 18 02:13:31 +0000 2018", "favourites_count": 0, "utc_offset": null, "time_zone": null, "geo_enabled": false, "verified": false, "statuses_count": 1787, "lang": null, "contributors_enabled": false, "is_translator": false, "is_translation_enabled": false, "profile_background_color": "F5F8FA", "profile_background_image_url": null, "profile_background_image_url_https": null, "profile_background_tile": false, "profile_image_url": "http://abs.twimg.com/sticky/default_profile_images/default_profile_normal.png", "profile_image_url_https": "https://abs.twimg.com/sticky/default_profile_images/default_profile_normal.png", "profile_banner_url": "https://pbs.twimg.com/profile_banners/1030638793949409280/1534812114", "profile_link_color": "1DA1F2", "profile_sidebar_border_color": "C0DEED", "profile_sidebar_fill_color": "DDEEF6", "profile_text_color": "333333", "profile_use_background_image": true, "has_extended_profile": false, "default_profile": true, "default_profile_image": true, "following": false, "follow_request_sent": false, "notifications": false, "translator_type": "none"}, "geo": null, "coordinates": null, "place": null, "contributors": null, "is_quote_status": false, "retweet_count": 0, "favorite_count": 0, "favorited": false, "retweeted": false, "possibly_sensitive": false, "lang": "en"}