{"created_at": "Wed Aug 22 16:32:22 +0000 2018", "id": 1032304482175070209, "id_str": "1032304482175070209", "text": "Thank you to all our Dinosaur Hunters who came out today in the rain!", "truncated": false, "entities": {"hashtags": [], "symbols": [], "user_mentions": [], "urls": []}, "source": "<a href=\"http://twitter.com\" rel=\"nofollow\">Twitter Web Client</a>", "in_reply_to_status_id": 1032232275902119937, "in_reply_to_status_id_str": "1032232275902119937", "in_reply_to_user_id": 2205216463, "in_reply_to_user_id_str": "2205216463", "in_reply_to_screen_name": "SSFRALunenburgC", "user": {"id": 2205216463, "id_str": "2205216463", "name": "SSFRA Lunenburg Co", "screen_name": "SSFRALunenburgC", "location": "Bridgewater, Nova Scotia", "description": "", "url": "https://t.co/loYJDhBbsc", "entities": {"url": {"urls": [{"url": "https://t.co/loYJDhBbsc", "expanded_url": "http://www.southshorefamilyresource.org", "display_url": "southshorefamilyresource.org", "indices": [0, 23]}]}, "description": {"urls": []}}, "protected": false, "followers_count": 372, "friends_count": 940, "listed_count": 6, "created_at": "Wed Nov 20 16:38:06 +0000 2013", "favourites_count": 215, "utc_offset": null, "time_zone": null, "geo_enabled": true, "verified": false, "statuses_count": 1500, "lang": null, "contributors_enabled": false, "is_translator": false, "is_translation_enabled": false, "profile_background_color": "000000", "profile_background_image_url": "http://abs.twimg.com/images/themes/theme1/bg.png", "profile_background_image_url_https": "https://abs.twimg.com/images/themes/theme1/bg.png", "profile_background_tile": false, "profile_image_url": "http://pbs.twimg.com/profile_images/378800000789771097/0a5cd78a48c72a5faf4819ceb3dc3634_normal.jpeg", "profile_image_url_https": "https://pbs.twimg.com/profile_images/378800000789771097/0a5cd78a48c72a5faf4819ceb3dc3634_normal.jpeg", "profile_banner_url": "https://pbs.twimg.com/profile_banners/2205216463/1404398992", "profile_link_color": "91D2FA", "profile_sidebar_border_color": "000000", "profile_sidebar_fill_color": "000000", "profile_text_color": "000000", "profile_use_background_image": false, "has_extended_profile": false, "default_profile": false, "default_profile_image": false, "following": false, "follow_request_sent": false, "notifications": false, "translator_type": "none"}, "geo": null, "coordinates": null, "place": null, "contributors": null, "is_quote_status": false, "retweet_count": 0, "favorite_count": 0, "favorited": false, "retweeted": false, "lang": "en"}