{"created_at": "Wed Aug 22 12:19:12 +0000 2018", "id": 1032240768663146496, "id_str": "1032240768663146496", "text": "Rudy Giuliani says Trump was involved. He said it in a May 2, 2018 interview with Sean Hannity. Rudy Giuliani is Tr\u2026 https://t.co/4ucZ08FZ8j", "truncated": true, "entities": {"hashtags": [], "symbols": [], "user_mentions": [], "urls": [{"url": "https://t.co/4ucZ08FZ8j", "expanded_url": "https://twitter.com/i/web/status/1032240768663146496", "display_url": "twitter.com/i/web/status/1\u2026", "indices": [117, 140]}]}, "source": "<a href=\"http://twitter.com/download/iphone\" rel=\"nofollow\">Twitter for iPhone</a>", "in_reply_to_status_id": null, "in_reply_to_status_id_str": null, "in_reply_to_user_id": null, "in_reply_to_user_id_str": null, "in_reply_to_screen_name": null, "user": {"id": 930178296, "id_str": "930178296", "name": "Armando", "screen_name": "ArmandoNDK", "location": "", "description": "", "url": null, "entities": {"description": {"urls": []}}, "protected": false, "followers_count": 14480, "friends_count": 384, "listed_count": 347, "created_at": "Tue Nov 06 17:39:31 +0000 2012", "favourites_count": 44771, "utc_offset": null, "time_zone": null, "geo_enabled": true, "verified": false, "statuses_count": 237327, "lang": null, "contributors_enabled": false, "is_translator": false, "is_translation_enabled": false, "profile_background_color": "C0DEED", "profile_background_image_url": "http://abs.twimg.com/images/themes/theme1/bg.png", "profile_background_image_url_https": "https://abs.twimg.com/images/themes/theme1/bg.png", "profile_background_tile": false, "profile_image_url": "http://pbs.twimg.com/profile_images/1164508078806638599/2x_RMSzI_normal.jpg", "profile_image_url_https": "https://pbs.twimg.com/profile_images/1164508078806638599/2x_RMSzI_normal.jpg", "profile_link_color": "1DA1F2", "profile_sidebar_border_color": "C0DEED", "profile_sidebar_fill_color": "DDEEF6", "profile_text_color": "333333", "profile_use_background_image": true, "has_extended_profile": false, "default_profile": true, "default_profile_image": false, "following": false, "follow_request_sent": false, "notifications": false, "translator_type": "none"}, "geo": null, "coordinates": null, "place": null, "contributors": null, "is_quote_status": true, "quoted_status_id": 1032238018210488321, "quoted_status_id_str": "1032238018210488321", "quoted_status": {"created_at": "Wed Aug 22 12:08:16 +0000 2018", "id": 1032238018210488321, "id_str": "1032238018210488321", "text": "2. Was Trump involved in the 130K payoff to Stormy Daniels?\n\nCohen says he was. \n\nBut Trump was also a party to the\u2026 https://t.co/HPRBGlyEyj", "truncated": true, "entities": {"hashtags": [], "symbols": [], "user_mentions": [], "urls": [{"url": "https://t.co/HPRBGlyEyj", "expanded_url": "https://twitter.com/i/web/status/1032238018210488321", "display_url": "twitter.com/i/web/status/1\u2026", "indices": [117, 140]}]}, "source": "<a href=\"https://about.twitter.com/products/tweetdeck\" rel=\"nofollow\">TweetDeck</a>", "in_reply_to_status_id": 1032237348292046848, "in_reply_to_status_id_str": "1032237348292046848", "in_reply_to_user_id": 15464697, "in_reply_to_user_id_str": "15464697", "in_reply_to_screen_name": "JuddLegum", "user": {"id": 15464697, "id_str": "15464697", "name": "Judd Legum", "screen_name": "JuddLegum", "location": "Washington, DC", "description": "I write Popular Information, a newsletter about politics and power. \n\nSend tips: DMs open | judd@popular.info |  jlegum@protonmail.com", "url": "https://t.co/7lEYXJGXf5", "entities": {"url": {"urls": [{"url": "https://t.co/7lEYXJGXf5", "expanded_url": "http://Popular.info", "display_url": "Popular.info", "indices": [0, 23]}]}, "description": {"urls": []}}, "protected": false, "followers_count": 440971, "friends_count": 1342, "listed_count": 5711, "created_at": "Thu Jul 17 05:37:26 +0000 2008", "favourites_count": 4631, "utc_offset": null, "time_zone": null, "geo_enabled": false, "verified": true, "statuses_count": 59288, "lang": null, "contributors_enabled": false, "is_translator": false, "is_translation_enabled": false, "profile_background_color": "000000", "profile_background_image_url": "http://abs.twimg.com/images/themes/theme7/bg.gif", "profile_background_image_url_https": "https://abs.twimg.com/images/themes/theme7/bg.gif", "profile_background_tile": false, "profile_image_url": "http://pbs.twimg.com/profile_images/636336373453053952/yv-YqI5w_normal.jpg", "profile_image_url_https": "https://pbs.twimg.com/profile_images/636336373453053952/yv-YqI5w_normal.jpg", "profile_banner_url": "https://pbs.twimg.com/profile_banners/15464697/1533728641", "profile_link_color": "202037", "profile_sidebar_border_color": "000000", "profile_sidebar_fill_color": "000000", "profile_text_color": "000000", "profile_use_background_image": false, "has_extended_profile": false, "default_profile": false, "default_profile_image": false, "following": false, "follow_request_sent": false, "notifications": false, "translator_type": "none"}, "geo": null, "coordinates": null, "place": null, "contributors": null, "is_quote_status": false, "retweet_count": 74, "favorite_count": 258, "favorited": false, "retweeted": false, "possibly_sensitive": false, "lang": "en"}, "retweet_count": 11, "favorite_count": 24, "favorited": false, "retweeted": false, "possibly_sensitive": false, "lang": "en"}