{"created_at": "Wed Aug 22 02:26:10 +0000 2018", "id": 1032091529622564864, "id_str": "1032091529622564864", "text": "@Jabishop19 @gehrig38 @Blondi1210 @POTUS @RudyGiuliani @realDonaldTrump What's your point? It's not a crime. Check\u2026 https://t.co/PKlonEo9A4", "truncated": true, "entities": {"hashtags": [], "symbols": [], "user_mentions": [{"screen_name": "Jabishop19", "name": "Jared Bishop", "id": 78940715, "id_str": "78940715", "indices": [0, 11]}, {"screen_name": "gehrig38", "name": "Curt Schilling", "id": 14945261, "id_str": "14945261", "indices": [12, 21]}, {"screen_name": "Blondi1210", "name": "Rogue Warrior\ud83c\uddfa\ud83c\uddf8\u2b50\u2b50\u2b50", "id": 194563663, "id_str": "194563663", "indices": [22, 33]}, {"screen_name": "POTUS", "name": "President Trump", "id": 822215679726100480, "id_str": "822215679726100480", "indices": [34, 40]}, {"screen_name": "RudyGiuliani", "name": "Rudy W. Giuliani", "id": 770781940341288960, "id_str": "770781940341288960", "indices": [41, 54]}, {"screen_name": "realDonaldTrump", "name": "Donald J. Trump", "id": 25073877, "id_str": "25073877", "indices": [55, 71]}], "urls": [{"url": "https://t.co/PKlonEo9A4", "expanded_url": "https://twitter.com/i/web/status/1032091529622564864", "display_url": "twitter.com/i/web/status/1\u2026", "indices": [116, 139]}]}, "source": "<a href=\"http://twitter.com/download/android\" rel=\"nofollow\">Twitter for Android</a>", "in_reply_to_status_id": 1032090451090857984, "in_reply_to_status_id_str": "1032090451090857984", "in_reply_to_user_id": 78940715, "in_reply_to_user_id_str": "78940715", "in_reply_to_screen_name": "Jabishop19", "user": {"id": 35337793, "id_str": "35337793", "name": "David \ud83c\uddfa\ud83c\uddf8", "screen_name": "Davidthebaldguy", "location": "Massachussets, USA", "description": "God bless the USA. Former LEO & US Army, Probirth\n#MAGA  & https://t.co/Jea9PVGHI5\nALL LIVES MATTER", "url": null, "entities": {"description": {"urls": [{"url": "https://t.co/Jea9PVGHI5", "expanded_url": "https://www.agendadocumentary.com/store/p1/AGENDAGrindingAmericaDownDVD.html", "display_url": "agendadocumentary.com/store/p1/AGEND\u2026", "indices": [59, 82]}]}}, "protected": false, "followers_count": 1681, "friends_count": 2921, "listed_count": 1, "created_at": "Sat Apr 25 23:14:34 +0000 2009", "favourites_count": 2368, "utc_offset": null, "time_zone": null, "geo_enabled": false, "verified": false, "statuses_count": 9392, "lang": null, "contributors_enabled": false, "is_translator": false, "is_translation_enabled": true, "profile_background_color": "1B95E0", "profile_background_image_url": "http://abs.twimg.com/images/themes/theme2/bg.gif", "profile_background_image_url_https": "https://abs.twimg.com/images/themes/theme2/bg.gif", "profile_background_tile": false, "profile_image_url": "http://pbs.twimg.com/profile_images/1305655548138881024/MoOxjdA-_normal.jpg", "profile_image_url_https": "https://pbs.twimg.com/profile_images/1305655548138881024/MoOxjdA-_normal.jpg", "profile_banner_url": "https://pbs.twimg.com/profile_banners/35337793/1590965823", "profile_link_color": "0B0400", "profile_sidebar_border_color": "C26A3E", "profile_sidebar_fill_color": "CDDBA0", "profile_text_color": "293CB3", "profile_use_background_image": true, "has_extended_profile": true, "default_profile": false, "default_profile_image": false, "following": false, "follow_request_sent": false, "notifications": false, "translator_type": "none"}, "geo": null, "coordinates": null, "place": null, "contributors": null, "is_quote_status": false, "retweet_count": 0, "favorite_count": 0, "favorited": false, "retweeted": false, "lang": "en"}