{"created_at": "Sun Aug 26 13:30:22 +0000 2018", "id": 1033708230634086401, "id_str": "1033708230634086401", "text": "Watch Sen. John McCain's last interview on video with The Arizona Republic/azcentral.com, taken last August after h\u2026 https://t.co/YlYJvUFZGE", "truncated": true, "entities": {"hashtags": [], "symbols": [], "user_mentions": [], "urls": [{"url": "https://t.co/YlYJvUFZGE", "expanded_url": "https://twitter.com/i/web/status/1033708230634086401", "display_url": "twitter.com/i/web/status/1\u2026", "indices": [117, 140]}]}, "source": "<a href=\"https://www.hootsuite.com\" rel=\"nofollow\">Hootsuite Inc.</a>", "in_reply_to_status_id": null, "in_reply_to_status_id_str": null, "in_reply_to_user_id": null, "in_reply_to_user_id_str": null, "in_reply_to_screen_name": null, "user": {"id": 13115682, "id_str": "13115682", "name": "azcentral", "screen_name": "azcentral", "location": "Phoenix, AZ", "description": "Award-winning local news from Arizona and metro Phoenix | The Arizona Republic in the streets \ud83d\uddde\ufe0f, @azcentral in the tweets (and online) | Instagram: azcentral", "url": "https://t.co/OoB3qQF4Qw", "entities": {"url": {"urls": [{"url": "https://t.co/OoB3qQF4Qw", "expanded_url": "http://www.azcentral.com", "display_url": "azcentral.com", "indices": [0, 23]}]}, "description": {"urls": []}}, "protected": false, "followers_count": 394892, "friends_count": 614, "listed_count": 3271, "created_at": "Tue Feb 05 22:04:38 +0000 2008", "favourites_count": 2477, "utc_offset": null, "time_zone": null, "geo_enabled": true, "verified": true, "statuses_count": 253460, "lang": null, "contributors_enabled": false, "is_translator": false, "is_translation_enabled": true, "profile_background_color": "C0DEED", "profile_background_image_url": "http://abs.twimg.com/images/themes/theme1/bg.png", "profile_background_image_url_https": "https://abs.twimg.com/images/themes/theme1/bg.png", "profile_background_tile": false, "profile_image_url": "http://pbs.twimg.com/profile_images/885573960561299456/L573mqVt_normal.jpg", "profile_image_url_https": "https://pbs.twimg.com/profile_images/885573960561299456/L573mqVt_normal.jpg", "profile_banner_url": "https://pbs.twimg.com/profile_banners/13115682/1592342569", "profile_link_color": "1DA1F2", "profile_sidebar_border_color": "C0DEED", "profile_sidebar_fill_color": "DDEEF6", "profile_text_color": "333333", "profile_use_background_image": true, "has_extended_profile": false, "default_profile": true, "default_profile_image": false, "following": false, "follow_request_sent": false, "notifications": false, "translator_type": "none"}, "geo": null, "coordinates": null, "place": null, "contributors": null, "is_quote_status": false, "retweet_count": 7, "favorite_count": 4, "favorited": false, "retweeted": false, "possibly_sensitive": false, "lang": "en"}