{"created_at": "Sun Aug 26 12:41:39 +0000 2018", "id": 1033695972768067584, "id_str": "1033695972768067584", "text": "John McCain: In his own words https://t.co/uXgn16cjnQ", "truncated": false, "entities": {"hashtags": [], "symbols": [], "user_mentions": [], "urls": [{"url": "https://t.co/uXgn16cjnQ", "expanded_url": "http://video.foxnews.com/v/5826902875001/", "display_url": "video.foxnews.com/v/582690287500\u2026", "indices": [30, 53]}]}, "source": "<a href=\"http://twitter.com\" rel=\"nofollow\">Twitter Web Client</a>", "in_reply_to_status_id": null, "in_reply_to_status_id_str": null, "in_reply_to_user_id": null, "in_reply_to_user_id_str": null, "in_reply_to_screen_name": null, "user": {"id": 1018513117633024005, "id_str": "1018513117633024005", "name": "doris21649", "screen_name": "doris21649", "location": "", "description": "", "url": null, "entities": {"description": {"urls": []}}, "protected": false, "followers_count": 1, "friends_count": 4, "listed_count": 0, "created_at": "Sun Jul 15 15:10:25 +0000 2018", "favourites_count": 13, "utc_offset": null, "time_zone": null, "geo_enabled": false, "verified": false, "statuses_count": 9, "lang": null, "contributors_enabled": false, "is_translator": false, "is_translation_enabled": false, "profile_background_color": "F5F8FA", "profile_background_image_url": null, "profile_background_image_url_https": null, "profile_background_tile": false, "profile_image_url": "http://abs.twimg.com/sticky/default_profile_images/default_profile_normal.png", "profile_image_url_https": "https://abs.twimg.com/sticky/default_profile_images/default_profile_normal.png", "profile_link_color": "1DA1F2", "profile_sidebar_border_color": "C0DEED", "profile_sidebar_fill_color": "DDEEF6", "profile_text_color": "333333", "profile_use_background_image": true, "has_extended_profile": false, "default_profile": true, "default_profile_image": true, "following": false, "follow_request_sent": false, "notifications": false, "translator_type": "none"}, "geo": null, "coordinates": null, "place": null, "contributors": null, "is_quote_status": false, "retweet_count": 0, "favorite_count": 0, "favorited": false, "retweeted": false, "possibly_sensitive": false, "lang": "en"}