{"created_at": "Mon Aug 27 01:45:03 +0000 2018", "id": 1033893122546262018, "id_str": "1033893122546262018", "text": "NEW: Trump\u2019s approval rating remains steady after tumultuous week, @NBCNews/@WSJ poll finds https://t.co/zroHkJNZUn", "truncated": false, "entities": {"hashtags": [], "symbols": [], "user_mentions": [{"screen_name": "NBCNews", "name": "NBC News", "id": 14173315, "id_str": "14173315", "indices": [67, 75]}, {"screen_name": "WSJ", "name": "The Wall Street Journal", "id": 3108351, "id_str": "3108351", "indices": [76, 80]}], "urls": [{"url": "https://t.co/zroHkJNZUn", "expanded_url": "https://nbcnews.to/2PGwoH1", "display_url": "nbcnews.to/2PGwoH1", "indices": [92, 115]}]}, "source": "<a href=\"http://www.socialflow.com\" rel=\"nofollow\">SocialFlow</a>", "in_reply_to_status_id": null, "in_reply_to_status_id_str": null, "in_reply_to_user_id": null, "in_reply_to_user_id_str": null, "in_reply_to_screen_name": null, "user": {"id": 14173315, "id_str": "14173315", "name": "NBC News", "screen_name": "NBCNews", "location": "New York, NY", "description": "News updates from around the \ud83c\udf0e, all day, every day. Home of @NBCBLK, @NBCLatino, @NBCAsianAmerica, @NBCOUT & more.", "url": "https://t.co/HOBYJP3M3J", "entities": {"url": {"urls": [{"url": "https://t.co/HOBYJP3M3J", "expanded_url": "http://NBCNews.com/PlanYourVote", "display_url": "NBCNews.com/PlanYourVote", "indices": [0, 23]}]}, "description": {"urls": []}}, "protected": false, "followers_count": 7767339, "friends_count": 1839, "listed_count": 43672, "created_at": "Tue Mar 18 23:19:17 +0000 2008", "favourites_count": 785, "utc_offset": null, "time_zone": null, "geo_enabled": true, "verified": true, "statuses_count": 272662, "lang": null, "contributors_enabled": false, "is_translator": false, "is_translation_enabled": false, "profile_background_color": "062131", "profile_background_image_url": "http://abs.twimg.com/images/themes/theme1/bg.png", "profile_background_image_url_https": "https://abs.twimg.com/images/themes/theme1/bg.png", "profile_background_tile": true, "profile_image_url": "http://pbs.twimg.com/profile_images/1108426393287868423/CyLn5GVQ_normal.png", "profile_image_url_https": "https://pbs.twimg.com/profile_images/1108426393287868423/CyLn5GVQ_normal.png", "profile_banner_url": "https://pbs.twimg.com/profile_banners/14173315/1593479928", "profile_link_color": "5172A0", "profile_sidebar_border_color": "FFFFFF", "profile_sidebar_fill_color": "FFFFFF", "profile_text_color": "000000", "profile_use_background_image": true, "has_extended_profile": false, "default_profile": false, "default_profile_image": false, "following": false, "follow_request_sent": false, "notifications": false, "translator_type": "none"}, "geo": null, "coordinates": null, "place": null, "contributors": null, "is_quote_status": false, "retweet_count": 36, "favorite_count": 89, "favorited": false, "retweeted": false, "possibly_sensitive": false, "lang": "en"}