{"created_at": "Sun Aug 26 23:08:12 +0000 2018", "id": 1033853649729007616, "id_str": "1033853649729007616", "text": "Senator McCain is an example of Country over Party.\n\n\ud83d\udc99\ud83d\udc9971 DAYS TO TURN CONGRESS BLUE \ud83d\udc99\ud83d\udc99\n\ud83c\uddfa\ud83c\uddf8Vote the Complicit out of\u2026 https://t.co/5KV2OIdcTs", "truncated": true, "entities": {"hashtags": [], "symbols": [], "user_mentions": [], "urls": [{"url": "https://t.co/5KV2OIdcTs", "expanded_url": "https://twitter.com/i/web/status/1033853649729007616", "display_url": "twitter.com/i/web/status/1\u2026", "indices": [117, 140]}]}, "source": "<a href=\"http://twitter.com/#!/download/ipad\" rel=\"nofollow\">Twitter for iPad</a>", "in_reply_to_status_id": null, "in_reply_to_status_id_str": null, "in_reply_to_user_id": null, "in_reply_to_user_id_str": null, "in_reply_to_screen_name": null, "user": {"id": 34858992, "id_str": "34858992", "name": "2021_ Free of you know who \ud83c\udf2c \ud83c\udf0a", "screen_name": "2021_free", "location": "America", "description": "\"Sir we have done everything that could be done to avert the storm which is now coming on.\" Patrick Henry 1775 \ud83c\uddfa\ud83c\uddf8", "url": null, "entities": {"description": {"urls": []}}, "protected": false, "followers_count": 39346, "friends_count": 38580, "listed_count": 12, "created_at": "Fri Apr 24 05:35:01 +0000 2009", "favourites_count": 136715, "utc_offset": null, "time_zone": null, "geo_enabled": false, "verified": false, "statuses_count": 96899, "lang": null, "contributors_enabled": false, "is_translator": false, "is_translation_enabled": false, "profile_background_color": "FF6699", "profile_background_image_url": "http://abs.twimg.com/images/themes/theme11/bg.gif", "profile_background_image_url_https": "https://abs.twimg.com/images/themes/theme11/bg.gif", "profile_background_tile": true, "profile_image_url": "http://pbs.twimg.com/profile_images/1299740973547884547/jBuEu9_U_normal.jpg", "profile_image_url_https": "https://pbs.twimg.com/profile_images/1299740973547884547/jBuEu9_U_normal.jpg", "profile_banner_url": "https://pbs.twimg.com/profile_banners/34858992/1597957221", "profile_link_color": "B40B43", "profile_sidebar_border_color": "CC3366", "profile_sidebar_fill_color": "E5507E", "profile_text_color": "362720", "profile_use_background_image": true, "has_extended_profile": false, "default_profile": false, "default_profile_image": false, "following": false, "follow_request_sent": false, "notifications": false, "translator_type": "none"}, "geo": null, "coordinates": null, "place": null, "contributors": null, "is_quote_status": false, "retweet_count": 8, "favorite_count": 11, "favorited": false, "retweeted": false, "possibly_sensitive": false, "lang": "en"}