{"created_at": "Mon Aug 27 04:47:20 +0000 2018", "id": 1033938992750907392, "id_str": "1033938992750907392", "text": "@realDonaldTrump A poll released Sunday by the Wall Street Journal and NBC News found that Trump has a 44 percent a\u2026 https://t.co/6G139Gc8Z3", "truncated": true, "entities": {"hashtags": [], "symbols": [], "user_mentions": [{"screen_name": "realDonaldTrump", "name": "Donald J. Trump", "id": 25073877, "id_str": "25073877", "indices": [0, 16]}], "urls": [{"url": "https://t.co/6G139Gc8Z3", "expanded_url": "https://twitter.com/i/web/status/1033938992750907392", "display_url": "twitter.com/i/web/status/1\u2026", "indices": [117, 140]}]}, "source": "<a href=\"http://twitter.com/download/iphone\" rel=\"nofollow\">Twitter for iPhone</a>", "in_reply_to_status_id": 1033876658439245825, "in_reply_to_status_id_str": "1033876658439245825", "in_reply_to_user_id": 25073877, "in_reply_to_user_id_str": "25073877", "in_reply_to_screen_name": "realDonaldTrump", "user": {"id": 21552225, "id_str": "21552225", "name": "DJ Candyman", "screen_name": "DjCandyman", "location": "Saint Jean d'Aulps, Alps", "description": "Dj, producer \nStreaming live on Thursdays at 9pm CET https://t.co/jUQ9xrNIkt\nhttps://t.co/G7whVTYgTN\nhttps://t.co/slNqtQLtDz", "url": null, "entities": {"description": {"urls": [{"url": "https://t.co/jUQ9xrNIkt", "expanded_url": "https://www.twitch.tv/djcandymanuk", "display_url": "twitch.tv/djcandymanuk", "indices": [53, 76]}, {"url": "https://t.co/G7whVTYgTN", "expanded_url": "https://www.mixcloud.com/djcandyman/", "display_url": "mixcloud.com/djcandyman/", "indices": [77, 100]}, {"url": "https://t.co/slNqtQLtDz", "expanded_url": "http://soundcloud.com/dj-candyman", "display_url": "soundcloud.com/dj-candyman", "indices": [101, 124]}]}}, "protected": false, "followers_count": 989, "friends_count": 1223, "listed_count": 15, "created_at": "Sun Feb 22 07:18:56 +0000 2009", "favourites_count": 4518, "utc_offset": null, "time_zone": null, "geo_enabled": true, "verified": false, "statuses_count": 8753, "lang": null, "contributors_enabled": false, "is_translator": false, "is_translation_enabled": false, "profile_background_color": "C0DEED", "profile_background_image_url": "http://abs.twimg.com/images/themes/theme1/bg.png", "profile_background_image_url_https": "https://abs.twimg.com/images/themes/theme1/bg.png", "profile_background_tile": true, "profile_image_url": "http://pbs.twimg.com/profile_images/3405718242/f6085c903cfffa15a2655d8e3cbbaaa5_normal.png", "profile_image_url_https": "https://pbs.twimg.com/profile_images/3405718242/f6085c903cfffa15a2655d8e3cbbaaa5_normal.png", "profile_banner_url": "https://pbs.twimg.com/profile_banners/21552225/1464619888", "profile_link_color": "0084B4", "profile_sidebar_border_color": "FFFFFF", "profile_sidebar_fill_color": "DDEEF6", "profile_text_color": "333333", "profile_use_background_image": true, "has_extended_profile": true, "default_profile": false, "default_profile_image": false, "following": false, "follow_request_sent": false, "notifications": false, "translator_type": "none"}, "geo": null, "coordinates": null, "place": null, "contributors": null, "is_quote_status": false, "retweet_count": 0, "favorite_count": 0, "favorited": false, "retweeted": false, "lang": "en"}