{"created_at": "Sun Aug 26 02:05:49 +0000 2018", "id": 1033535957671313408, "id_str": "1033535957671313408", "text": "John McCain: In his own words https://t.co/sKU8qis7Dt", "truncated": false, "entities": {"hashtags": [], "symbols": [], "user_mentions": [], "urls": [{"url": "https://t.co/sKU8qis7Dt", "expanded_url": "http://richinwriters.com/john-mccain-in-his-own-words/", "display_url": "richinwriters.com/john-mccain-in\u2026", "indices": [30, 53]}]}, "source": "<a href=\"http://richinwriters.com\" rel=\"nofollow\">Richinwriterss Updates</a>", "in_reply_to_status_id": null, "in_reply_to_status_id_str": null, "in_reply_to_user_id": null, "in_reply_to_user_id_str": null, "in_reply_to_screen_name": null, "user": {"id": 95606572, "id_str": "95606572", "name": "steve", "screen_name": "RichinWriterss", "location": "", "description": "A Writer a Blogger & a Internet Marketer fighting for Free Market capitalism with a lot on his mind. Bartering skills pay the bills, money inflates and deflates", "url": "http://t.co/LHnqWpKAbg", "entities": {"url": {"urls": [{"url": "http://t.co/LHnqWpKAbg", "expanded_url": "http://RichInWriters.com", "display_url": "RichInWriters.com", "indices": [0, 22]}]}, "description": {"urls": []}}, "protected": false, "followers_count": 1876, "friends_count": 1993, "listed_count": 66, "created_at": "Wed Dec 09 08:50:29 +0000 2009", "favourites_count": 219, "utc_offset": null, "time_zone": null, "geo_enabled": false, "verified": false, "statuses_count": 195152, "lang": null, "contributors_enabled": false, "is_translator": false, "is_translation_enabled": false, "profile_background_color": "000000", "profile_background_image_url": "http://abs.twimg.com/images/themes/theme1/bg.png", "profile_background_image_url_https": "https://abs.twimg.com/images/themes/theme1/bg.png", "profile_background_tile": false, "profile_image_url": "http://pbs.twimg.com/profile_images/598926899/richin_normal.jpg", "profile_image_url_https": "https://pbs.twimg.com/profile_images/598926899/richin_normal.jpg", "profile_banner_url": "https://pbs.twimg.com/profile_banners/95606572/1525815977", "profile_link_color": "ABB8C2", "profile_sidebar_border_color": "000000", "profile_sidebar_fill_color": "000000", "profile_text_color": "000000", "profile_use_background_image": false, "has_extended_profile": false, "default_profile": false, "default_profile_image": false, "following": false, "follow_request_sent": false, "notifications": false, "translator_type": "none"}, "geo": null, "coordinates": null, "place": null, "contributors": null, "is_quote_status": false, "retweet_count": 0, "favorite_count": 0, "favorited": false, "retweeted": false, "possibly_sensitive": false, "lang": "en"}