{"created_at": "Mon Aug 27 02:38:34 +0000 2018", "id": 1033906588539469825, "id_str": "1033906588539469825", "text": "Rudy Giuliani: Americans Would 'Revolt' If Trump Impeached\nIn an interview with\u00a0Sky News,\u00a0the president's lawyer cl\u2026 https://t.co/fRSCdAhyqG", "truncated": true, "entities": {"hashtags": [], "symbols": [], "user_mentions": [], "urls": [{"url": "https://t.co/fRSCdAhyqG", "expanded_url": "https://twitter.com/i/web/status/1033906588539469825", "display_url": "twitter.com/i/web/status/1\u2026", "indices": [117, 140]}]}, "source": "<a href=\"https://gab.ai\" rel=\"nofollow\">Gab.ai</a>", "in_reply_to_status_id": null, "in_reply_to_status_id_str": null, "in_reply_to_user_id": null, "in_reply_to_user_id_str": null, "in_reply_to_screen_name": null, "user": {"id": 469785324, "id_str": "469785324", "name": "George T Washington", "screen_name": "rhinonever", "location": "", "description": "https://t.co/6s1r59fsTT", "url": "https://t.co/1l9Cm6lpTs", "entities": {"url": {"urls": [{"url": "https://t.co/1l9Cm6lpTs", "expanded_url": "http://reclaimourrepublic.weebly.com", "display_url": "reclaimourrepublic.weebly.com", "indices": [0, 23]}]}, "description": {"urls": [{"url": "https://t.co/6s1r59fsTT", "expanded_url": "https://gab.ai/ROR1774", "display_url": "gab.ai/ROR1774", "indices": [0, 23]}]}}, "protected": false, "followers_count": 1515, "friends_count": 2258, "listed_count": 14, "created_at": "Sat Jan 21 00:13:31 +0000 2012", "favourites_count": 401, "utc_offset": null, "time_zone": null, "geo_enabled": false, "verified": false, "statuses_count": 30492, "lang": null, "contributors_enabled": false, "is_translator": false, "is_translation_enabled": false, "profile_background_color": "C0DEED", "profile_background_image_url": "http://abs.twimg.com/images/themes/theme1/bg.png", "profile_background_image_url_https": "https://abs.twimg.com/images/themes/theme1/bg.png", "profile_background_tile": false, "profile_image_url": "http://pbs.twimg.com/profile_images/3317239765/895c8b3264f7279ce04dd0c816324b98_normal.png", "profile_image_url_https": "https://pbs.twimg.com/profile_images/3317239765/895c8b3264f7279ce04dd0c816324b98_normal.png", "profile_link_color": "1DA1F2", "profile_sidebar_border_color": "C0DEED", "profile_sidebar_fill_color": "DDEEF6", "profile_text_color": "333333", "profile_use_background_image": true, "has_extended_profile": false, "default_profile": true, "default_profile_image": false, "following": false, "follow_request_sent": false, "notifications": false, "translator_type": "none"}, "geo": null, "coordinates": null, "place": null, "contributors": null, "is_quote_status": false, "retweet_count": 0, "favorite_count": 1, "favorited": false, "retweeted": false, "possibly_sensitive": false, "lang": "en"}