{"created_at": "Sun Aug 26 13:09:04 +0000 2018", "id": 1033702871374680064, "id_str": "1033702871374680064", "text": "NEW POLL: Trump\u2019s approval rating remains steady after tumultuous week, @NBCNews/@WSJ poll finds https://t.co/qfWY4s4YWW", "truncated": false, "entities": {"hashtags": [], "symbols": [], "user_mentions": [{"screen_name": "NBCNews", "name": "NBC News", "id": 14173315, "id_str": "14173315", "indices": [72, 80]}, {"screen_name": "WSJ", "name": "The Wall Street Journal", "id": 3108351, "id_str": "3108351", "indices": [81, 85]}], "urls": [{"url": "https://t.co/qfWY4s4YWW", "expanded_url": "https://nbcnews.to/2P85BSL", "display_url": "nbcnews.to/2P85BSL", "indices": [97, 120]}]}, "source": "<a href=\"http://www.socialflow.com\" rel=\"nofollow\">SocialFlow</a>", "in_reply_to_status_id": null, "in_reply_to_status_id_str": null, "in_reply_to_user_id": null, "in_reply_to_user_id_str": null, "in_reply_to_screen_name": null, "user": {"id": 11856032, "id_str": "11856032", "name": "NBC Politics", "screen_name": "NBCPolitics", "location": "", "description": "Political news from the journalists across @NBCNews, @MSNBC, @TodayShow, @NBCNightlyNews, @MeetThePress, @NBCInvestigates and more.", "url": "https://t.co/aSm5RbuWs3", "entities": {"url": {"urls": [{"url": "https://t.co/aSm5RbuWs3", "expanded_url": "http://www.NBCPolitics.com", "display_url": "NBCPolitics.com", "indices": [0, 23]}]}, "description": {"urls": []}}, "protected": false, "followers_count": 589200, "friends_count": 260, "listed_count": 6824, "created_at": "Fri Jan 04 22:09:18 +0000 2008", "favourites_count": 819, "utc_offset": null, "time_zone": null, "geo_enabled": false, "verified": true, "statuses_count": 69720, "lang": null, "contributors_enabled": false, "is_translator": false, "is_translation_enabled": false, "profile_background_color": "062131", "profile_background_image_url": "http://abs.twimg.com/images/themes/theme1/bg.png", "profile_background_image_url_https": "https://abs.twimg.com/images/themes/theme1/bg.png", "profile_background_tile": true, "profile_image_url": "http://pbs.twimg.com/profile_images/1108427382925471744/1np2ube6_normal.png", "profile_image_url_https": "https://pbs.twimg.com/profile_images/1108427382925471744/1np2ube6_normal.png", "profile_banner_url": "https://pbs.twimg.com/profile_banners/11856032/1574713459", "profile_link_color": "5172A0", "profile_sidebar_border_color": "000000", "profile_sidebar_fill_color": "EEEEEE", "profile_text_color": "000000", "profile_use_background_image": true, "has_extended_profile": false, "default_profile": false, "default_profile_image": false, "following": false, "follow_request_sent": false, "notifications": false, "translator_type": "none"}, "geo": null, "coordinates": null, "place": null, "contributors": null, "is_quote_status": false, "retweet_count": 33, "favorite_count": 66, "favorited": false, "retweeted": false, "possibly_sensitive": false, "lang": "en"}