{"created_at": "Tue Aug 28 10:39:22 +0000 2018", "id": 1034389972562964482, "id_str": "1034389972562964482", "text": "French cloud hosting company OVH just announced a new CEO. Michel Paulin is now heading the company. Founder Octave\u2026 https://t.co/6ZqTwZvfzH", "truncated": true, "entities": {"hashtags": [], "symbols": [], "user_mentions": [], "urls": [{"url": "https://t.co/6ZqTwZvfzH", "expanded_url": "https://twitter.com/i/web/status/1034389972562964482", "display_url": "twitter.com/i/web/status/1\u2026", "indices": [117, 140]}]}, "source": "<a href=\"http://www.facebook.com/twitter\" rel=\"nofollow\">Facebook</a>", "in_reply_to_status_id": null, "in_reply_to_status_id_str": null, "in_reply_to_user_id": null, "in_reply_to_user_id_str": null, "in_reply_to_screen_name": null, "user": {"id": 1014614947907756033, "id_str": "1014614947907756033", "name": "BreakingNewsFeed", "screen_name": "Global2NewsFeed", "location": "United States", "description": "The latest #news, #sports, #entertainment #business, and more breaking headlines and articles from a variety of trusted news organizations.", "url": null, "entities": {"description": {"urls": []}}, "protected": false, "followers_count": 596, "friends_count": 32, "listed_count": 2, "created_at": "Wed Jul 04 21:00:29 +0000 2018", "favourites_count": 7, "utc_offset": null, "time_zone": null, "geo_enabled": false, "verified": false, "statuses_count": 37602, "lang": null, "contributors_enabled": false, "is_translator": false, "is_translation_enabled": false, "profile_background_color": "F5F8FA", "profile_background_image_url": null, "profile_background_image_url_https": null, "profile_background_tile": false, "profile_image_url": "http://pbs.twimg.com/profile_images/1059093630751834112/kNmppsqY_normal.jpg", "profile_image_url_https": "https://pbs.twimg.com/profile_images/1059093630751834112/kNmppsqY_normal.jpg", "profile_banner_url": "https://pbs.twimg.com/profile_banners/1014614947907756033/1530824411", "profile_link_color": "1DA1F2", "profile_sidebar_border_color": "C0DEED", "profile_sidebar_fill_color": "DDEEF6", "profile_text_color": "333333", "profile_use_background_image": true, "has_extended_profile": false, "default_profile": true, "default_profile_image": false, "following": false, "follow_request_sent": false, "notifications": false, "translator_type": "none"}, "geo": null, "coordinates": null, "place": null, "contributors": null, "is_quote_status": false, "retweet_count": 0, "favorite_count": 0, "favorited": false, "retweeted": false, "possibly_sensitive": false, "lang": "en"}