{"created_at": "Mon Aug 27 16:55:43 +0000 2018", "id": 1034122295726538754, "id_str": "1034122295726538754", "text": "NBC/Wall St. Joirnal Poll: \u201cThe @NBCNews / @WSJ survey...finds Republicans with a 14-point advantage in which party\u2026 https://t.co/WaEJrL4kSD", "truncated": true, "entities": {"hashtags": [], "symbols": [], "user_mentions": [{"screen_name": "NBCNews", "name": "NBC News", "id": 14173315, "id_str": "14173315", "indices": [32, 40]}, {"screen_name": "WSJ", "name": "The Wall Street Journal", "id": 3108351, "id_str": "3108351", "indices": [43, 47]}], "urls": [{"url": "https://t.co/WaEJrL4kSD", "expanded_url": "https://twitter.com/i/web/status/1034122295726538754", "display_url": "twitter.com/i/web/status/1\u2026", "indices": [117, 140]}]}, "source": "<a href=\"http://twitter.com/download/iphone\" rel=\"nofollow\">Twitter for iPhone</a>", "in_reply_to_status_id": null, "in_reply_to_status_id_str": null, "in_reply_to_user_id": null, "in_reply_to_user_id_str": null, "in_reply_to_screen_name": null, "user": {"id": 22412777, "id_str": "22412777", "name": "Lee Spieckerman", "screen_name": "spieckerman", "location": "Dallas/Fort Worth", "description": "Media entrepreneur, political communications and policy strategist, network TV commentator. Spokesperson, Texas Land Commissioner George P. Bush campaign.", "url": "https://t.co/C1qiKoUujO", "entities": {"url": {"urls": [{"url": "https://t.co/C1qiKoUujO", "expanded_url": "https://www.youtube.com/spieckermanmedia/", "display_url": "youtube.com/spieckermanmed\u2026", "indices": [0, 23]}]}, "description": {"urls": []}}, "protected": false, "followers_count": 1016, "friends_count": 2589, "listed_count": 30, "created_at": "Sun Mar 01 22:03:11 +0000 2009", "favourites_count": 8421, "utc_offset": null, "time_zone": null, "geo_enabled": true, "verified": false, "statuses_count": 23439, "lang": null, "contributors_enabled": false, "is_translator": false, "is_translation_enabled": false, "profile_background_color": "5669E3", "profile_background_image_url": "http://abs.twimg.com/images/themes/theme1/bg.png", "profile_background_image_url_https": "https://abs.twimg.com/images/themes/theme1/bg.png", "profile_background_tile": false, "profile_image_url": "http://pbs.twimg.com/profile_images/1264929471024500737/fsdBQrRp_normal.jpg", "profile_image_url_https": "https://pbs.twimg.com/profile_images/1264929471024500737/fsdBQrRp_normal.jpg", "profile_banner_url": "https://pbs.twimg.com/profile_banners/22412777/1502842837", "profile_link_color": "372AEB", "profile_sidebar_border_color": "050505", "profile_sidebar_fill_color": "D4CCFF", "profile_text_color": "333333", "profile_use_background_image": true, "has_extended_profile": true, "default_profile": false, "default_profile_image": false, "following": false, "follow_request_sent": false, "notifications": false, "translator_type": "none"}, "geo": null, "coordinates": null, "place": null, "contributors": null, "is_quote_status": false, "retweet_count": 0, "favorite_count": 1, "favorited": false, "retweeted": false, "possibly_sensitive": false, "lang": "en"}