{"created_at": "Wed Aug 29 16:49:02 +0000 2018", "id": 1034845390032564229, "id_str": "1034845390032564229", "text": "@AmericaIsBusted @LostDiva @tradejas @amandalitman I said Bernie has a bad track record on gun control Hence his 5\u2026 https://t.co/XEXXRA9mle", "truncated": true, "entities": {"hashtags": [], "symbols": [], "user_mentions": [{"screen_name": "LostDiva", "name": "#BernieSanders #MedicareForAll #WearAMask", "id": 22869375, "id_str": "22869375", "indices": [17, 26]}, {"screen_name": "tradejas", "name": "trader j", "id": 238668583, "id_str": "238668583", "indices": [27, 36]}, {"screen_name": "amandalitman", "name": "Amanda Litman", "id": 3488471, "id_str": "3488471", "indices": [37, 50]}], "urls": [{"url": "https://t.co/XEXXRA9mle", "expanded_url": "https://twitter.com/i/web/status/1034845390032564229", "display_url": "twitter.com/i/web/status/1\u2026", "indices": [116, 139]}]}, "source": "<a href=\"http://twitter.com\" rel=\"nofollow\">Twitter Web Client</a>", "in_reply_to_status_id": null, "in_reply_to_status_id_str": null, "in_reply_to_user_id": null, "in_reply_to_user_id_str": null, "in_reply_to_screen_name": null, "user": {"id": 933557142761672705, "id_str": "933557142761672705", "name": "Manny", "screen_name": "MannyG993", "location": "", "description": "#TheResistance #LGBTQ #ACLU #UniteBlue #Guncontrol #DACA", "url": null, "entities": {"description": {"urls": []}}, "protected": false, "followers_count": 529, "friends_count": 536, "listed_count": 0, "created_at": "Thu Nov 23 04:45:42 +0000 2017", "favourites_count": 2155, "utc_offset": null, "time_zone": null, "geo_enabled": false, "verified": false, "statuses_count": 1656, "lang": null, "contributors_enabled": false, "is_translator": false, "is_translation_enabled": false, "profile_background_color": "F5F8FA", "profile_background_image_url": null, "profile_background_image_url_https": null, "profile_background_tile": false, "profile_image_url": "http://pbs.twimg.com/profile_images/982080833795141633/hXExLk_U_normal.jpg", "profile_image_url_https": "https://pbs.twimg.com/profile_images/982080833795141633/hXExLk_U_normal.jpg", "profile_banner_url": "https://pbs.twimg.com/profile_banners/933557142761672705/1529344961", "profile_link_color": "1DA1F2", "profile_sidebar_border_color": "C0DEED", "profile_sidebar_fill_color": "DDEEF6", "profile_text_color": "333333", "profile_use_background_image": true, "has_extended_profile": false, "default_profile": true, "default_profile_image": false, "following": false, "follow_request_sent": false, "notifications": false, "translator_type": "none"}, "geo": null, "coordinates": null, "place": null, "contributors": null, "is_quote_status": false, "retweet_count": 0, "favorite_count": 0, "favorited": false, "retweeted": false, "lang": "en"}