{"created_at": "Wed Aug 29 21:50:00 +0000 2018", "id": 1034921131793207296, "id_str": "1034921131793207296", "text": "WATCH: Senator John McCain in his own words. \n\n@PeterAlexander shares more on how the senator is being remembered,\u2026 https://t.co/pZcYMcubmE", "truncated": true, "entities": {"hashtags": [], "symbols": [], "user_mentions": [{"screen_name": "PeterAlexander", "name": "Peter Alexander", "id": 91386979, "id_str": "91386979", "indices": [47, 62]}], "urls": [{"url": "https://t.co/pZcYMcubmE", "expanded_url": "https://twitter.com/i/web/status/1034921131793207296", "display_url": "twitter.com/i/web/status/1\u2026", "indices": [116, 139]}]}, "source": "<a href=\"https://studio.twitter.com\" rel=\"nofollow\">Twitter Media Studio</a>", "in_reply_to_status_id": null, "in_reply_to_status_id_str": null, "in_reply_to_user_id": null, "in_reply_to_user_id_str": null, "in_reply_to_screen_name": null, "user": {"id": 8839632, "id_str": "8839632", "name": "NBC Nightly News with Lester Holt", "screen_name": "NBCNightlyNews", "location": "New York", "description": "Breaking news, in-depth reporting, context on news around the world | Full episodes: https://t.co/wVdgxKe8EP | Nightly News Kids Edition: https://t.co/CZRUxELzjw", "url": "https://t.co/siVgviWIA1", "entities": {"url": {"urls": [{"url": "https://t.co/siVgviWIA1", "expanded_url": "http://NBCNightlyNews.com", "display_url": "NBCNightlyNews.com", "indices": [0, 23]}]}, "description": {"urls": [{"url": "https://t.co/wVdgxKe8EP", "expanded_url": "http://nbcnightlynews.com", "display_url": "nbcnightlynews.com", "indices": [85, 108]}, {"url": "https://t.co/CZRUxELzjw", "expanded_url": "http://nbcnews.com/nightlykids", "display_url": "nbcnews.com/nightlykids", "indices": [138, 161]}]}}, "protected": false, "followers_count": 1010993, "friends_count": 479, "listed_count": 10604, "created_at": "Wed Sep 12 19:19:22 +0000 2007", "favourites_count": 1847, "utc_offset": null, "time_zone": null, "geo_enabled": true, "verified": true, "statuses_count": 165837, "lang": null, "contributors_enabled": false, "is_translator": false, "is_translation_enabled": false, "profile_background_color": "000000", "profile_background_image_url": "http://abs.twimg.com/images/themes/theme1/bg.png", "profile_background_image_url_https": "https://abs.twimg.com/images/themes/theme1/bg.png", "profile_background_tile": false, "profile_image_url": "http://pbs.twimg.com/profile_images/878311894418849792/jlk1k6MF_normal.jpg", "profile_image_url_https": "https://pbs.twimg.com/profile_images/878311894418849792/jlk1k6MF_normal.jpg", "profile_banner_url": "https://pbs.twimg.com/profile_banners/8839632/1561689902", "profile_link_color": "124578", "profile_sidebar_border_color": "DADADA", "profile_sidebar_fill_color": "EEEEEE", "profile_text_color": "000000", "profile_use_background_image": true, "has_extended_profile": false, "default_profile": false, "default_profile_image": false, "following": false, "follow_request_sent": false, "notifications": false, "translator_type": "none"}, "geo": null, "coordinates": null, "place": null, "contributors": null, "is_quote_status": false, "retweet_count": 17, "favorite_count": 44, "favorited": false, "retweeted": false, "possibly_sensitive": false, "lang": "en"}