{"created_at": "Thu Aug 30 13:15:15 +0000 2018", "id": 1035153980370743297, "id_str": "1035153980370743297", "text": "\u201cThe Life And Legacy Of John McCain In His Own Words\u201d by @SpringSteve https://t.co/2j7p9DwD50", "truncated": false, "entities": {"hashtags": [], "symbols": [], "user_mentions": [{"screen_name": "SpringSteve", "name": "Steve Spring", "id": 576732332, "id_str": "576732332", "indices": [57, 69]}], "urls": [{"url": "https://t.co/2j7p9DwD50", "expanded_url": "https://medium.com/swlh/the-life-and-legacy-of-john-mccain-in-his-own-words-a3278a800e1f?source=twitterShare-52c0e8e690ed-1535634658", "display_url": "medium.com/swlh/the-life-\u2026", "indices": [70, 93]}]}, "source": "<a href=\"http://twitter.com/#!/download/ipad\" rel=\"nofollow\">Twitter for iPad</a>", "in_reply_to_status_id": null, "in_reply_to_status_id_str": null, "in_reply_to_user_id": null, "in_reply_to_user_id_str": null, "in_reply_to_screen_name": null, "user": {"id": 820520653711286272, "id_str": "820520653711286272", "name": "Selma #amediting", "screen_name": "SelmaWrites", "location": "Japan", "description": "Reader/Writer, Learner, Blogger, Enthusiast. \ud83d\udcd6 https://t.co/4ZoRo4G1di LivingINthe moment. https://t.co/UZmSFC5E43 #IWishYouMiracles", "url": "https://t.co/C1pVvLRriY", "entities": {"url": {"urls": [{"url": "https://t.co/C1pVvLRriY", "expanded_url": "https://selmawrites.com", "display_url": "selmawrites.com", "indices": [0, 23]}]}, "description": {"urls": [{"url": "https://t.co/4ZoRo4G1di", "expanded_url": "http://bit.ly/SelmaWanted", "display_url": "bit.ly/SelmaWanted", "indices": [47, 70]}, {"url": "https://t.co/UZmSFC5E43", "expanded_url": "https://medium.com/@SelmaWrites_20774", "display_url": "medium.com/@SelmaWrites_2\u2026", "indices": [91, 114]}]}}, "protected": false, "followers_count": 7993, "friends_count": 8448, "listed_count": 121, "created_at": "Sun Jan 15 06:39:03 +0000 2017", "favourites_count": 14425, "utc_offset": null, "time_zone": null, "geo_enabled": false, "verified": false, "statuses_count": 32881, "lang": null, "contributors_enabled": false, "is_translator": false, "is_translation_enabled": false, "profile_background_color": "F5F8FA", "profile_background_image_url": null, "profile_background_image_url_https": null, "profile_background_tile": false, "profile_image_url": "http://pbs.twimg.com/profile_images/820534066155950080/ETpHzSXo_normal.jpg", "profile_image_url_https": "https://pbs.twimg.com/profile_images/820534066155950080/ETpHzSXo_normal.jpg", "profile_banner_url": "https://pbs.twimg.com/profile_banners/820520653711286272/1484465685", "profile_link_color": "1DA1F2", "profile_sidebar_border_color": "C0DEED", "profile_sidebar_fill_color": "DDEEF6", "profile_text_color": "333333", "profile_use_background_image": true, "has_extended_profile": true, "default_profile": true, "default_profile_image": false, "following": false, "follow_request_sent": false, "notifications": false, "translator_type": "none"}, "geo": null, "coordinates": null, "place": null, "contributors": null, "is_quote_status": false, "retweet_count": 0, "favorite_count": 0, "favorited": false, "retweeted": false, "possibly_sensitive": false, "lang": "en"}