{"created_at": "Sat Sep 01 15:17:01 +0000 2018", "id": 1035909399355609089, "id_str": "1035909399355609089", "text": "Fall River historian\u2019s 2003 interview with Sen. John McCain to be featured at Battleship Cove https://t.co/5Dy7pfDliU", "truncated": false, "entities": {"hashtags": [], "symbols": [], "user_mentions": [], "urls": [{"url": "https://t.co/5Dy7pfDliU", "expanded_url": "http://heraldnews.com/news/20180831/2003-interview-with-sen-mccain-by-battleship-cove-historian-recalls-life-of-service", "display_url": "heraldnews.com/news/20180831/\u2026", "indices": [94, 117]}]}, "source": "<a href=\"http://twitter.com/download/iphone\" rel=\"nofollow\">Twitter for iPhone</a>", "in_reply_to_status_id": null, "in_reply_to_status_id_str": null, "in_reply_to_user_id": null, "in_reply_to_user_id_str": null, "in_reply_to_screen_name": null, "user": {"id": 2463732438, "id_str": "2463732438", "name": "Fall River Rising", "screen_name": "FallRiverRising", "location": "SF:  Brad Paul, Curator", "description": "Positive stories & creative ideas related to Fall River, Mass., our hometown, and how you can make a difference. Visit our http://t.co/AksDzEMfgV website.", "url": "http://t.co/AksDzEMfgV", "entities": {"url": {"urls": [{"url": "http://t.co/AksDzEMfgV", "expanded_url": "http://FallRiverAlumniNetwork.com", "display_url": "FallRiverAlumniNetwork.com", "indices": [0, 22]}]}, "description": {"urls": [{"url": "http://t.co/AksDzEMfgV", "expanded_url": "http://FallRiverAlumniNetwork.com", "display_url": "FallRiverAlumniNetwork.com", "indices": [123, 145]}]}}, "protected": false, "followers_count": 1806, "friends_count": 1613, "listed_count": 10, "created_at": "Fri Apr 25 22:14:18 +0000 2014", "favourites_count": 270, "utc_offset": null, "time_zone": null, "geo_enabled": true, "verified": false, "statuses_count": 2371, "lang": null, "contributors_enabled": false, "is_translator": false, "is_translation_enabled": false, "profile_background_color": "C0DEED", "profile_background_image_url": "http://abs.twimg.com/images/themes/theme1/bg.png", "profile_background_image_url_https": "https://abs.twimg.com/images/themes/theme1/bg.png", "profile_background_tile": false, "profile_image_url": "http://pbs.twimg.com/profile_images/892828892897067008/Vafe3gIq_normal.jpg", "profile_image_url_https": "https://pbs.twimg.com/profile_images/892828892897067008/Vafe3gIq_normal.jpg", "profile_banner_url": "https://pbs.twimg.com/profile_banners/2463732438/1398695675", "profile_link_color": "1B95E0", "profile_sidebar_border_color": "FFFFFF", "profile_sidebar_fill_color": "DDEEF6", "profile_text_color": "333333", "profile_use_background_image": true, "has_extended_profile": false, "default_profile": false, "default_profile_image": false, "following": false, "follow_request_sent": false, "notifications": false, "translator_type": "none"}, "geo": null, "coordinates": null, "place": null, "contributors": null, "is_quote_status": false, "retweet_count": 0, "favorite_count": 1, "favorited": false, "retweeted": false, "possibly_sensitive": false, "lang": "en"}