{"created_at": "Sat Sep 01 14:09:59 +0000 2018", "id": 1035892527482777600, "id_str": "1035892527482777600", "text": "John McCain's legacy \u2014 in his own words https://t.co/zOpFybQtGu", "truncated": false, "entities": {"hashtags": [], "symbols": [], "user_mentions": [], "urls": [{"url": "https://t.co/zOpFybQtGu", "expanded_url": "https://on.mktw.net/2Q12Y6K", "display_url": "on.mktw.net/2Q12Y6K", "indices": [40, 63]}]}, "source": "<a href=\"http://www.marketwatch.com\" rel=\"nofollow\">MarketWatch</a>", "in_reply_to_status_id": null, "in_reply_to_status_id_str": null, "in_reply_to_user_id": null, "in_reply_to_user_id_str": null, "in_reply_to_screen_name": null, "user": {"id": 624413, "id_str": "624413", "name": "MarketWatch", "screen_name": "MarketWatch", "location": "New York, NY", "description": "News, personal finance & commentary from MarketWatch.", "url": "http://t.co/0HcV671qZB", "entities": {"url": {"urls": [{"url": "http://t.co/0HcV671qZB", "expanded_url": "http://www.marketwatch.com/", "display_url": "marketwatch.com", "indices": [0, 22]}]}, "description": {"urls": []}}, "protected": false, "followers_count": 3793254, "friends_count": 198, "listed_count": 26032, "created_at": "Thu Jan 11 05:15:48 +0000 2007", "favourites_count": 2619, "utc_offset": null, "time_zone": null, "geo_enabled": false, "verified": true, "statuses_count": 316618, "lang": null, "contributors_enabled": false, "is_translator": false, "is_translation_enabled": false, "profile_background_color": "408D52", "profile_background_image_url": "http://abs.twimg.com/images/themes/theme1/bg.png", "profile_background_image_url_https": "https://abs.twimg.com/images/themes/theme1/bg.png", "profile_background_tile": false, "profile_image_url": "http://pbs.twimg.com/profile_images/705601245596090368/Z6xUOnRg_normal.jpg", "profile_image_url_https": "https://pbs.twimg.com/profile_images/705601245596090368/Z6xUOnRg_normal.jpg", "profile_banner_url": "https://pbs.twimg.com/profile_banners/624413/1398380735", "profile_link_color": "408D52", "profile_sidebar_border_color": "FFFFFF", "profile_sidebar_fill_color": "F0F7F2", "profile_text_color": "333333", "profile_use_background_image": true, "has_extended_profile": false, "default_profile": false, "default_profile_image": false, "following": false, "follow_request_sent": false, "notifications": false, "translator_type": "none"}, "geo": null, "coordinates": null, "place": null, "contributors": null, "is_quote_status": false, "retweet_count": 5, "favorite_count": 3, "favorited": false, "retweeted": false, "possibly_sensitive": false, "lang": "en"}