{"created_at": "Thu Aug 30 23:43:47 +0000 2018", "id": 1035312156533817345, "id_str": "1035312156533817345", "text": "The American Society of Civil Engineers gives the U.S. infrastructure a grade of D+, but sure, let\u2019s spend money on\u2026 https://t.co/3lTyoEuUEc", "truncated": true, "entities": {"hashtags": [], "symbols": [], "user_mentions": [], "urls": [{"url": "https://t.co/3lTyoEuUEc", "expanded_url": "https://twitter.com/i/web/status/1035312156533817345", "display_url": "twitter.com/i/web/status/1\u2026", "indices": [117, 140]}]}, "source": "<a href=\"https://mobile.twitter.com\" rel=\"nofollow\">Twitter Web App</a>", "in_reply_to_status_id": null, "in_reply_to_status_id_str": null, "in_reply_to_user_id": null, "in_reply_to_user_id_str": null, "in_reply_to_screen_name": null, "user": {"id": 2600283656, "id_str": "2600283656", "name": "Michael Sch", "screen_name": "mean_mr_mike", "location": "NJ/Philly area", "description": "", "url": null, "entities": {"description": {"urls": []}}, "protected": false, "followers_count": 137, "friends_count": 240, "listed_count": 3, "created_at": "Wed Jul 02 18:28:59 +0000 2014", "favourites_count": 3301, "utc_offset": null, "time_zone": null, "geo_enabled": false, "verified": false, "statuses_count": 856, "lang": null, "contributors_enabled": false, "is_translator": false, "is_translation_enabled": false, "profile_background_color": "C0DEED", "profile_background_image_url": "http://abs.twimg.com/images/themes/theme1/bg.png", "profile_background_image_url_https": "https://abs.twimg.com/images/themes/theme1/bg.png", "profile_background_tile": false, "profile_image_url": "http://pbs.twimg.com/profile_images/1164530903856668672/Ud_ngMtt_normal.jpg", "profile_image_url_https": "https://pbs.twimg.com/profile_images/1164530903856668672/Ud_ngMtt_normal.jpg", "profile_banner_url": "https://pbs.twimg.com/profile_banners/2600283656/1566487666", "profile_link_color": "1DA1F2", "profile_sidebar_border_color": "C0DEED", "profile_sidebar_fill_color": "DDEEF6", "profile_text_color": "333333", "profile_use_background_image": true, "has_extended_profile": false, "default_profile": true, "default_profile_image": false, "following": false, "follow_request_sent": false, "notifications": false, "translator_type": "none"}, "geo": null, "coordinates": null, "place": null, "contributors": null, "is_quote_status": false, "retweet_count": 7, "favorite_count": 9, "favorited": false, "retweeted": false, "possibly_sensitive": false, "lang": "en"}