{"created_at": "Fri Aug 31 14:03:35 +0000 2018", "id": 1035528529780330496, "id_str": "1035528529780330496", "text": ".@NBCNews/@WSJ poll: Majority say kneeling during anthem 'not appropriate' https://t.co/8JYUIV917e", "truncated": false, "entities": {"hashtags": [], "symbols": [], "user_mentions": [{"screen_name": "NBCNews", "name": "NBC News", "id": 14173315, "id_str": "14173315", "indices": [1, 9]}, {"screen_name": "WSJ", "name": "The Wall Street Journal", "id": 3108351, "id_str": "3108351", "indices": [10, 14]}], "urls": [{"url": "https://t.co/8JYUIV917e", "expanded_url": "https://www.nbcnews.com/politics/first-read/nbc-wsj-poll-majority-say-kneeling-during-anthem-not-appropriate-n904891", "display_url": "nbcnews.com/politics/first\u2026", "indices": [75, 98]}]}, "source": "<a href=\"http://twitter.com\" rel=\"nofollow\">Twitter Web Client</a>", "in_reply_to_status_id": null, "in_reply_to_status_id_str": null, "in_reply_to_user_id": null, "in_reply_to_user_id_str": null, "in_reply_to_screen_name": null, "user": {"id": 59212679, "id_str": "59212679", "name": "Louis Ortiz", "screen_name": "LouisOrtiz92", "location": "New York, NY", "description": "Video Curation & Distribution Specialist at @NBCNews. Proudly gay and Boricua! Theme parks/pop culture lover! RT/links don't = endorsements.", "url": "https://t.co/q2qQU1dtRe", "entities": {"url": {"urls": [{"url": "https://t.co/q2qQU1dtRe", "expanded_url": "https://www.instagram.com/louisortiz92/", "display_url": "instagram.com/louisortiz92/", "indices": [0, 23]}]}, "description": {"urls": []}}, "protected": false, "followers_count": 1750, "friends_count": 1963, "listed_count": 44, "created_at": "Wed Jul 22 18:55:05 +0000 2009", "favourites_count": 118875, "utc_offset": null, "time_zone": null, "geo_enabled": true, "verified": false, "statuses_count": 32460, "lang": null, "contributors_enabled": false, "is_translator": false, "is_translation_enabled": false, "profile_background_color": "000000", "profile_background_image_url": "http://abs.twimg.com/images/themes/theme15/bg.png", "profile_background_image_url_https": "https://abs.twimg.com/images/themes/theme15/bg.png", "profile_background_tile": false, "profile_image_url": "http://pbs.twimg.com/profile_images/1070391936866050048/dZxpCGDK_normal.jpg", "profile_image_url_https": "https://pbs.twimg.com/profile_images/1070391936866050048/dZxpCGDK_normal.jpg", "profile_banner_url": "https://pbs.twimg.com/profile_banners/59212679/1573075890", "profile_link_color": "3B94D9", "profile_sidebar_border_color": "000000", "profile_sidebar_fill_color": "000000", "profile_text_color": "000000", "profile_use_background_image": false, "has_extended_profile": true, "default_profile": false, "default_profile_image": false, "following": false, "follow_request_sent": false, "notifications": false, "translator_type": "none"}, "geo": null, "coordinates": null, "place": null, "contributors": null, "is_quote_status": false, "retweet_count": 0, "favorite_count": 0, "favorited": false, "retweeted": false, "possibly_sensitive": false, "lang": "en"}