{"created_at": "Mon Sep 03 19:00:00 +0000 2018", "id": 1036690291426615296, "id_str": "1036690291426615296", "text": "A report by the American Society of Civil Engineers demonstrates the worrying state of basic #infrastructure and th\u2026 https://t.co/vgZle7xtki", "truncated": true, "entities": {"hashtags": [{"text": "infrastructure", "indices": [93, 108]}], "symbols": [], "user_mentions": [], "urls": [{"url": "https://t.co/vgZle7xtki", "expanded_url": "https://twitter.com/i/web/status/1036690291426615296", "display_url": "twitter.com/i/web/status/1\u2026", "indices": [117, 140]}]}, "source": "<a href=\"https://about.twitter.com/products/tweetdeck\" rel=\"nofollow\">TweetDeck</a>", "in_reply_to_status_id": null, "in_reply_to_status_id_str": null, "in_reply_to_user_id": null, "in_reply_to_user_id_str": null, "in_reply_to_screen_name": null, "user": {"id": 237064482, "id_str": "237064482", "name": "The Corner", "screen_name": "thecornerdoteu", "location": "Global", "description": "#Spain and #EU economies in a global context. Exclusive insight from top market commentators. We are europhile but independent. And we love debating.", "url": "http://t.co/J7GQENuq8Y", "entities": {"url": {"urls": [{"url": "http://t.co/J7GQENuq8Y", "expanded_url": "http://www.thecorner.eu", "display_url": "thecorner.eu", "indices": [0, 22]}]}, "description": {"urls": []}}, "protected": false, "followers_count": 1680, "friends_count": 1824, "listed_count": 197, "created_at": "Wed Jan 12 00:36:40 +0000 2011", "favourites_count": 734, "utc_offset": null, "time_zone": null, "geo_enabled": true, "verified": false, "statuses_count": 40838, "lang": null, "contributors_enabled": false, "is_translator": false, "is_translation_enabled": false, "profile_background_color": "FD9901", "profile_background_image_url": "http://abs.twimg.com/images/themes/theme19/bg.gif", "profile_background_image_url_https": "https://abs.twimg.com/images/themes/theme19/bg.gif", "profile_background_tile": false, "profile_image_url": "http://pbs.twimg.com/profile_images/502812577047404544/9zKe_0Pt_normal.jpeg", "profile_image_url_https": "https://pbs.twimg.com/profile_images/502812577047404544/9zKe_0Pt_normal.jpeg", "profile_banner_url": "https://pbs.twimg.com/profile_banners/237064482/1466768896", "profile_link_color": "0099CC", "profile_sidebar_border_color": "000000", "profile_sidebar_fill_color": "F6FFD1", "profile_text_color": "333333", "profile_use_background_image": true, "has_extended_profile": false, "default_profile": false, "default_profile_image": false, "following": false, "follow_request_sent": false, "notifications": false, "translator_type": "none"}, "geo": null, "coordinates": null, "place": null, "contributors": null, "is_quote_status": false, "retweet_count": 0, "favorite_count": 0, "favorited": false, "retweeted": false, "possibly_sensitive": false, "lang": "en"}