{"created_at": "Sun Sep 02 04:33:05 +0000 2018", "id": 1036109734259171328, "id_str": "1036109734259171328", "text": "@NBCNews I love it NBC... bias at every single moment you have... \u201cwatch\u201d Obama\u2019s speech but for Meaghan and Presid\u2026 https://t.co/v2ISDu61EO", "truncated": true, "entities": {"hashtags": [], "symbols": [], "user_mentions": [{"screen_name": "NBCNews", "name": "NBC News", "id": 14173315, "id_str": "14173315", "indices": [0, 8]}], "urls": [{"url": "https://t.co/v2ISDu61EO", "expanded_url": "https://twitter.com/i/web/status/1036109734259171328", "display_url": "twitter.com/i/web/status/1\u2026", "indices": [117, 140]}]}, "source": "<a href=\"http://twitter.com/download/iphone\" rel=\"nofollow\">Twitter for iPhone</a>", "in_reply_to_status_id": 1036074764060831744, "in_reply_to_status_id_str": "1036074764060831744", "in_reply_to_user_id": 14173315, "in_reply_to_user_id_str": "14173315", "in_reply_to_screen_name": "NBCNews", "user": {"id": 935186081233997824, "id_str": "935186081233997824", "name": "ConservativeFA", "screen_name": "Conservative_FA", "location": "Florida", "description": "Loving husband and father of three", "url": null, "entities": {"description": {"urls": []}}, "protected": false, "followers_count": 70, "friends_count": 238, "listed_count": 0, "created_at": "Mon Nov 27 16:38:31 +0000 2017", "favourites_count": 8877, "utc_offset": null, "time_zone": null, "geo_enabled": false, "verified": false, "statuses_count": 3763, "lang": null, "contributors_enabled": false, "is_translator": false, "is_translation_enabled": false, "profile_background_color": "F5F8FA", "profile_background_image_url": null, "profile_background_image_url_https": null, "profile_background_tile": false, "profile_image_url": "http://pbs.twimg.com/profile_images/1273114917856587776/M2PyJcXQ_normal.jpg", "profile_image_url_https": "https://pbs.twimg.com/profile_images/1273114917856587776/M2PyJcXQ_normal.jpg", "profile_link_color": "1DA1F2", "profile_sidebar_border_color": "C0DEED", "profile_sidebar_fill_color": "DDEEF6", "profile_text_color": "333333", "profile_use_background_image": true, "has_extended_profile": false, "default_profile": true, "default_profile_image": false, "following": false, "follow_request_sent": false, "notifications": false, "translator_type": "none"}, "geo": null, "coordinates": null, "place": null, "contributors": null, "is_quote_status": false, "retweet_count": 0, "favorite_count": 0, "favorited": false, "retweeted": false, "lang": "en"}