{"created_at": "Fri Sep 07 02:07:13 +0000 2018", "id": 1037884965164404736, "id_str": "1037884965164404736", "text": "When is enough enough to take action and re-implement lapsed laws like the Brady bill? I carried an M-16 or M-4 as\u2026 https://t.co/GlVqbHqSN1", "truncated": true, "entities": {"hashtags": [], "symbols": [], "user_mentions": [], "urls": [{"url": "https://t.co/GlVqbHqSN1", "expanded_url": "https://twitter.com/i/web/status/1037884965164404736", "display_url": "twitter.com/i/web/status/1\u2026", "indices": [116, 139]}]}, "source": "<a href=\"http://twitter.com\" rel=\"nofollow\">Twitter Web Client</a>", "in_reply_to_status_id": null, "in_reply_to_status_id_str": null, "in_reply_to_user_id": null, "in_reply_to_user_id_str": null, "in_reply_to_screen_name": null, "user": {"id": 4836077445, "id_str": "4836077445", "name": "Brent Otter", "screen_name": "brent_otter7", "location": "Durham, NC", "description": "21+ yrs Infantryman in US Army making the bad man go away-then MA in Psych.advocate&fight fiercely for those oppressed or wronged, and for equality-always loyal", "url": "https://t.co/4DOItbuxdT", "entities": {"url": {"urls": [{"url": "https://t.co/4DOItbuxdT", "expanded_url": "https://www.facebook.com/brentotter", "display_url": "facebook.com/brentotter", "indices": [0, 23]}]}, "description": {"urls": []}}, "protected": false, "followers_count": 169, "friends_count": 606, "listed_count": 6, "created_at": "Fri Jan 22 19:42:07 +0000 2016", "favourites_count": 4428, "utc_offset": null, "time_zone": null, "geo_enabled": true, "verified": false, "statuses_count": 6709, "lang": null, "contributors_enabled": false, "is_translator": false, "is_translation_enabled": false, "profile_background_color": "000000", "profile_background_image_url": "http://abs.twimg.com/images/themes/theme1/bg.png", "profile_background_image_url_https": "https://abs.twimg.com/images/themes/theme1/bg.png", "profile_background_tile": false, "profile_image_url": "http://pbs.twimg.com/profile_images/871529101798014981/PCt8Mx-C_normal.jpg", "profile_image_url_https": "https://pbs.twimg.com/profile_images/871529101798014981/PCt8Mx-C_normal.jpg", "profile_banner_url": "https://pbs.twimg.com/profile_banners/4836077445/1460336249", "profile_link_color": "1B95E0", "profile_sidebar_border_color": "000000", "profile_sidebar_fill_color": "000000", "profile_text_color": "000000", "profile_use_background_image": false, "has_extended_profile": true, "default_profile": false, "default_profile_image": false, "following": false, "follow_request_sent": false, "notifications": false, "translator_type": "none"}, "geo": null, "coordinates": null, "place": null, "contributors": null, "is_quote_status": true, "quoted_status_id": 1037845469450387457, "quoted_status_id_str": "1037845469450387457", "quoted_status": {"created_at": "Thu Sep 06 23:30:16 +0000 2018", "id": 1037845469450387457, "id_str": "1037845469450387457", "text": "A teen activist who joined the gun reform movement after Parkland was shot and killed in Chicago last night. He die\u2026 https://t.co/rWGXd2SxQm", "truncated": true, "entities": {"hashtags": [], "symbols": [], "user_mentions": [], "urls": [{"url": "https://t.co/rWGXd2SxQm", "expanded_url": "https://twitter.com/i/web/status/1037845469450387457", "display_url": "twitter.com/i/web/status/1\u2026", "indices": [117, 140]}]}, "source": "<a href=\"https://www.hootsuite.com\" rel=\"nofollow\">Hootsuite Inc.</a>", "in_reply_to_status_id": null, "in_reply_to_status_id_str": null, "in_reply_to_user_id": null, "in_reply_to_user_id_str": null, "in_reply_to_screen_name": null, "user": {"id": 3243500510, "id_str": "3243500510", "name": "The Trace", "screen_name": "teamtrace", "location": "", "description": "A nonprofit newsroom dedicated to shining a light on America's gun violence crisis. Sign up for our newsletter: https://t.co/jpNdYjvjdO", "url": "http://t.co/RQnKRPPfdS", "entities": {"url": {"urls": [{"url": "http://t.co/RQnKRPPfdS", "expanded_url": "http://TheTrace.org", "display_url": "TheTrace.org", "indices": [0, 22]}]}, "description": {"urls": [{"url": "https://t.co/jpNdYjvjdO", "expanded_url": "http://ow.ly/pBMW30fx4aN", "display_url": "ow.ly/pBMW30fx4aN", "indices": [112, 135]}]}}, "protected": false, "followers_count": 35327, "friends_count": 2897, "listed_count": 692, "created_at": "Fri Jun 12 17:43:16 +0000 2015", "favourites_count": 1604, "utc_offset": null, "time_zone": null, "geo_enabled": true, "verified": true, "statuses_count": 28118, "lang": null, "contributors_enabled": false, "is_translator": false, "is_translation_enabled": false, "profile_background_color": "082235", "profile_background_image_url": "http://abs.twimg.com/images/themes/theme1/bg.png", "profile_background_image_url_https": "https://abs.twimg.com/images/themes/theme1/bg.png", "profile_background_tile": false, "profile_image_url": "http://pbs.twimg.com/profile_images/917868127744086017/A4raLcFD_normal.jpg", "profile_image_url_https": "https://pbs.twimg.com/profile_images/917868127744086017/A4raLcFD_normal.jpg", "profile_banner_url": "https://pbs.twimg.com/profile_banners/3243500510/1434406541", "profile_link_color": "0084B4", "profile_sidebar_border_color": "000000", "profile_sidebar_fill_color": "000000", "profile_text_color": "000000", "profile_use_background_image": false, "has_extended_profile": false, "default_profile": false, "default_profile_image": false, "following": false, "follow_request_sent": false, "notifications": false, "translator_type": "none"}, "geo": null, "coordinates": null, "place": null, "contributors": null, "is_quote_status": false, "retweet_count": 1416, "favorite_count": 1499, "favorited": false, "retweeted": false, "possibly_sensitive": false, "lang": "en"}, "retweet_count": 0, "favorite_count": 0, "favorited": false, "retweeted": false, "possibly_sensitive": false, "lang": "en"}