{"created_at": "Sun Sep 09 02:29:26 +0000 2018", "id": 1038615330828865537, "id_str": "1038615330828865537", "text": "Read the full transcript of Obama\u2019s fiery anti-Trump speech https://t.co/XxriXtzceO @voxdotcom\u3055\u3093\u304b\u3089", "truncated": false, "entities": {"hashtags": [], "symbols": [], "user_mentions": [{"screen_name": "voxdotcom", "name": "Vox", "id": 2347049341, "id_str": "2347049341", "indices": [84, 94]}], "urls": [{"url": "https://t.co/XxriXtzceO", "expanded_url": "https://www.vox.com/policy-and-politics/2018/9/7/17832024/obama-speech-trump-illinois-transcript", "display_url": "vox.com/policy-and-pol\u2026", "indices": [60, 83]}]}, "source": "<a href=\"http://twitter.com\" rel=\"nofollow\">Twitter Web Client</a>", "in_reply_to_status_id": null, "in_reply_to_status_id_str": null, "in_reply_to_user_id": null, "in_reply_to_user_id_str": null, "in_reply_to_screen_name": null, "user": {"id": 107283519, "id_str": "107283519", "name": "Varadero Mann", "screen_name": "ashlaoh", "location": "\u4eac\u90fd\u3082\u3057\u304f\u306f\u5927\u6d25", "description": "a.k.a Kazuo INOUE.\r\nAfter the crash, I changed my M/C to Triumph Tiger 800XC, in Japanese \u300c\u9ed2\u7f36\u5bc5\u516b\u300d. Sorry, XL1000V.", "url": null, "entities": {"description": {"urls": []}}, "protected": false, "followers_count": 60, "friends_count": 140, "listed_count": 5, "created_at": "Fri Jan 22 02:30:26 +0000 2010", "favourites_count": 109, "utc_offset": null, "time_zone": null, "geo_enabled": false, "verified": false, "statuses_count": 8865, "lang": null, "contributors_enabled": false, "is_translator": false, "is_translation_enabled": false, "profile_background_color": "C0DEED", "profile_background_image_url": "http://abs.twimg.com/images/themes/theme1/bg.png", "profile_background_image_url_https": "https://abs.twimg.com/images/themes/theme1/bg.png", "profile_background_tile": false, "profile_image_url": "http://pbs.twimg.com/profile_images/647524007/varad_normal.jpg", "profile_image_url_https": "https://pbs.twimg.com/profile_images/647524007/varad_normal.jpg", "profile_link_color": "1DA1F2", "profile_sidebar_border_color": "C0DEED", "profile_sidebar_fill_color": "DDEEF6", "profile_text_color": "333333", "profile_use_background_image": true, "has_extended_profile": false, "default_profile": true, "default_profile_image": false, "following": false, "follow_request_sent": false, "notifications": false, "translator_type": "none"}, "geo": null, "coordinates": null, "place": null, "contributors": null, "is_quote_status": false, "retweet_count": 0, "favorite_count": 0, "favorited": false, "retweeted": false, "possibly_sensitive": false, "lang": "ja"}