{"created_at": "Sun Sep 09 16:15:04 +0000 2018", "id": 1038823109854486528, "id_str": "1038823109854486528", "text": "ICYMI: Read the full transcript of Barack Obama\u2019s powerful speech on Donald Trump https://t.co/cvJhWJzRbt https://t.co/TOAyxsiYXP", "truncated": false, "entities": {"hashtags": [], "symbols": [], "user_mentions": [], "urls": [{"url": "https://t.co/cvJhWJzRbt", "expanded_url": "http://bit.ly/2NYvWTj", "display_url": "bit.ly/2NYvWTj", "indices": [82, 105]}], "media": [{"id": 1038823107996409856, "id_str": "1038823107996409856", "indices": [106, 129], "media_url": "http://pbs.twimg.com/media/DmqkHOCX4AAvMtW.jpg", "media_url_https": "https://pbs.twimg.com/media/DmqkHOCX4AAvMtW.jpg", "url": "https://t.co/TOAyxsiYXP", "display_url": "pic.twitter.com/TOAyxsiYXP", "expanded_url": "https://twitter.com/MotherJones/status/1038823109854486528/photo/1", "type": "photo", "sizes": {"small": {"w": 680, "h": 357, "resize": "fit"}, "large": {"w": 1200, "h": 630, "resize": "fit"}, "thumb": {"w": 150, "h": 150, "resize": "crop"}, "medium": {"w": 1200, "h": 630, "resize": "fit"}}}]}, "extended_entities": {"media": [{"id": 1038823107996409856, "id_str": "1038823107996409856", "indices": [106, 129], "media_url": "http://pbs.twimg.com/media/DmqkHOCX4AAvMtW.jpg", "media_url_https": "https://pbs.twimg.com/media/DmqkHOCX4AAvMtW.jpg", "url": "https://t.co/TOAyxsiYXP", "display_url": "pic.twitter.com/TOAyxsiYXP", "expanded_url": "https://twitter.com/MotherJones/status/1038823109854486528/photo/1", "type": "photo", "sizes": {"small": {"w": 680, "h": 357, "resize": "fit"}, "large": {"w": 1200, "h": 630, "resize": "fit"}, "thumb": {"w": 150, "h": 150, "resize": "crop"}, "medium": {"w": 1200, "h": 630, "resize": "fit"}}}]}, "source": "<a href=\"http://www.socialflow.com\" rel=\"nofollow\">SocialFlow</a>", "in_reply_to_status_id": null, "in_reply_to_status_id_str": null, "in_reply_to_user_id": null, "in_reply_to_user_id_str": null, "in_reply_to_screen_name": null, "user": {"id": 18510860, "id_str": "18510860", "name": "Mother Jones", "screen_name": "MotherJones", "location": "", "description": "Smart, fearless journalism\u2014and fun! Reader-supported since 1976. Thank you for making our work possible!", "url": "https://t.co/F0ddSvYEjy", "entities": {"url": {"urls": [{"url": "https://t.co/F0ddSvYEjy", "expanded_url": "http://www.motherjones.com", "display_url": "motherjones.com", "indices": [0, 23]}]}, "description": {"urls": []}}, "protected": false, "followers_count": 845371, "friends_count": 231, "listed_count": 19738, "created_at": "Wed Dec 31 17:21:13 +0000 2008", "favourites_count": 1613, "utc_offset": null, "time_zone": null, "geo_enabled": false, "verified": true, "statuses_count": 223553, "lang": null, "contributors_enabled": false, "is_translator": false, "is_translation_enabled": false, "profile_background_color": "FFFFFF", "profile_background_image_url": "http://abs.twimg.com/images/themes/theme1/bg.png", "profile_background_image_url_https": "https://abs.twimg.com/images/themes/theme1/bg.png", "profile_background_tile": false, "profile_image_url": "http://pbs.twimg.com/profile_images/1054453881890004992/xmAefhLr_normal.jpg", "profile_image_url_https": "https://pbs.twimg.com/profile_images/1054453881890004992/xmAefhLr_normal.jpg", "profile_banner_url": "https://pbs.twimg.com/profile_banners/18510860/1596659614", "profile_link_color": "FF6900", "profile_sidebar_border_color": "FFFFFF", "profile_sidebar_fill_color": "E0E0E0", "profile_text_color": "333333", "profile_use_background_image": false, "has_extended_profile": false, "default_profile": false, "default_profile_image": false, "following": false, "follow_request_sent": false, "notifications": false, "translator_type": "none"}, "geo": null, "coordinates": null, "place": null, "contributors": null, "is_quote_status": false, "retweet_count": 60, "favorite_count": 105, "favorited": false, "retweeted": false, "possibly_sensitive": false, "lang": "en"}