{"created_at": "Fri Sep 07 18:13:16 +0000 2018", "id": 1038128080525709313, "id_str": "1038128080525709313", "text": "Read the full transcript of Obama\u2019s fiery anti-Trump speech - Vox https://t.co/7zimsIrk3o", "truncated": false, "entities": {"hashtags": [], "symbols": [], "user_mentions": [], "urls": [{"url": "https://t.co/7zimsIrk3o", "expanded_url": "https://apple.news/A2WK37qNoQ-6PzMXAl2lF9g", "display_url": "apple.news/A2WK37qNoQ-6Pz\u2026", "indices": [66, 89]}]}, "source": "<a href=\"http://twitter.com/download/iphone\" rel=\"nofollow\">Twitter for iPhone</a>", "in_reply_to_status_id": null, "in_reply_to_status_id_str": null, "in_reply_to_user_id": null, "in_reply_to_user_id_str": null, "in_reply_to_screen_name": null, "user": {"id": 132284034, "id_str": "132284034", "name": "Tom Diaz", "screen_name": "agknowitall", "location": "United States", "description": "I write about guns, gangs, and terrorism. My latest book is Tragedy in Aurora: The Culture of Mass Shootings in America. My next is on American law and culture.", "url": null, "entities": {"description": {"urls": []}}, "protected": false, "followers_count": 355, "friends_count": 205, "listed_count": 20, "created_at": "Mon Apr 12 20:27:46 +0000 2010", "favourites_count": 4174, "utc_offset": null, "time_zone": null, "geo_enabled": true, "verified": false, "statuses_count": 14630, "lang": null, "contributors_enabled": false, "is_translator": false, "is_translation_enabled": false, "profile_background_color": "BADFCD", "profile_background_image_url": "http://abs.twimg.com/images/themes/theme12/bg.gif", "profile_background_image_url_https": "https://abs.twimg.com/images/themes/theme12/bg.gif", "profile_background_tile": false, "profile_image_url": "http://pbs.twimg.com/profile_images/739480699753877509/f0KoxKUG_normal.jpg", "profile_image_url_https": "https://pbs.twimg.com/profile_images/739480699753877509/f0KoxKUG_normal.jpg", "profile_banner_url": "https://pbs.twimg.com/profile_banners/132284034/1444511522", "profile_link_color": "1B95E0", "profile_sidebar_border_color": "F2E195", "profile_sidebar_fill_color": "FFF7CC", "profile_text_color": "0C3E53", "profile_use_background_image": true, "has_extended_profile": false, "default_profile": false, "default_profile_image": false, "following": false, "follow_request_sent": false, "notifications": false, "translator_type": "none"}, "geo": null, "coordinates": null, "place": null, "contributors": null, "is_quote_status": false, "retweet_count": 0, "favorite_count": 0, "favorited": false, "retweeted": false, "possibly_sensitive": false, "lang": "en"}