{"created_at": "Mon Sep 10 08:44:01 +0000 2018", "id": 1039071987656609792, "id_str": "1039071987656609792", "text": "Here's The Full Transcript Of Obama's Speech Calling Out Trump https://t.co/NhpFQkKFyx", "truncated": false, "entities": {"hashtags": [], "symbols": [], "user_mentions": [], "urls": [{"url": "https://t.co/NhpFQkKFyx", "expanded_url": "https://trib.al/5GG4c3e", "display_url": "trib.al/5GG4c3e", "indices": [63, 86]}]}, "source": "<a href=\"http://www.socialflow.com\" rel=\"nofollow\">SocialFlow</a>", "in_reply_to_status_id": null, "in_reply_to_status_id_str": null, "in_reply_to_user_id": null, "in_reply_to_user_id_str": null, "in_reply_to_screen_name": null, "user": {"id": 26793734, "id_str": "26793734", "name": "Esquire UK", "screen_name": "EsquireUK", "location": "London", "description": "The official Twitter of https://t.co/KH2bvLogAz", "url": "https://t.co/cgMAmyjeFJ", "entities": {"url": {"urls": [{"url": "https://t.co/cgMAmyjeFJ", "expanded_url": "http://www.esquire.com/uk/", "display_url": "esquire.com/uk/", "indices": [0, 23]}]}, "description": {"urls": [{"url": "https://t.co/KH2bvLogAz", "expanded_url": "http://esquire.com/uk/", "display_url": "esquire.com/uk/", "indices": [24, 47]}]}}, "protected": false, "followers_count": 103746, "friends_count": 1560, "listed_count": 1574, "created_at": "Thu Mar 26 17:03:32 +0000 2009", "favourites_count": 12164, "utc_offset": null, "time_zone": null, "geo_enabled": true, "verified": true, "statuses_count": 61550, "lang": null, "contributors_enabled": false, "is_translator": false, "is_translation_enabled": false, "profile_background_color": "9AE4E8", "profile_background_image_url": "http://abs.twimg.com/images/themes/theme1/bg.png", "profile_background_image_url_https": "https://abs.twimg.com/images/themes/theme1/bg.png", "profile_background_tile": true, "profile_image_url": "http://pbs.twimg.com/profile_images/1153640464043692032/9xGjlDBm_normal.png", "profile_image_url_https": "https://pbs.twimg.com/profile_images/1153640464043692032/9xGjlDBm_normal.png", "profile_banner_url": "https://pbs.twimg.com/profile_banners/26793734/1597836222", "profile_link_color": "1B95E0", "profile_sidebar_border_color": "BAD9D6", "profile_sidebar_fill_color": "F5F5F5", "profile_text_color": "333333", "profile_use_background_image": true, "has_extended_profile": false, "default_profile": false, "default_profile_image": false, "following": false, "follow_request_sent": false, "notifications": false, "translator_type": "none"}, "geo": null, "coordinates": null, "place": null, "contributors": null, "is_quote_status": false, "retweet_count": 3, "favorite_count": 3, "favorited": false, "retweeted": false, "possibly_sensitive": false, "lang": "en"}