{"created_at": "Fri Sep 14 02:19:41 +0000 2018", "id": 1040424817026060288, "id_str": "1040424817026060288", "text": "@OwenRBroadhurst @chrislhayes Any democrat with an F rating from the NRA, who didn't say white people don't know wh\u2026 https://t.co/9obvs4O2RN", "truncated": true, "entities": {"hashtags": [], "symbols": [], "user_mentions": [{"screen_name": "OwenRBroadhurst", "name": "Tiocfaidh \u00e1r l\u00e1", "id": 540494743, "id_str": "540494743", "indices": [0, 16]}, {"screen_name": "chrislhayes", "name": "Chris Hayes", "id": 4207961, "id_str": "4207961", "indices": [17, 29]}], "urls": [{"url": "https://t.co/9obvs4O2RN", "expanded_url": "https://twitter.com/i/web/status/1040424817026060288", "display_url": "twitter.com/i/web/status/1\u2026", "indices": [117, 140]}]}, "source": "<a href=\"http://twitter.com\" rel=\"nofollow\">Twitter Web Client</a>", "in_reply_to_status_id": 1040424023216271361, "in_reply_to_status_id_str": "1040424023216271361", "in_reply_to_user_id": 540494743, "in_reply_to_user_id_str": "540494743", "in_reply_to_screen_name": "OwenRBroadhurst", "user": {"id": 1586804930, "id_str": "1586804930", "name": "delont\u00e9 \ud81a\uddf5 \ud83d\udc9b\ud83d\udc1d", "screen_name": "dilemmv", "location": "Trinidad and Tobago", "description": "Law \u2022 Justice \u2022 Equality | Politico | Restorative Justice Advocate | LL.b (Dist.) | Not Affiliated w/t Biden-Harris campaign.", "url": "https://t.co/DPgGRumVRE", "entities": {"url": {"urls": [{"url": "https://t.co/DPgGRumVRE", "expanded_url": "http://instagram.com/dilemmv", "display_url": "instagram.com/dilemmv", "indices": [0, 23]}]}, "description": {"urls": []}}, "protected": false, "followers_count": 8702, "friends_count": 1123, "listed_count": 135, "created_at": "Thu Jul 11 21:05:03 +0000 2013", "favourites_count": 102873, "utc_offset": null, "time_zone": null, "geo_enabled": true, "verified": false, "statuses_count": 162923, "lang": null, "contributors_enabled": false, "is_translator": false, "is_translation_enabled": false, "profile_background_color": "EBEBEB", "profile_background_image_url": "http://abs.twimg.com/images/themes/theme1/bg.png", "profile_background_image_url_https": "https://abs.twimg.com/images/themes/theme1/bg.png", "profile_background_tile": true, "profile_image_url": "http://pbs.twimg.com/profile_images/1294677100524437508/p_WUJjUD_normal.jpg", "profile_image_url_https": "https://pbs.twimg.com/profile_images/1294677100524437508/p_WUJjUD_normal.jpg", "profile_banner_url": "https://pbs.twimg.com/profile_banners/1586804930/1597982501", "profile_link_color": "C7C3C3", "profile_sidebar_border_color": "FFFFFF", "profile_sidebar_fill_color": "DDEEF6", "profile_text_color": "333333", "profile_use_background_image": true, "has_extended_profile": true, "default_profile": false, "default_profile_image": false, "following": false, "follow_request_sent": false, "notifications": false, "translator_type": "regular"}, "geo": null, "coordinates": null, "place": null, "contributors": null, "is_quote_status": false, "retweet_count": 0, "favorite_count": 4, "favorited": false, "retweeted": false, "lang": "en"}