{"created_at": "Sun Sep 16 15:01:49 +0000 2018", "id": 1041341392860008450, "id_str": "1041341392860008450", "text": "@RudyGiuliani Your moment of fame is already over. Now you\u2019re just a washed up guy in tRump\u2019s orbit. \n\nWill intervi\u2026 https://t.co/ykB1nJBXJO", "truncated": true, "entities": {"hashtags": [], "symbols": [], "user_mentions": [{"screen_name": "RudyGiuliani", "name": "Rudy W. Giuliani", "id": 770781940341288960, "id_str": "770781940341288960", "indices": [0, 13]}], "urls": [{"url": "https://t.co/ykB1nJBXJO", "expanded_url": "https://twitter.com/i/web/status/1041341392860008450", "display_url": "twitter.com/i/web/status/1\u2026", "indices": [117, 140]}]}, "source": "<a href=\"http://twitter.com/#!/download/ipad\" rel=\"nofollow\">Twitter for iPad</a>", "in_reply_to_status_id": 1040982608170110976, "in_reply_to_status_id_str": "1040982608170110976", "in_reply_to_user_id": 770781940341288960, "in_reply_to_user_id_str": "770781940341288960", "in_reply_to_screen_name": "RudyGiuliani", "user": {"id": 811335668433489920, "id_str": "811335668433489920", "name": "DD", "screen_name": "teachincrazyppl", "location": "United States", "description": "If you are not willing to learn, no one can help you. If you are determined to learn, no one can stop you. 2020 \ud83c\udf0a\ud83c\udf0a\ud83c\udf0a\ud83c\udf0a Go Blue", "url": null, "entities": {"description": {"urls": []}}, "protected": false, "followers_count": 2539, "friends_count": 2692, "listed_count": 1, "created_at": "Tue Dec 20 22:21:12 +0000 2016", "favourites_count": 86416, "utc_offset": null, "time_zone": null, "geo_enabled": false, "verified": false, "statuses_count": 48421, "lang": null, "contributors_enabled": false, "is_translator": false, "is_translation_enabled": false, "profile_background_color": "F5F8FA", "profile_background_image_url": null, "profile_background_image_url_https": null, "profile_background_tile": false, "profile_image_url": "http://pbs.twimg.com/profile_images/858481839333232640/-Ad-qnWd_normal.jpg", "profile_image_url_https": "https://pbs.twimg.com/profile_images/858481839333232640/-Ad-qnWd_normal.jpg", "profile_banner_url": "https://pbs.twimg.com/profile_banners/811335668433489920/1498488747", "profile_link_color": "1DA1F2", "profile_sidebar_border_color": "C0DEED", "profile_sidebar_fill_color": "DDEEF6", "profile_text_color": "333333", "profile_use_background_image": true, "has_extended_profile": true, "default_profile": true, "default_profile_image": false, "following": false, "follow_request_sent": false, "notifications": false, "translator_type": "none"}, "geo": null, "coordinates": null, "place": null, "contributors": null, "is_quote_status": false, "retweet_count": 0, "favorite_count": 0, "favorited": false, "retweeted": false, "lang": "en"}