{"created_at": "Wed Sep 19 20:00:25 +0000 2018", "id": 1042503699195744261, "id_str": "1042503699195744261", "text": "Brian Pallasch (@bpallasch), Managing Director of the American Society of Civil Engineers, discusses the state of t\u2026 https://t.co/g88kkOWP7S", "truncated": true, "entities": {"hashtags": [], "symbols": [], "user_mentions": [{"screen_name": "bpallasch", "name": "Brian Pallasch", "id": 21364253, "id_str": "21364253", "indices": [16, 26]}], "urls": [{"url": "https://t.co/g88kkOWP7S", "expanded_url": "https://twitter.com/i/web/status/1042503699195744261", "display_url": "twitter.com/i/web/status/1\u2026", "indices": [117, 140]}]}, "source": "<a href=\"http://www.hootsuite.com\" rel=\"nofollow\">Hootsuite</a>", "in_reply_to_status_id": null, "in_reply_to_status_id_str": null, "in_reply_to_user_id": null, "in_reply_to_user_id_str": null, "in_reply_to_screen_name": null, "user": {"id": 3882773547, "id_str": "3882773547", "name": "RI Infrastructure Bank", "screen_name": "RI_InfraBank", "location": "Providence, RI", "description": "Rhode Island Infrastructure Bank is the State\u2019s central hub for financing infrastructure improvements for municipalities, businesses, and homeowners.", "url": "https://t.co/qQuXrFCmVP", "entities": {"url": {"urls": [{"url": "https://t.co/qQuXrFCmVP", "expanded_url": "http://riib.org", "display_url": "riib.org", "indices": [0, 23]}]}, "description": {"urls": []}}, "protected": false, "followers_count": 835, "friends_count": 497, "listed_count": 19, "created_at": "Tue Oct 06 18:24:25 +0000 2015", "favourites_count": 453, "utc_offset": null, "time_zone": null, "geo_enabled": true, "verified": false, "statuses_count": 1386, "lang": null, "contributors_enabled": false, "is_translator": false, "is_translation_enabled": false, "profile_background_color": "000000", "profile_background_image_url": "http://abs.twimg.com/images/themes/theme1/bg.png", "profile_background_image_url_https": "https://abs.twimg.com/images/themes/theme1/bg.png", "profile_background_tile": false, "profile_image_url": "http://pbs.twimg.com/profile_images/1104049989955788800/js6BuGB__normal.png", "profile_image_url_https": "https://pbs.twimg.com/profile_images/1104049989955788800/js6BuGB__normal.png", "profile_banner_url": "https://pbs.twimg.com/profile_banners/3882773547/1523021685", "profile_link_color": "0040FF", "profile_sidebar_border_color": "000000", "profile_sidebar_fill_color": "000000", "profile_text_color": "000000", "profile_use_background_image": false, "has_extended_profile": false, "default_profile": false, "default_profile_image": false, "following": false, "follow_request_sent": false, "notifications": false, "translator_type": "none"}, "geo": null, "coordinates": null, "place": null, "contributors": null, "is_quote_status": false, "retweet_count": 1, "favorite_count": 3, "favorited": false, "retweeted": false, "possibly_sensitive": false, "lang": "en"}