{"created_at": "Sun Sep 23 17:04:51 +0000 2018", "id": 1043909067255762944, "id_str": "1043909067255762944", "text": "Just a quarter of Latinos approve of the job Donald Trump is doing as president, and Latinos prefer a Congress cont\u2026 https://t.co/o2P9wteVKV", "truncated": true, "entities": {"hashtags": [], "symbols": [], "user_mentions": [], "urls": [{"url": "https://t.co/o2P9wteVKV", "expanded_url": "https://twitter.com/i/web/status/1043909067255762944", "display_url": "twitter.com/i/web/status/1\u2026", "indices": [117, 140]}]}, "source": "<a href=\"http://twitter.com/download/iphone\" rel=\"nofollow\">Twitter for iPhone</a>", "in_reply_to_status_id": null, "in_reply_to_status_id_str": null, "in_reply_to_user_id": null, "in_reply_to_user_id_str": null, "in_reply_to_screen_name": null, "user": {"id": 34383891, "id_str": "34383891", "name": "Linda Hill", "screen_name": "bulldoghill", "location": "Heath, TX", "description": "Retiree advocating for common sense gun regulations. All posts and opinions are my own.", "url": null, "entities": {"description": {"urls": []}}, "protected": false, "followers_count": 64570, "friends_count": 62372, "listed_count": 379, "created_at": "Wed Apr 22 20:17:58 +0000 2009", "favourites_count": 72493, "utc_offset": null, "time_zone": null, "geo_enabled": true, "verified": false, "statuses_count": 475343, "lang": null, "contributors_enabled": false, "is_translator": false, "is_translation_enabled": false, "profile_background_color": "C0DEED", "profile_background_image_url": "http://abs.twimg.com/images/themes/theme1/bg.png", "profile_background_image_url_https": "https://abs.twimg.com/images/themes/theme1/bg.png", "profile_background_tile": false, "profile_image_url": "http://pbs.twimg.com/profile_images/941919381700853760/POQcf923_normal.jpg", "profile_image_url_https": "https://pbs.twimg.com/profile_images/941919381700853760/POQcf923_normal.jpg", "profile_banner_url": "https://pbs.twimg.com/profile_banners/34383891/1513405481", "profile_link_color": "1DA1F2", "profile_sidebar_border_color": "C0DEED", "profile_sidebar_fill_color": "DDEEF6", "profile_text_color": "333333", "profile_use_background_image": true, "has_extended_profile": false, "default_profile": true, "default_profile_image": false, "following": false, "follow_request_sent": false, "notifications": false, "translator_type": "none"}, "geo": null, "coordinates": null, "place": null, "contributors": null, "is_quote_status": false, "retweet_count": 13, "favorite_count": 22, "favorited": false, "retweeted": false, "possibly_sensitive": false, "lang": "en"}