{"created_at": "Tue Sep 25 21:32:17 +0000 2018", "id": 1044701145313275905, "id_str": "1044701145313275905", "text": "@Flying59Vette Greg, most states do NOT require background checks for the private sale of guns, i.e., gun shows.  T\u2026 https://t.co/g9zjIYqdFU", "truncated": true, "entities": {"hashtags": [], "symbols": [], "user_mentions": [{"screen_name": "Flying59Vette", "name": "Ex-GOP Greg", "id": 3022469442, "id_str": "3022469442", "indices": [0, 14]}], "urls": [{"url": "https://t.co/g9zjIYqdFU", "expanded_url": "https://twitter.com/i/web/status/1044701145313275905", "display_url": "twitter.com/i/web/status/1\u2026", "indices": [117, 140]}]}, "source": "<a href=\"http://twitter.com\" rel=\"nofollow\">Twitter Web Client</a>", "in_reply_to_status_id": 1044700305017974785, "in_reply_to_status_id_str": "1044700305017974785", "in_reply_to_user_id": 3022469442, "in_reply_to_user_id_str": "3022469442", "in_reply_to_screen_name": "Flying59Vette", "user": {"id": 940350733194539009, "id_str": "940350733194539009", "name": "Unapologetic Progressive", "screen_name": "PEMdocResists", "location": "Florida, USA", "description": "Husband, physician, Progressive, #neverTrump #FBR #resistance #IMPOTUS #guncontrol #NoRA #Atheism #rescuedogs", "url": null, "entities": {"description": {"urls": []}}, "protected": false, "followers_count": 601, "friends_count": 598, "listed_count": 1, "created_at": "Mon Dec 11 22:41:00 +0000 2017", "favourites_count": 40496, "utc_offset": null, "time_zone": null, "geo_enabled": true, "verified": false, "statuses_count": 18978, "lang": null, "contributors_enabled": false, "is_translator": false, "is_translation_enabled": false, "profile_background_color": "000000", "profile_background_image_url": "http://abs.twimg.com/images/themes/theme1/bg.png", "profile_background_image_url_https": "https://abs.twimg.com/images/themes/theme1/bg.png", "profile_background_tile": false, "profile_image_url": "http://pbs.twimg.com/profile_images/1244604522393145345/acycfrAl_normal.jpg", "profile_image_url_https": "https://pbs.twimg.com/profile_images/1244604522393145345/acycfrAl_normal.jpg", "profile_banner_url": "https://pbs.twimg.com/profile_banners/940350733194539009/1515490571", "profile_link_color": "1B95E0", "profile_sidebar_border_color": "000000", "profile_sidebar_fill_color": "000000", "profile_text_color": "000000", "profile_use_background_image": false, "has_extended_profile": false, "default_profile": false, "default_profile_image": false, "following": false, "follow_request_sent": false, "notifications": false, "translator_type": "none"}, "geo": null, "coordinates": null, "place": null, "contributors": null, "is_quote_status": false, "retweet_count": 0, "favorite_count": 0, "favorited": false, "retweeted": false, "lang": "en"}