{"created_at": "Sun Sep 23 23:52:39 +0000 2018", "id": 1044011696656793600, "id_str": "1044011696656793600", "text": "@SteeOne @56jaytee @TeresaMayNot @ikerepublican @jaydesh7 @ClarenceMack3 @ActifyPress @Of_the_People7 @ReginaA1981\u2026 https://t.co/EehxtraijP", "truncated": true, "entities": {"hashtags": [], "symbols": [], "user_mentions": [{"screen_name": "SteeOne", "name": "SteeOne \ud83c\udf39\ud83d\udc26\ud83c\udff3\ufe0f\u200d\ud83c\udf08\ud83c\uddf5\ud83c\uddf7\ud83c\uddee\ud83c\uddf9\ud83c\uddfa\ud83c\uddf2\ud83d\uddfd", "id": 34073994, "id_str": "34073994", "indices": [0, 8]}, {"screen_name": "56jaytee", "name": "Mary J. Berry \ud83c\udf0a", "id": 204713195, "id_str": "204713195", "indices": [9, 18]}, {"screen_name": "TeresaMayNot", "name": "Wear A Damn Mask, Please", "id": 2171546676, "id_str": "2171546676", "indices": [19, 32]}, {"screen_name": "ikerepublican", "name": "Lois Newton", "id": 1934964421, "id_str": "1934964421", "indices": [33, 47]}, {"screen_name": "jaydesh7", "name": "\ud83c\udf39\ud83c\udf39Jay Deshpande\ud83c\udf39\ud83c\udf39", "id": 73779599, "id_str": "73779599", "indices": [48, 57]}, {"screen_name": "ClarenceMack3", "name": "Clarence Mack", "id": 4184334562, "id_str": "4184334562", "indices": [58, 72]}, {"screen_name": "ActifyPress", "name": "Actify Press", "id": 904441159988252672, "id_str": "904441159988252672", "indices": [73, 85]}, {"screen_name": "Of_the_People7", "name": "#MyVoteIsNotNeeded\ud83d\udd95#CognitiveDeclineKopmala2020\ud83e\udd2e", "id": 711287276479754241, "id_str": "711287276479754241", "indices": [86, 101]}, {"screen_name": "ReginaA1981", "name": "Currently Developing Lucidia, the Lucid Drug", "id": 552621458, "id_str": "552621458", "indices": [102, 114]}], "urls": [{"url": "https://t.co/EehxtraijP", "expanded_url": "https://twitter.com/i/web/status/1044011696656793600", "display_url": "twitter.com/i/web/status/1\u2026", "indices": [116, 139]}]}, "source": "<a href=\"http://twitter.com/download/iphone\" rel=\"nofollow\">Twitter for iPhone</a>", "in_reply_to_status_id": 1043993074479886337, "in_reply_to_status_id_str": "1043993074479886337", "in_reply_to_user_id": 34073994, "in_reply_to_user_id_str": "34073994", "in_reply_to_screen_name": "SteeOne", "user": {"id": 720093010420244481, "id_str": "720093010420244481", "name": "Carol", "screen_name": "SailingCarol", "location": "United States", "description": "Truth & Justice, Only Post Facts, Life Long Democrat, Vetting Candidates, #FACTS", "url": null, "entities": {"description": {"urls": []}}, "protected": false, "followers_count": 1791, "friends_count": 2028, "listed_count": 38, "created_at": "Wed Apr 13 03:35:27 +0000 2016", "favourites_count": 35555, "utc_offset": null, "time_zone": null, "geo_enabled": false, "verified": false, "statuses_count": 60472, "lang": null, "contributors_enabled": false, "is_translator": false, "is_translation_enabled": false, "profile_background_color": "F5F8FA", "profile_background_image_url": null, "profile_background_image_url_https": null, "profile_background_tile": false, "profile_image_url": "http://pbs.twimg.com/profile_images/1238949498971394051/80ssLPTg_normal.jpg", "profile_image_url_https": "https://pbs.twimg.com/profile_images/1238949498971394051/80ssLPTg_normal.jpg", "profile_banner_url": "https://pbs.twimg.com/profile_banners/720093010420244481/1584223555", "profile_link_color": "1DA1F2", "profile_sidebar_border_color": "C0DEED", "profile_sidebar_fill_color": "DDEEF6", "profile_text_color": "333333", "profile_use_background_image": true, "has_extended_profile": false, "default_profile": true, "default_profile_image": false, "following": false, "follow_request_sent": false, "notifications": false, "translator_type": "none"}, "geo": null, "coordinates": null, "place": null, "contributors": null, "is_quote_status": false, "retweet_count": 0, "favorite_count": 0, "favorited": false, "retweeted": false, "possibly_sensitive": false, "lang": "en"}