{"created_at": "Thu Sep 27 23:19:40 +0000 2018", "id": 1045452946908024833, "id_str": "1045452946908024833", "text": "That\u2019s why there should be pause on confirmation vote.\nLet @FBI investigate &amp; present findings (or lack of findings\u2026 https://t.co/cOQA8QyFwn", "truncated": true, "entities": {"hashtags": [], "symbols": [], "user_mentions": [{"screen_name": "FBI", "name": "FBI", "id": 17629860, "id_str": "17629860", "indices": [59, 63]}], "urls": [{"url": "https://t.co/cOQA8QyFwn", "expanded_url": "https://twitter.com/i/web/status/1045452946908024833", "display_url": "twitter.com/i/web/status/1\u2026", "indices": [121, 144]}]}, "source": "<a href=\"http://twitter.com/#!/download/ipad\" rel=\"nofollow\">Twitter for iPad</a>", "in_reply_to_status_id": null, "in_reply_to_status_id_str": null, "in_reply_to_user_id": null, "in_reply_to_user_id_str": null, "in_reply_to_screen_name": null, "user": {"id": 294825539, "id_str": "294825539", "name": "luvcats13", "screen_name": "luvcats13", "location": "Alabama", "description": "Alabama (RTR) Independent Mostly Votes Dem (endangered species!); I\u2019m now a Democrat...", "url": null, "entities": {"description": {"urls": []}}, "protected": false, "followers_count": 383, "friends_count": 923, "listed_count": 26, "created_at": "Sat May 07 21:04:24 +0000 2011", "favourites_count": 4271, "utc_offset": null, "time_zone": null, "geo_enabled": false, "verified": false, "statuses_count": 48758, "lang": null, "contributors_enabled": false, "is_translator": false, "is_translation_enabled": false, "profile_background_color": "C0DEED", "profile_background_image_url": "http://abs.twimg.com/images/themes/theme1/bg.png", "profile_background_image_url_https": "https://abs.twimg.com/images/themes/theme1/bg.png", "profile_background_tile": false, "profile_image_url": "http://pbs.twimg.com/profile_images/588192741525475328/xE_VjUfc_normal.jpg", "profile_image_url_https": "https://pbs.twimg.com/profile_images/588192741525475328/xE_VjUfc_normal.jpg", "profile_banner_url": "https://pbs.twimg.com/profile_banners/294825539/1402384311", "profile_link_color": "1DA1F2", "profile_sidebar_border_color": "C0DEED", "profile_sidebar_fill_color": "DDEEF6", "profile_text_color": "333333", "profile_use_background_image": true, "has_extended_profile": true, "default_profile": true, "default_profile_image": false, "following": false, "follow_request_sent": false, "notifications": false, "translator_type": "none"}, "geo": null, "coordinates": null, "place": null, "contributors": null, "is_quote_status": true, "quoted_status_id": 1045387098239291392, "quoted_status_id_str": "1045387098239291392", "quoted_status": {"created_at": "Thu Sep 27 18:58:01 +0000 2018", "id": 1045387098239291392, "id_str": "1045387098239291392", "text": "@Cernovich She seems kind.  Booker said \"Thank you for coming to help us\" - really?  That's what I call collusion.\u2026 https://t.co/abVnwKkDp6", "truncated": true, "entities": {"hashtags": [], "symbols": [], "user_mentions": [{"screen_name": "Cernovich", "name": "Cernovich", "id": 358545917, "id_str": "358545917", "indices": [0, 10]}], "urls": [{"url": "https://t.co/abVnwKkDp6", "expanded_url": "https://twitter.com/i/web/status/1045387098239291392", "display_url": "twitter.com/i/web/status/1\u2026", "indices": [116, 139]}]}, "source": "<a href=\"http://twitter.com\" rel=\"nofollow\">Twitter Web Client</a>", "in_reply_to_status_id": 1045347694082908160, "in_reply_to_status_id_str": "1045347694082908160", "in_reply_to_user_id": 358545917, "in_reply_to_user_id_str": "358545917", "in_reply_to_screen_name": "Cernovich", "user": {"id": 215673439, "id_str": "215673439", "name": "BSU_BUS", "screen_name": "bsu_BUS", "location": "Boise, Idaho", "description": "BSU FANatic...mobile device expert. If it says iPhone, Android, Windows Mobile...I can fix it, manage it, support it.", "url": null, "entities": {"description": {"urls": []}}, "protected": false, "followers_count": 111, "friends_count": 317, "listed_count": 3, "created_at": "Sun Nov 14 16:11:18 +0000 2010", "favourites_count": 1248, "utc_offset": null, "time_zone": null, "geo_enabled": false, "verified": false, "statuses_count": 4166, "lang": null, "contributors_enabled": false, "is_translator": false, "is_translation_enabled": false, "profile_background_color": "C0DEED", "profile_background_image_url": "http://abs.twimg.com/images/themes/theme1/bg.png", "profile_background_image_url_https": "https://abs.twimg.com/images/themes/theme1/bg.png", "profile_background_tile": true, "profile_image_url": "http://pbs.twimg.com/profile_images/825453542483693569/nrUWA3TA_normal.jpg", "profile_image_url_https": "https://pbs.twimg.com/profile_images/825453542483693569/nrUWA3TA_normal.jpg", "profile_link_color": "0084B4", "profile_sidebar_border_color": "C0DEED", "profile_sidebar_fill_color": "DDEEF6", "profile_text_color": "333333", "profile_use_background_image": false, "has_extended_profile": false, "default_profile": false, "default_profile_image": false, "following": false, "follow_request_sent": false, "notifications": false, "translator_type": "none"}, "geo": null, "coordinates": null, "place": null, "contributors": null, "is_quote_status": false, "retweet_count": 9, "favorite_count": 48, "favorited": false, "retweeted": false, "lang": "en"}, "retweet_count": 0, "favorite_count": 0, "favorited": false, "retweeted": false, "possibly_sensitive": false, "lang": "en"}