{"created_at": "Fri Sep 28 10:56:02 +0000 2018", "id": 1045628193875677184, "id_str": "1045628193875677184", "text": "#In1997 the hottest titles for the N64 were Star Fox 64 and Turok: Dinosaur Hunter. https://t.co/XN09gTTn3U", "truncated": false, "entities": {"hashtags": [{"text": "In1997", "indices": [0, 7]}], "symbols": [], "user_mentions": [], "urls": [], "media": [{"id": 1045628192113995778, "id_str": "1045628192113995778", "indices": [84, 107], "media_url": "http://pbs.twimg.com/media/DoLRTP4WsAIgP_k.jpg", "media_url_https": "https://pbs.twimg.com/media/DoLRTP4WsAIgP_k.jpg", "url": "https://t.co/XN09gTTn3U", "display_url": "pic.twitter.com/XN09gTTn3U", "expanded_url": "https://twitter.com/mandoagency/status/1045628193875677184/photo/1", "type": "photo", "sizes": {"medium": {"w": 936, "h": 527, "resize": "fit"}, "thumb": {"w": 150, "h": 150, "resize": "crop"}, "large": {"w": 936, "h": 527, "resize": "fit"}, "small": {"w": 680, "h": 383, "resize": "fit"}}}]}, "extended_entities": {"media": [{"id": 1045628192113995778, "id_str": "1045628192113995778", "indices": [84, 107], "media_url": "http://pbs.twimg.com/media/DoLRTP4WsAIgP_k.jpg", "media_url_https": "https://pbs.twimg.com/media/DoLRTP4WsAIgP_k.jpg", "url": "https://t.co/XN09gTTn3U", "display_url": "pic.twitter.com/XN09gTTn3U", "expanded_url": "https://twitter.com/mandoagency/status/1045628193875677184/photo/1", "type": "photo", "sizes": {"medium": {"w": 936, "h": 527, "resize": "fit"}, "thumb": {"w": 150, "h": 150, "resize": "crop"}, "large": {"w": 936, "h": 527, "resize": "fit"}, "small": {"w": 680, "h": 383, "resize": "fit"}}}]}, "source": "<a href=\"https://buffer.com\" rel=\"nofollow\">Buffer</a>", "in_reply_to_status_id": null, "in_reply_to_status_id_str": null, "in_reply_to_user_id": null, "in_reply_to_user_id_str": null, "in_reply_to_screen_name": null, "user": {"id": 20986666, "id_str": "20986666", "name": "Mando", "screen_name": "mandoagency", "location": "London & Liverpool, UK", "description": "Digital customer experience solutions for regulated industries. @microsoft @Sitecore & @episerver partner.", "url": "https://t.co/3CivBwOBwe", "entities": {"url": {"urls": [{"url": "https://t.co/3CivBwOBwe", "expanded_url": "http://www.mando.agency", "display_url": "mando.agency", "indices": [0, 23]}]}, "description": {"urls": []}}, "protected": false, "followers_count": 3387, "friends_count": 2597, "listed_count": 767, "created_at": "Mon Feb 16 13:58:32 +0000 2009", "favourites_count": 3645, "utc_offset": null, "time_zone": null, "geo_enabled": true, "verified": false, "statuses_count": 21159, "lang": null, "contributors_enabled": false, "is_translator": false, "is_translation_enabled": false, "profile_background_color": "FFFFFF", "profile_background_image_url": "http://abs.twimg.com/images/themes/theme1/bg.png", "profile_background_image_url_https": "https://abs.twimg.com/images/themes/theme1/bg.png", "profile_background_tile": true, "profile_image_url": "http://pbs.twimg.com/profile_images/712263084627222528/qd5vbeLd_normal.jpg", "profile_image_url_https": "https://pbs.twimg.com/profile_images/712263084627222528/qd5vbeLd_normal.jpg", "profile_banner_url": "https://pbs.twimg.com/profile_banners/20986666/1572606263", "profile_link_color": "FF691F", "profile_sidebar_border_color": "FFFFFF", "profile_sidebar_fill_color": "F0B800", "profile_text_color": "5C3808", "profile_use_background_image": true, "has_extended_profile": false, "default_profile": false, "default_profile_image": false, "following": false, "follow_request_sent": false, "notifications": false, "translator_type": "none"}, "geo": null, "coordinates": null, "place": null, "contributors": null, "is_quote_status": false, "retweet_count": 0, "favorite_count": 2, "favorited": false, "retweeted": false, "possibly_sensitive": false, "lang": "en"}