{"created_at": "Fri Sep 28 19:39:27 +0000 2018", "id": 1045759914646196229, "id_str": "1045759914646196229", "text": "@espn700bill Have to imagine, Brandon Cooks is probably very happy to not be there anymore. Simple perception = McV\u2026 https://t.co/nvv0bPz2US", "truncated": true, "entities": {"hashtags": [], "symbols": [], "user_mentions": [{"screen_name": "espn700bill", "name": "Bill Riley", "id": 148200239, "id_str": "148200239", "indices": [0, 12]}], "urls": [{"url": "https://t.co/nvv0bPz2US", "expanded_url": "https://twitter.com/i/web/status/1045759914646196229", "display_url": "twitter.com/i/web/status/1\u2026", "indices": [117, 140]}]}, "source": "<a href=\"http://www.tweetcaster.com\" rel=\"nofollow\">TweetCaster for Android</a>", "in_reply_to_status_id": 1045489208561815552, "in_reply_to_status_id_str": "1045489208561815552", "in_reply_to_user_id": 148200239, "in_reply_to_user_id_str": "148200239", "in_reply_to_screen_name": "espn700bill", "user": {"id": 342139760, "id_str": "342139760", "name": "CR3Ws \ud83e\udde2\ud83c\uddfa\ud83c\uddf8\ud83c\udf0e", "screen_name": "ClintonHaws", "location": "BeUTEiful CR3W", "description": "Views are mine and mine only", "url": "https://t.co/esQrbGJWcA", "entities": {"url": {"urls": [{"url": "https://t.co/esQrbGJWcA", "expanded_url": "http://Instagram.com/ClintonHaws", "display_url": "Instagram.com/ClintonHaws", "indices": [0, 23]}]}, "description": {"urls": []}}, "protected": false, "followers_count": 297, "friends_count": 501, "listed_count": 1, "created_at": "Mon Jul 25 15:08:39 +0000 2011", "favourites_count": 46394, "utc_offset": null, "time_zone": null, "geo_enabled": false, "verified": false, "statuses_count": 8036, "lang": null, "contributors_enabled": false, "is_translator": false, "is_translation_enabled": false, "profile_background_color": "1B6B64", "profile_background_image_url": "http://abs.twimg.com/images/themes/theme1/bg.png", "profile_background_image_url_https": "https://abs.twimg.com/images/themes/theme1/bg.png", "profile_background_tile": true, "profile_image_url": "http://pbs.twimg.com/profile_images/1287413410716700672/-fhm8ALl_normal.jpg", "profile_image_url_https": "https://pbs.twimg.com/profile_images/1287413410716700672/-fhm8ALl_normal.jpg", "profile_banner_url": "https://pbs.twimg.com/profile_banners/342139760/1591932571", "profile_link_color": "C25604", "profile_sidebar_border_color": "F50A0A", "profile_sidebar_fill_color": "64AED1", "profile_text_color": "F2F2F2", "profile_use_background_image": true, "has_extended_profile": false, "default_profile": false, "default_profile_image": false, "following": false, "follow_request_sent": false, "notifications": false, "translator_type": "none"}, "geo": null, "coordinates": null, "place": null, "contributors": null, "is_quote_status": false, "retweet_count": 0, "favorite_count": 0, "favorited": false, "retweeted": false, "lang": "en"}