{"created_at": "Sat Sep 29 20:44:58 +0000 2018", "id": 1046138789800890369, "id_str": "1046138789800890369", "text": "@BryceW_05 More power to the fins if they win but you\u2019re right. You still got brady, bill, gronk, Edelman is back a\u2026 https://t.co/OdWhCzRV6i", "truncated": true, "entities": {"hashtags": [], "symbols": [], "user_mentions": [{"screen_name": "BryceW_05", "name": "Lakers 16-2", "id": 503316803, "id_str": "503316803", "indices": [0, 10]}], "urls": [{"url": "https://t.co/OdWhCzRV6i", "expanded_url": "https://twitter.com/i/web/status/1046138789800890369", "display_url": "twitter.com/i/web/status/1\u2026", "indices": [117, 140]}]}, "source": "<a href=\"http://twitter.com/download/iphone\" rel=\"nofollow\">Twitter for iPhone</a>", "in_reply_to_status_id": 1046138077981364224, "in_reply_to_status_id_str": "1046138077981364224", "in_reply_to_user_id": 503316803, "in_reply_to_user_id_str": "503316803", "in_reply_to_screen_name": "BryceW_05", "user": {"id": 272131127, "id_str": "272131127", "name": "Ben Nadenik", "screen_name": "ben_nadenik", "location": "", "description": "'Bout that action boss -Marshawn Lynch", "url": null, "entities": {"description": {"urls": []}}, "protected": false, "followers_count": 170, "friends_count": 423, "listed_count": 0, "created_at": "Fri Mar 25 22:13:52 +0000 2011", "favourites_count": 3716, "utc_offset": null, "time_zone": null, "geo_enabled": true, "verified": false, "statuses_count": 2145, "lang": null, "contributors_enabled": false, "is_translator": false, "is_translation_enabled": false, "profile_background_color": "C0DEED", "profile_background_image_url": "http://abs.twimg.com/images/themes/theme1/bg.png", "profile_background_image_url_https": "https://abs.twimg.com/images/themes/theme1/bg.png", "profile_background_tile": false, "profile_image_url": "http://pbs.twimg.com/profile_images/1113453713132277760/kfgJkNuP_normal.jpg", "profile_image_url_https": "https://pbs.twimg.com/profile_images/1113453713132277760/kfgJkNuP_normal.jpg", "profile_banner_url": "https://pbs.twimg.com/profile_banners/272131127/1573872824", "profile_link_color": "1DA1F2", "profile_sidebar_border_color": "C0DEED", "profile_sidebar_fill_color": "DDEEF6", "profile_text_color": "333333", "profile_use_background_image": true, "has_extended_profile": false, "default_profile": true, "default_profile_image": false, "following": false, "follow_request_sent": false, "notifications": false, "translator_type": "none"}, "geo": null, "coordinates": null, "place": {"id": "4ec01c9dbc693497", "url": "https://api.twitter.com/1.1/geo/id/4ec01c9dbc693497.json", "place_type": "admin", "name": "Florida", "full_name": "Florida, USA", "country_code": "US", "country": "United States", "contained_within": [], "bounding_box": {"type": "Polygon", "coordinates": [[[-87.634643, 24.396308], [-79.974307, 24.396308], [-79.974307, 31.001056], [-87.634643, 31.001056]]]}, "attributes": {}}, "contributors": null, "is_quote_status": false, "retweet_count": 0, "favorite_count": 0, "favorited": false, "retweeted": false, "lang": "en"}