{"created_at": "Mon Oct 01 09:57:21 +0000 2018", "id": 1046700587675529216, "id_str": "1046700587675529216", "text": "ALVARO Ft. Barack Obama - Yes We Can (Latin Summer Mix) @dirtyhouse https://t.co/fJi19qd3rz via @YouTube", "truncated": false, "entities": {"hashtags": [], "symbols": [], "user_mentions": [{"screen_name": "DiRTYHOUSE", "name": "DHS", "id": 30724573, "id_str": "30724573", "indices": [56, 67]}, {"screen_name": "YouTube", "name": "YouTube", "id": 10228272, "id_str": "10228272", "indices": [96, 104]}], "urls": [{"url": "https://t.co/fJi19qd3rz", "expanded_url": "https://youtu.be/hpQqR4oPLPw", "display_url": "youtu.be/hpQqR4oPLPw", "indices": [68, 91]}]}, "source": "<a href=\"http://twitter.com\" rel=\"nofollow\">Twitter Web Client</a>", "in_reply_to_status_id": null, "in_reply_to_status_id_str": null, "in_reply_to_user_id": null, "in_reply_to_user_id_str": null, "in_reply_to_screen_name": null, "user": {"id": 3264788279, "id_str": "3264788279", "name": "SERBAN ADRY", "screen_name": "ZAPPADRY", "location": "", "description": "", "url": "https://t.co/vHZaxNNox7", "entities": {"url": {"urls": [{"url": "https://t.co/vHZaxNNox7", "expanded_url": "http://mcaf.ee/n2w9z3?ZAPPADRY", "display_url": "mcaf.ee/n2w9z3?ZAPPADRY", "indices": [0, 23]}]}, "description": {"urls": []}}, "protected": false, "followers_count": 710, "friends_count": 4789, "listed_count": 10, "created_at": "Sun May 17 05:45:42 +0000 2015", "favourites_count": 14800, "utc_offset": null, "time_zone": null, "geo_enabled": false, "verified": false, "statuses_count": 37544, "lang": null, "contributors_enabled": false, "is_translator": false, "is_translation_enabled": false, "profile_background_color": "C0DEED", "profile_background_image_url": "http://abs.twimg.com/images/themes/theme1/bg.png", "profile_background_image_url_https": "https://abs.twimg.com/images/themes/theme1/bg.png", "profile_background_tile": false, "profile_image_url": "http://pbs.twimg.com/profile_images/737750118158372868/5P1W4T6D_normal.jpg", "profile_image_url_https": "https://pbs.twimg.com/profile_images/737750118158372868/5P1W4T6D_normal.jpg", "profile_link_color": "1DA1F2", "profile_sidebar_border_color": "C0DEED", "profile_sidebar_fill_color": "DDEEF6", "profile_text_color": "333333", "profile_use_background_image": true, "has_extended_profile": false, "default_profile": true, "default_profile_image": false, "following": false, "follow_request_sent": false, "notifications": false, "translator_type": "none"}, "geo": null, "coordinates": null, "place": null, "contributors": null, "is_quote_status": false, "retweet_count": 0, "favorite_count": 0, "favorited": false, "retweeted": false, "possibly_sensitive": false, "lang": "en"}