{"created_at": "Tue Oct 02 20:55:37 +0000 2018", "id": 1047228635474739201, "id_str": "1047228635474739201", "text": "Poppy John is my hero \ud83d\ude4c\ud83d\ude02\ud83d\ude02\ud83d\ude02\ud83d\ude02\ud83d\ude02\n\nHe is a whole mood \ud83d\ude02\n\nhttps://t.co/jn5ow5rgRM\n\n#dolantwinsnewvideo", "truncated": false, "entities": {"hashtags": [{"text": "dolantwinsnewvideo", "indices": [77, 96]}], "symbols": [], "user_mentions": [], "urls": [{"url": "https://t.co/jn5ow5rgRM", "expanded_url": "https://youtu.be/b1xC8-Igd0I", "display_url": "youtu.be/b1xC8-Igd0I", "indices": [52, 75]}]}, "source": "<a href=\"http://twitter.com/download/android\" rel=\"nofollow\">Twitter for Android</a>", "in_reply_to_status_id": null, "in_reply_to_status_id_str": null, "in_reply_to_user_id": null, "in_reply_to_user_id_str": null, "in_reply_to_screen_name": null, "user": {"id": 824022301876322304, "id_str": "824022301876322304", "name": "Mon. \u27ed\u27ec Prod. S U G A\u2077 | \ud83d\udc51", "screen_name": "bangtansight", "location": "", "description": "Mon \ud83c\udf19  |  \u2728\n\nI like and RT a lot. \n\nRandom interaction \ud83c\udf11", "url": null, "entities": {"description": {"urls": []}}, "protected": false, "followers_count": 175, "friends_count": 200, "listed_count": 1, "created_at": "Tue Jan 24 22:33:21 +0000 2017", "favourites_count": 80693, "utc_offset": null, "time_zone": null, "geo_enabled": false, "verified": false, "statuses_count": 10304, "lang": null, "contributors_enabled": false, "is_translator": false, "is_translation_enabled": false, "profile_background_color": "F5F8FA", "profile_background_image_url": null, "profile_background_image_url_https": null, "profile_background_tile": false, "profile_image_url": "http://pbs.twimg.com/profile_images/1300888531104157698/qbN32CL4_normal.jpg", "profile_image_url_https": "https://pbs.twimg.com/profile_images/1300888531104157698/qbN32CL4_normal.jpg", "profile_banner_url": "https://pbs.twimg.com/profile_banners/824022301876322304/1598990969", "profile_link_color": "1DA1F2", "profile_sidebar_border_color": "C0DEED", "profile_sidebar_fill_color": "DDEEF6", "profile_text_color": "333333", "profile_use_background_image": true, "has_extended_profile": true, "default_profile": true, "default_profile_image": false, "following": false, "follow_request_sent": false, "notifications": false, "translator_type": "none"}, "geo": null, "coordinates": null, "place": null, "contributors": null, "is_quote_status": false, "retweet_count": 0, "favorite_count": 0, "favorited": false, "retweeted": false, "possibly_sensitive": false, "lang": "en"}