{"created_at": "Thu Oct 04 21:00:02 +0000 2018", "id": 1047954519001366528, "id_str": "1047954519001366528", "text": "After all of these years, will Murphy finally gain access to the White House press briefing? Find out if the notori\u2026 https://t.co/zI5ZOIgkIJ", "truncated": true, "entities": {"hashtags": [], "symbols": [], "user_mentions": [], "urls": [{"url": "https://t.co/zI5ZOIgkIJ", "expanded_url": "https://twitter.com/i/web/status/1047954519001366528", "display_url": "twitter.com/i/web/status/1\u2026", "indices": [117, 140]}]}, "source": "<a href=\"https://studio.twitter.com\" rel=\"nofollow\">Twitter Media Studio</a>", "in_reply_to_status_id": null, "in_reply_to_status_id_str": null, "in_reply_to_user_id": null, "in_reply_to_user_id_str": null, "in_reply_to_screen_name": null, "user": {"id": 956285532622827527, "id_str": "956285532622827527", "name": "Murphy Brown", "screen_name": "MurphyBrownCBS", "location": "", "description": "The official Twitter page for #MurphyBrown on @CBS!", "url": "https://t.co/klYzqpPlA4", "entities": {"url": {"urls": [{"url": "https://t.co/klYzqpPlA4", "expanded_url": "https://www.cbs.com/shows/murphy-brown/", "display_url": "cbs.com/shows/murphy-b\u2026", "indices": [0, 23]}]}, "description": {"urls": []}}, "protected": false, "followers_count": 15932, "friends_count": 10, "listed_count": 68, "created_at": "Wed Jan 24 22:00:12 +0000 2018", "favourites_count": 1352, "utc_offset": null, "time_zone": null, "geo_enabled": false, "verified": true, "statuses_count": 920, "lang": null, "contributors_enabled": false, "is_translator": false, "is_translation_enabled": false, "profile_background_color": "F5F8FA", "profile_background_image_url": null, "profile_background_image_url_https": null, "profile_background_tile": false, "profile_image_url": "http://pbs.twimg.com/profile_images/996015221830373376/Ik8BGraD_normal.jpg", "profile_image_url_https": "https://pbs.twimg.com/profile_images/996015221830373376/Ik8BGraD_normal.jpg", "profile_banner_url": "https://pbs.twimg.com/profile_banners/956285532622827527/1545421186", "profile_link_color": "1DA1F2", "profile_sidebar_border_color": "C0DEED", "profile_sidebar_fill_color": "DDEEF6", "profile_text_color": "333333", "profile_use_background_image": true, "has_extended_profile": true, "default_profile": true, "default_profile_image": false, "following": false, "follow_request_sent": false, "notifications": false, "translator_type": "none"}, "geo": null, "coordinates": null, "place": null, "contributors": null, "is_quote_status": false, "retweet_count": 37, "favorite_count": 183, "favorited": false, "retweeted": false, "possibly_sensitive": false, "lang": "en"}