{"created_at": "Tue Oct 02 21:30:00 +0000 2018", "id": 1047237285790539776, "id_str": "1047237285790539776", "text": "US Department of Education awards National Blue Ribbon to 13 Michigan schools: https://t.co/JTTtMRacTx", "truncated": false, "entities": {"hashtags": [], "symbols": [], "user_mentions": [], "urls": [{"url": "https://t.co/JTTtMRacTx", "expanded_url": "http://bit.ly/2zLRSw9", "display_url": "bit.ly/2zLRSw9", "indices": [79, 102]}]}, "source": "<a href=\"https://about.twitter.com/products/tweetdeck\" rel=\"nofollow\">TweetDeck</a>", "in_reply_to_status_id": null, "in_reply_to_status_id_str": null, "in_reply_to_user_id": null, "in_reply_to_user_id_str": null, "in_reply_to_screen_name": null, "user": {"id": 43342743, "id_str": "43342743", "name": "FOX 47 News", "screen_name": "FOX47News", "location": "Lansing, Michigan", "description": "FOX 47 (WSYM) says YES! to #Michigan. Bringing Mid-Michigan positive #news at a convenient time. We use social media to connect with viewers #WeSayYesToMichigan", "url": "http://t.co/01vJzyh5Yl", "entities": {"url": {"urls": [{"url": "http://t.co/01vJzyh5Yl", "expanded_url": "http://fox47news.com", "display_url": "fox47news.com", "indices": [0, 22]}]}, "description": {"urls": []}}, "protected": false, "followers_count": 13958, "friends_count": 2990, "listed_count": 247, "created_at": "Fri May 29 14:49:02 +0000 2009", "favourites_count": 1874, "utc_offset": null, "time_zone": null, "geo_enabled": true, "verified": true, "statuses_count": 84468, "lang": null, "contributors_enabled": false, "is_translator": false, "is_translation_enabled": false, "profile_background_color": "1A1B1F", "profile_background_image_url": "http://abs.twimg.com/images/themes/theme9/bg.gif", "profile_background_image_url_https": "https://abs.twimg.com/images/themes/theme9/bg.gif", "profile_background_tile": false, "profile_image_url": "http://pbs.twimg.com/profile_images/829399490230702083/SCJ-a09j_normal.jpg", "profile_image_url_https": "https://pbs.twimg.com/profile_images/829399490230702083/SCJ-a09j_normal.jpg", "profile_banner_url": "https://pbs.twimg.com/profile_banners/43342743/1594029600", "profile_link_color": "D61515", "profile_sidebar_border_color": "FFFFFF", "profile_sidebar_fill_color": "262626", "profile_text_color": "D1070D", "profile_use_background_image": false, "has_extended_profile": false, "default_profile": false, "default_profile_image": false, "following": false, "follow_request_sent": false, "notifications": false, "translator_type": "none"}, "geo": null, "coordinates": null, "place": null, "contributors": null, "is_quote_status": false, "retweet_count": 1, "favorite_count": 1, "favorited": false, "retweeted": false, "possibly_sensitive": false, "lang": "en"}