{"created_at": "Fri Oct 05 16:57:59 +0000 2018", "id": 1048255996852883456, "id_str": "1048255996852883456", "text": "John Cleese Explains Why He Is Boycotting Britain | Good Morning Britain https://t.co/51D4sN1BPT", "truncated": false, "entities": {"hashtags": [], "symbols": [], "user_mentions": [], "urls": [{"url": "https://t.co/51D4sN1BPT", "expanded_url": "https://www.youtube.com/watch?v=plY5MnVCyVE&feature=share", "display_url": "youtube.com/watch?v=plY5Mn\u2026", "indices": [73, 96]}]}, "source": "<a href=\"http://www.apple.com\" rel=\"nofollow\">iOS</a>", "in_reply_to_status_id": null, "in_reply_to_status_id_str": null, "in_reply_to_user_id": null, "in_reply_to_user_id_str": null, "in_reply_to_screen_name": null, "user": {"id": 1536716030, "id_str": "1536716030", "name": "LIVERPOOL F.C", "screen_name": "FortuneClint", "location": "", "description": "", "url": null, "entities": {"description": {"urls": []}}, "protected": false, "followers_count": 598, "friends_count": 1145, "listed_count": 94, "created_at": "Fri Jun 21 15:10:21 +0000 2013", "favourites_count": 10484, "utc_offset": null, "time_zone": null, "geo_enabled": false, "verified": false, "statuses_count": 65964, "lang": null, "contributors_enabled": false, "is_translator": false, "is_translation_enabled": false, "profile_background_color": "C0DEED", "profile_background_image_url": "http://abs.twimg.com/images/themes/theme1/bg.png", "profile_background_image_url_https": "https://abs.twimg.com/images/themes/theme1/bg.png", "profile_background_tile": false, "profile_image_url": "http://pbs.twimg.com/profile_images/421269716909690880/TDMaVRzc_normal.jpeg", "profile_image_url_https": "https://pbs.twimg.com/profile_images/421269716909690880/TDMaVRzc_normal.jpeg", "profile_banner_url": "https://pbs.twimg.com/profile_banners/1536716030/1405262168", "profile_link_color": "1DA1F2", "profile_sidebar_border_color": "C0DEED", "profile_sidebar_fill_color": "DDEEF6", "profile_text_color": "333333", "profile_use_background_image": true, "has_extended_profile": false, "default_profile": true, "default_profile_image": false, "following": false, "follow_request_sent": false, "notifications": false, "translator_type": "none"}, "geo": null, "coordinates": null, "place": null, "contributors": null, "is_quote_status": false, "retweet_count": 0, "favorite_count": 0, "favorited": false, "retweeted": false, "possibly_sensitive": false, "lang": "en"}