{"created_at": "Fri Oct 05 00:11:00 +0000 2018", "id": 1048002578561216513, "id_str": "1048002578561216513", "text": "Murphy sneaks into a White House press briefing after being persona non grata for decades - Watch @MurphyBrownCBS t\u2026 https://t.co/bysIYdZ502", "truncated": true, "entities": {"hashtags": [], "symbols": [], "user_mentions": [{"screen_name": "MurphyBrownCBS", "name": "Murphy Brown", "id": 956285532622827527, "id_str": "956285532622827527", "indices": [98, 113]}], "urls": [{"url": "https://t.co/bysIYdZ502", "expanded_url": "https://twitter.com/i/web/status/1048002578561216513", "display_url": "twitter.com/i/web/status/1\u2026", "indices": [117, 140]}]}, "source": "<a href=\"https://about.twitter.com/products/tweetdeck\" rel=\"nofollow\">TweetDeck</a>", "in_reply_to_status_id": null, "in_reply_to_status_id_str": null, "in_reply_to_user_id": null, "in_reply_to_user_id_str": null, "in_reply_to_screen_name": null, "user": {"id": 213501060, "id_str": "213501060", "name": "CBS11", "screen_name": "CBS11", "location": "Dallas-Fort Worth", "description": "OFFICIAL everything-BUT-news-weather-&-sports tweets for CBS11 (KTVT/DFW), The Ones For Texas. This account *not* monitored 24/7. For news tweets/tips: @CBSDFW", "url": "https://t.co/geH3IzpZeS", "entities": {"url": {"urls": [{"url": "https://t.co/geH3IzpZeS", "expanded_url": "http://www.cbsdfw.com", "display_url": "cbsdfw.com", "indices": [0, 23]}]}, "description": {"urls": []}}, "protected": false, "followers_count": 52710, "friends_count": 1539, "listed_count": 649, "created_at": "Tue Nov 09 02:24:44 +0000 2010", "favourites_count": 12021, "utc_offset": null, "time_zone": null, "geo_enabled": true, "verified": true, "statuses_count": 23054, "lang": null, "contributors_enabled": false, "is_translator": false, "is_translation_enabled": false, "profile_background_color": "1B95E0", "profile_background_image_url": "http://abs.twimg.com/images/themes/theme2/bg.gif", "profile_background_image_url_https": "https://abs.twimg.com/images/themes/theme2/bg.gif", "profile_background_tile": false, "profile_image_url": "http://pbs.twimg.com/profile_images/1034469631292047360/R1DcOk1a_normal.jpg", "profile_image_url_https": "https://pbs.twimg.com/profile_images/1034469631292047360/R1DcOk1a_normal.jpg", "profile_banner_url": "https://pbs.twimg.com/profile_banners/213501060/1549313767", "profile_link_color": "FAB81E", "profile_sidebar_border_color": "000000", "profile_sidebar_fill_color": "000000", "profile_text_color": "000000", "profile_use_background_image": false, "has_extended_profile": false, "default_profile": false, "default_profile_image": false, "following": false, "follow_request_sent": false, "notifications": false, "translator_type": "none"}, "geo": null, "coordinates": null, "place": null, "contributors": null, "is_quote_status": false, "retweet_count": 0, "favorite_count": 0, "favorited": false, "retweeted": false, "possibly_sensitive": false, "lang": "en"}