{"created_at": "Sat Oct 06 18:49:03 +0000 2018", "id": 1048646335434543104, "id_str": "1048646335434543104", "text": "@Acosta @zackroday @StewSays Right there you took a side. You are a crybaby at the White House briefing I don\u2019t tak\u2026 https://t.co/5nXEHUzxBf", "truncated": true, "entities": {"hashtags": [], "symbols": [], "user_mentions": [{"screen_name": "Acosta", "name": "Jim Acosta", "id": 22771961, "id_str": "22771961", "indices": [0, 7]}, {"screen_name": "zackroday", "name": "Zack Roday", "id": 43968671, "id_str": "43968671", "indices": [8, 18]}, {"screen_name": "StewSays", "name": "STEW \ud83c\uddfa\ud83c\uddf8\ud83d\udc36 \u26be\ufe0f \ud83d\ude98", "id": 40553282, "id_str": "40553282", "indices": [19, 28]}], "urls": [{"url": "https://t.co/5nXEHUzxBf", "expanded_url": "https://twitter.com/i/web/status/1048646335434543104", "display_url": "twitter.com/i/web/status/1\u2026", "indices": [117, 140]}]}, "source": "<a href=\"http://twitter.com/download/iphone\" rel=\"nofollow\">Twitter for iPhone</a>", "in_reply_to_status_id": 1048329066686963714, "in_reply_to_status_id_str": "1048329066686963714", "in_reply_to_user_id": 22771961, "in_reply_to_user_id_str": "22771961", "in_reply_to_screen_name": "Acosta", "user": {"id": 991051731525095426, "id_str": "991051731525095426", "name": "chris", "screen_name": "chris48531203", "location": "", "description": "", "url": null, "entities": {"description": {"urls": []}}, "protected": false, "followers_count": 42, "friends_count": 141, "listed_count": 2, "created_at": "Mon Apr 30 20:28:40 +0000 2018", "favourites_count": 15456, "utc_offset": null, "time_zone": null, "geo_enabled": false, "verified": false, "statuses_count": 9478, "lang": null, "contributors_enabled": false, "is_translator": false, "is_translation_enabled": false, "profile_background_color": "F5F8FA", "profile_background_image_url": null, "profile_background_image_url_https": null, "profile_background_tile": false, "profile_image_url": "http://abs.twimg.com/sticky/default_profile_images/default_profile_normal.png", "profile_image_url_https": "https://abs.twimg.com/sticky/default_profile_images/default_profile_normal.png", "profile_link_color": "1DA1F2", "profile_sidebar_border_color": "C0DEED", "profile_sidebar_fill_color": "DDEEF6", "profile_text_color": "333333", "profile_use_background_image": true, "has_extended_profile": false, "default_profile": true, "default_profile_image": true, "following": false, "follow_request_sent": false, "notifications": false, "translator_type": "none"}, "geo": null, "coordinates": null, "place": null, "contributors": null, "is_quote_status": false, "retweet_count": 0, "favorite_count": 0, "favorited": false, "retweeted": false, "lang": "en"}