{"created_at": "Mon Oct 08 23:18:38 +0000 2018", "id": 1049438953718378496, "id_str": "1049438953718378496", "text": "The story about people issued Class C for Domestic Violence will be reported to the state and other agencies. I had\u2026 https://t.co/oKmACZBhrh", "truncated": true, "entities": {"hashtags": [], "symbols": [], "user_mentions": [], "urls": [{"url": "https://t.co/oKmACZBhrh", "expanded_url": "https://twitter.com/i/web/status/1049438953718378496", "display_url": "twitter.com/i/web/status/1\u2026", "indices": [117, 140]}]}, "source": "<a href=\"http://twitter.com\" rel=\"nofollow\">Twitter Web Client</a>", "in_reply_to_status_id": null, "in_reply_to_status_id_str": null, "in_reply_to_user_id": null, "in_reply_to_user_id_str": null, "in_reply_to_screen_name": null, "user": {"id": 822350587, "id_str": "822350587", "name": "Maury Welsh", "screen_name": "MauryWelsh", "location": "DFW Texas", "description": "#VerizonUp\nWe won a Super Bowl Weekend!\nThanks VerizonUp!", "url": null, "entities": {"description": {"urls": []}}, "protected": false, "followers_count": 4, "friends_count": 19, "listed_count": 0, "created_at": "Thu Sep 13 23:28:53 +0000 2012", "favourites_count": 32, "utc_offset": null, "time_zone": null, "geo_enabled": false, "verified": false, "statuses_count": 131, "lang": null, "contributors_enabled": false, "is_translator": false, "is_translation_enabled": false, "profile_background_color": "C0DEED", "profile_background_image_url": "http://abs.twimg.com/images/themes/theme1/bg.png", "profile_background_image_url_https": "https://abs.twimg.com/images/themes/theme1/bg.png", "profile_background_tile": false, "profile_image_url": "http://pbs.twimg.com/profile_images/1223672727715942401/jJVVBVCV_normal.jpg", "profile_image_url_https": "https://pbs.twimg.com/profile_images/1223672727715942401/jJVVBVCV_normal.jpg", "profile_banner_url": "https://pbs.twimg.com/profile_banners/822350587/1580581415", "profile_link_color": "1DA1F2", "profile_sidebar_border_color": "C0DEED", "profile_sidebar_fill_color": "DDEEF6", "profile_text_color": "333333", "profile_use_background_image": true, "has_extended_profile": false, "default_profile": true, "default_profile_image": false, "following": false, "follow_request_sent": false, "notifications": false, "translator_type": "none"}, "geo": null, "coordinates": null, "place": null, "contributors": null, "is_quote_status": false, "retweet_count": 0, "favorite_count": 0, "favorited": false, "retweeted": false, "possibly_sensitive": false, "lang": "en"}