{"created_at": "Fri Oct 12 18:05:02 +0000 2018", "id": 1050809582547857408, "id_str": "1050809582547857408", "text": "@soldier19d1028 @OdysseusAtTroy Well, I see you are paying attention.\n\nFirst of all, Sandy Hook happened on 12-14-2\u2026 https://t.co/lujsHsa0mz", "truncated": true, "entities": {"hashtags": [], "symbols": [], "user_mentions": [{"screen_name": "soldier19d1028", "name": "Jonathan Johnson", "id": 714397309, "id_str": "714397309", "indices": [0, 15]}, {"screen_name": "OdysseusAtTroy", "name": "Odysseus_at_Troy", "id": 1032649994602307584, "id_str": "1032649994602307584", "indices": [16, 31]}], "urls": [{"url": "https://t.co/lujsHsa0mz", "expanded_url": "https://twitter.com/i/web/status/1050809582547857408", "display_url": "twitter.com/i/web/status/1\u2026", "indices": [117, 140]}]}, "source": "<a href=\"http://twitter.com/download/iphone\" rel=\"nofollow\">Twitter for iPhone</a>", "in_reply_to_status_id": 1050803156316246016, "in_reply_to_status_id_str": "1050803156316246016", "in_reply_to_user_id": 714397309, "in_reply_to_user_id_str": "714397309", "in_reply_to_screen_name": "soldier19d1028", "user": {"id": 917812611336503298, "id_str": "917812611336503298", "name": "Warning: Filter Missing", "screen_name": "M_J_Gil", "location": "Probably sitting in a corner somewhere-thinking about what I said or did.", "description": "Race: Human. Protector of the vulnerable. Hater of Nazis, racists, xenophobes, homophobes & misogynists. #BodyLanguage #HumanBehavior #Linguistics MSc student.", "url": null, "entities": {"description": {"urls": []}}, "protected": false, "followers_count": 3877, "friends_count": 3606, "listed_count": 2, "created_at": "Tue Oct 10 18:02:33 +0000 2017", "favourites_count": 10737, "utc_offset": null, "time_zone": null, "geo_enabled": false, "verified": false, "statuses_count": 13972, "lang": null, "contributors_enabled": false, "is_translator": false, "is_translation_enabled": false, "profile_background_color": "F5F8FA", "profile_background_image_url": null, "profile_background_image_url_https": null, "profile_background_tile": false, "profile_image_url": "http://pbs.twimg.com/profile_images/989290228371410945/6VqBTOz8_normal.jpg", "profile_image_url_https": "https://pbs.twimg.com/profile_images/989290228371410945/6VqBTOz8_normal.jpg", "profile_banner_url": "https://pbs.twimg.com/profile_banners/917812611336503298/1517759177", "profile_link_color": "1DA1F2", "profile_sidebar_border_color": "C0DEED", "profile_sidebar_fill_color": "DDEEF6", "profile_text_color": "333333", "profile_use_background_image": true, "has_extended_profile": false, "default_profile": true, "default_profile_image": false, "following": false, "follow_request_sent": false, "notifications": false, "translator_type": "none"}, "geo": null, "coordinates": null, "place": null, "contributors": null, "is_quote_status": false, "retweet_count": 0, "favorite_count": 0, "favorited": false, "retweeted": false, "possibly_sensitive": false, "lang": "en"}