{"created_at": "Fri Oct 12 19:41:16 +0000 2018", "id": 1050833803478880256, "id_str": "1050833803478880256", "text": "The White House released their briefing on Kanye\u2019s meeting yesterday and it looks like they called the President \u201cQ\u2026 https://t.co/WebpsPs7Jn", "truncated": true, "entities": {"hashtags": [], "symbols": [], "user_mentions": [], "urls": [{"url": "https://t.co/WebpsPs7Jn", "expanded_url": "https://twitter.com/i/web/status/1050833803478880256", "display_url": "twitter.com/i/web/status/1\u2026", "indices": [117, 140]}]}, "source": "<a href=\"https://mobile.twitter.com\" rel=\"nofollow\">Twitter Web App</a>", "in_reply_to_status_id": null, "in_reply_to_status_id_str": null, "in_reply_to_user_id": null, "in_reply_to_user_id_str": null, "in_reply_to_screen_name": null, "user": {"id": 1039354924205629440, "id_str": "1039354924205629440", "name": "Bai Mohrguns \ud83c\uddfa\ud83c\uddf8", "screen_name": "BaiMohrguns", "location": "CA - SOJ Xx", "description": "Conservative Latina | Hella Married | Natural Born Hermitess | Only here to MAGA \u270c\ufe0f", "url": null, "entities": {"description": {"urls": []}}, "protected": false, "followers_count": 1251, "friends_count": 2193, "listed_count": 2, "created_at": "Tue Sep 11 03:28:18 +0000 2018", "favourites_count": 70504, "utc_offset": null, "time_zone": null, "geo_enabled": false, "verified": false, "statuses_count": 17597, "lang": null, "contributors_enabled": false, "is_translator": false, "is_translation_enabled": false, "profile_background_color": "F5F8FA", "profile_background_image_url": null, "profile_background_image_url_https": null, "profile_background_tile": false, "profile_image_url": "http://pbs.twimg.com/profile_images/1145331749083205633/ZLKQP9wx_normal.jpg", "profile_image_url_https": "https://pbs.twimg.com/profile_images/1145331749083205633/ZLKQP9wx_normal.jpg", "profile_banner_url": "https://pbs.twimg.com/profile_banners/1039354924205629440/1597957602", "profile_link_color": "1DA1F2", "profile_sidebar_border_color": "C0DEED", "profile_sidebar_fill_color": "DDEEF6", "profile_text_color": "333333", "profile_use_background_image": true, "has_extended_profile": false, "default_profile": true, "default_profile_image": false, "following": false, "follow_request_sent": false, "notifications": false, "translator_type": "none"}, "geo": null, "coordinates": null, "place": null, "contributors": null, "is_quote_status": false, "retweet_count": 0, "favorite_count": 0, "favorited": false, "retweeted": false, "possibly_sensitive": false, "lang": "en"}