{"created_at": "Wed Oct 10 20:10:26 +0000 2018", "id": 1050116367054249985, "id_str": "1050116367054249985", "text": "#POTUS Super duper dumb #Covfefe #shitholePresident : RT WhiteHouse: Watch LIVE now as the DeptofDefense gives a li\u2026 https://t.co/qfs9gBb8XX", "truncated": true, "entities": {"hashtags": [{"text": "POTUS", "indices": [0, 6]}, {"text": "Covfefe", "indices": [24, 32]}, {"text": "shitholePresident", "indices": [33, 51]}], "symbols": [], "user_mentions": [], "urls": [{"url": "https://t.co/qfs9gBb8XX", "expanded_url": "https://twitter.com/i/web/status/1050116367054249985", "display_url": "twitter.com/i/web/status/1\u2026", "indices": [117, 140]}]}, "source": "<a href=\"https://ifttt.com\" rel=\"nofollow\">IFTTT</a>", "in_reply_to_status_id": null, "in_reply_to_status_id_str": null, "in_reply_to_user_id": null, "in_reply_to_user_id_str": null, "in_reply_to_screen_name": null, "user": {"id": 826582960245764097, "id_str": "826582960245764097", "name": "RealChildishDemocrat", "screen_name": "childishdemocra", "location": "Was", "description": "I know you are but what am I.", "url": null, "entities": {"description": {"urls": []}}, "protected": false, "followers_count": 56, "friends_count": 46, "listed_count": 3, "created_at": "Wed Feb 01 00:08:29 +0000 2017", "favourites_count": 5972, "utc_offset": null, "time_zone": null, "geo_enabled": false, "verified": false, "statuses_count": 38507, "lang": null, "contributors_enabled": false, "is_translator": false, "is_translation_enabled": false, "profile_background_color": "000000", "profile_background_image_url": "http://abs.twimg.com/images/themes/theme1/bg.png", "profile_background_image_url_https": "https://abs.twimg.com/images/themes/theme1/bg.png", "profile_background_tile": false, "profile_image_url": "http://pbs.twimg.com/profile_images/1155167229266276352/EV66AUNH_normal.jpg", "profile_image_url_https": "https://pbs.twimg.com/profile_images/1155167229266276352/EV66AUNH_normal.jpg", "profile_banner_url": "https://pbs.twimg.com/profile_banners/826582960245764097/1485913286", "profile_link_color": "1B95E0", "profile_sidebar_border_color": "000000", "profile_sidebar_fill_color": "000000", "profile_text_color": "000000", "profile_use_background_image": false, "has_extended_profile": true, "default_profile": false, "default_profile_image": false, "following": false, "follow_request_sent": false, "notifications": false, "translator_type": "none"}, "geo": null, "coordinates": null, "place": null, "contributors": null, "is_quote_status": false, "retweet_count": 0, "favorite_count": 0, "favorited": false, "retweeted": false, "possibly_sensitive": false, "lang": "en"}