{"created_at": "Mon Oct 15 00:00:06 +0000 2018", "id": 1051623716503908352, "id_str": "1051623716503908352", "text": "@don_gabig @realDonaldTrump Obama never said anything close to what Trump says about Putin &amp; Kim. &amp; I would suggest\u2026 https://t.co/vjLvT0nQib", "truncated": true, "entities": {"hashtags": [], "symbols": [], "user_mentions": [{"screen_name": "don_gabig", "name": "Don Gabig", "id": 4025935132, "id_str": "4025935132", "indices": [0, 10]}, {"screen_name": "realDonaldTrump", "name": "Donald J. Trump", "id": 25073877, "id_str": "25073877", "indices": [11, 27]}], "urls": [{"url": "https://t.co/vjLvT0nQib", "expanded_url": "https://twitter.com/i/web/status/1051623716503908352", "display_url": "twitter.com/i/web/status/1\u2026", "indices": [125, 148]}]}, "source": "<a href=\"http://twitter.com\" rel=\"nofollow\">Twitter Web Client</a>", "in_reply_to_status_id": 1051622730452340736, "in_reply_to_status_id_str": "1051622730452340736", "in_reply_to_user_id": 4025935132, "in_reply_to_user_id_str": "4025935132", "in_reply_to_screen_name": "don_gabig", "user": {"id": 2319144913, "id_str": "2319144913", "name": "Chris", "screen_name": "CMassaro723", "location": "New York, NY", "description": "Foreign affairs writer | news researcher | amateur political scientist | neorealist | proudly and unapologetically rooting for the Deep State", "url": "https://t.co/J785oqj5xo", "entities": {"url": {"urls": [{"url": "https://t.co/J785oqj5xo", "expanded_url": "https://www.foxnews.com/person/m/chris-massaro", "display_url": "foxnews.com/person/m/chris\u2026", "indices": [0, 23]}]}, "description": {"urls": []}}, "protected": false, "followers_count": 309, "friends_count": 1325, "listed_count": 3, "created_at": "Thu Jan 30 15:58:34 +0000 2014", "favourites_count": 40178, "utc_offset": null, "time_zone": null, "geo_enabled": false, "verified": false, "statuses_count": 21970, "lang": null, "contributors_enabled": false, "is_translator": false, "is_translation_enabled": false, "profile_background_color": "000000", "profile_background_image_url": "http://abs.twimg.com/images/themes/theme1/bg.png", "profile_background_image_url_https": "https://abs.twimg.com/images/themes/theme1/bg.png", "profile_background_tile": false, "profile_image_url": "http://pbs.twimg.com/profile_images/1147146018816962561/Uy5_WSE2_normal.jpg", "profile_image_url_https": "https://pbs.twimg.com/profile_images/1147146018816962561/Uy5_WSE2_normal.jpg", "profile_banner_url": "https://pbs.twimg.com/profile_banners/2319144913/1522192510", "profile_link_color": "00008B", "profile_sidebar_border_color": "000000", "profile_sidebar_fill_color": "000000", "profile_text_color": "000000", "profile_use_background_image": false, "has_extended_profile": false, "default_profile": false, "default_profile_image": false, "following": false, "follow_request_sent": false, "notifications": false, "translator_type": "none"}, "geo": null, "coordinates": null, "place": null, "contributors": null, "is_quote_status": false, "retweet_count": 0, "favorite_count": 0, "favorited": false, "retweeted": false, "lang": "en"}