{"created_at": "Sun Oct 14 17:10:55 +0000 2018", "id": 1051520739462000641, "id_str": "1051520739462000641", "text": "@BlueNGoldJoe @ChazNuttycombe Actually, it's not atrocious at all. The only problem with the Brady bill is legitima\u2026 https://t.co/DadKHnFEK2", "truncated": true, "entities": {"hashtags": [], "symbols": [], "user_mentions": [{"screen_name": "BlueNGoldJoe", "name": "Jose", "id": 78192372, "id_str": "78192372", "indices": [0, 13]}, {"screen_name": "ChazNuttycombe", "name": "Chaz Nuttycombe", "id": 861919615752044544, "id_str": "861919615752044544", "indices": [14, 29]}], "urls": [{"url": "https://t.co/DadKHnFEK2", "expanded_url": "https://twitter.com/i/web/status/1051520739462000641", "display_url": "twitter.com/i/web/status/1\u2026", "indices": [117, 140]}]}, "source": "<a href=\"http://twitter.com/download/android\" rel=\"nofollow\">Twitter for Android</a>", "in_reply_to_status_id": 1051275148358123520, "in_reply_to_status_id_str": "1051275148358123520", "in_reply_to_user_id": 78192372, "in_reply_to_user_id_str": "78192372", "in_reply_to_screen_name": "BlueNGoldJoe", "user": {"id": 18097569, "id_str": "18097569", "name": "gaijingirl2004 Bronx Berner or Green. Choose. \ud83c\udf39", "screen_name": "gaijingirl2004", "location": "", "description": "Progressive dedicated to logic, integrity & irreverent truth. #Greenparty #Nina2024 #M4A #BasicIncome #FJG #endthewars #AnimalRights, #neverbidennevertrump", "url": null, "entities": {"description": {"urls": []}}, "protected": false, "followers_count": 9835, "friends_count": 6362, "listed_count": 33, "created_at": "Sat Dec 13 12:21:59 +0000 2008", "favourites_count": 214126, "utc_offset": null, "time_zone": null, "geo_enabled": false, "verified": false, "statuses_count": 101016, "lang": null, "contributors_enabled": false, "is_translator": false, "is_translation_enabled": false, "profile_background_color": "000000", "profile_background_image_url": "http://abs.twimg.com/images/themes/theme1/bg.png", "profile_background_image_url_https": "https://abs.twimg.com/images/themes/theme1/bg.png", "profile_background_tile": false, "profile_image_url": "http://pbs.twimg.com/profile_images/962052841643716611/efxT1aJx_normal.jpg", "profile_image_url_https": "https://pbs.twimg.com/profile_images/962052841643716611/efxT1aJx_normal.jpg", "profile_banner_url": "https://pbs.twimg.com/profile_banners/18097569/1518206174", "profile_link_color": "1B95E0", "profile_sidebar_border_color": "000000", "profile_sidebar_fill_color": "000000", "profile_text_color": "000000", "profile_use_background_image": false, "has_extended_profile": false, "default_profile": false, "default_profile_image": false, "following": false, "follow_request_sent": false, "notifications": false, "translator_type": "none"}, "geo": null, "coordinates": null, "place": null, "contributors": null, "is_quote_status": false, "retweet_count": 0, "favorite_count": 7, "favorited": false, "retweeted": false, "lang": "en"}