{"created_at": "Tue Oct 16 19:48:54 +0000 2018", "id": 1052285272342351873, "id_str": "1052285272342351873", "text": "@DatSavage_Shit Brady&gt;Bill&gt;rest of the Patriots", "truncated": false, "entities": {"hashtags": [], "symbols": [], "user_mentions": [{"screen_name": "DatSavage_Shit", "name": "RoadRunner Shit", "id": 228458321, "id_str": "228458321", "indices": [0, 15]}], "urls": []}, "source": "<a href=\"http://twitter.com/download/iphone\" rel=\"nofollow\">Twitter for iPhone</a>", "in_reply_to_status_id": 1052284725061197824, "in_reply_to_status_id_str": "1052284725061197824", "in_reply_to_user_id": 228458321, "in_reply_to_user_id_str": "228458321", "in_reply_to_screen_name": "DatSavage_Shit", "user": {"id": 222586842, "id_str": "222586842", "name": "The Whirlwind", "screen_name": "Its_MrPerfect", "location": "", "description": "Longing Rusted Seventeen Daybreak Furnace Nine Benign Homecoming One Freight Car", "url": "https://t.co/6zxr5YAJCF", "entities": {"url": {"urls": [{"url": "https://t.co/6zxr5YAJCF", "expanded_url": "http://www.facebook.com/profile.php?id=1377661727", "display_url": "facebook.com/profile.php?id\u2026", "indices": [0, 23]}]}, "description": {"urls": []}}, "protected": false, "followers_count": 1132, "friends_count": 1044, "listed_count": 6, "created_at": "Fri Dec 03 21:13:00 +0000 2010", "favourites_count": 1551, "utc_offset": null, "time_zone": null, "geo_enabled": true, "verified": false, "statuses_count": 122254, "lang": null, "contributors_enabled": false, "is_translator": false, "is_translation_enabled": false, "profile_background_color": "C0DEED", "profile_background_image_url": "http://abs.twimg.com/images/themes/theme1/bg.png", "profile_background_image_url_https": "https://abs.twimg.com/images/themes/theme1/bg.png", "profile_background_tile": true, "profile_image_url": "http://pbs.twimg.com/profile_images/1266074937510572032/4B-k-rvk_normal.jpg", "profile_image_url_https": "https://pbs.twimg.com/profile_images/1266074937510572032/4B-k-rvk_normal.jpg", "profile_banner_url": "https://pbs.twimg.com/profile_banners/222586842/1598226766", "profile_link_color": "0084B4", "profile_sidebar_border_color": "FFFFFF", "profile_sidebar_fill_color": "DDEEF6", "profile_text_color": "333333", "profile_use_background_image": true, "has_extended_profile": true, "default_profile": false, "default_profile_image": false, "following": false, "follow_request_sent": false, "notifications": false, "translator_type": "none"}, "geo": null, "coordinates": null, "place": null, "contributors": null, "is_quote_status": false, "retweet_count": 0, "favorite_count": 0, "favorited": false, "retweeted": false, "lang": "en"}