{"created_at": "Thu Oct 18 02:20:52 +0000 2018", "id": 1052746302751150080, "id_str": "1052746302751150080", "text": "50 years after his heroism during the Vietnam War, retired Marine Sgt. Maj. John L. Canley receives the Medal of Ho\u2026 https://t.co/auYg238huK", "truncated": true, "entities": {"hashtags": [], "symbols": [], "user_mentions": [], "urls": [{"url": "https://t.co/auYg238huK", "expanded_url": "https://twitter.com/i/web/status/1052746302751150080", "display_url": "twitter.com/i/web/status/1\u2026", "indices": [117, 140]}]}, "source": "<a href=\"http://www.socialflow.com\" rel=\"nofollow\">SocialFlow</a>", "in_reply_to_status_id": null, "in_reply_to_status_id_str": null, "in_reply_to_user_id": null, "in_reply_to_user_id_str": null, "in_reply_to_screen_name": null, "user": {"id": 28785486, "id_str": "28785486", "name": "ABC News", "screen_name": "ABC", "location": "New York City / Worldwide", "description": "All the news and information you need to see, curated by the @ABC News team. https://t.co/PKeobr4xt0 Tips: https://t.co/2ICEX6CuXd", "url": "https://t.co/B4vihbwCGa", "entities": {"url": {"urls": [{"url": "https://t.co/B4vihbwCGa", "expanded_url": "https://abcnews.go.com/", "display_url": "abcnews.go.com", "indices": [0, 23]}]}, "description": {"urls": [{"url": "https://t.co/PKeobr4xt0", "expanded_url": "http://instagram.com/abcnews", "display_url": "instagram.com/abcnews", "indices": [77, 100]}, {"url": "https://t.co/2ICEX6CuXd", "expanded_url": "https://abcn.ws/tips", "display_url": "abcn.ws/tips", "indices": [107, 130]}]}}, "protected": false, "followers_count": 15894356, "friends_count": 511, "listed_count": 58404, "created_at": "Sat Apr 04 12:40:32 +0000 2009", "favourites_count": 24, "utc_offset": null, "time_zone": null, "geo_enabled": true, "verified": true, "statuses_count": 317295, "lang": null, "contributors_enabled": false, "is_translator": false, "is_translation_enabled": true, "profile_background_color": "6E8EB5", "profile_background_image_url": "http://abs.twimg.com/images/themes/theme1/bg.png", "profile_background_image_url_https": "https://abs.twimg.com/images/themes/theme1/bg.png", "profile_background_tile": false, "profile_image_url": "http://pbs.twimg.com/profile_images/1082358814819536896/19QbYCgF_normal.jpg", "profile_image_url_https": "https://pbs.twimg.com/profile_images/1082358814819536896/19QbYCgF_normal.jpg", "profile_banner_url": "https://pbs.twimg.com/profile_banners/28785486/1505493568", "profile_link_color": "336699", "profile_sidebar_border_color": "FFFFFF", "profile_sidebar_fill_color": "DDEEF6", "profile_text_color": "333333", "profile_use_background_image": true, "has_extended_profile": false, "default_profile": false, "default_profile_image": false, "following": false, "follow_request_sent": false, "notifications": false, "translator_type": "regular"}, "geo": null, "coordinates": null, "place": null, "contributors": null, "is_quote_status": false, "retweet_count": 38, "favorite_count": 233, "favorited": false, "retweeted": false, "possibly_sensitive": false, "lang": "en"}