{"created_at": "Thu Oct 18 06:10:22 +0000 2018", "id": 1052804059877371904, "id_str": "1052804059877371904", "text": "Diamond and Silk do a DROP IN on the White House Press Briefing. https://t.co/l92UnXM2UO via @YouTube", "truncated": false, "entities": {"hashtags": [], "symbols": [], "user_mentions": [{"screen_name": "YouTube", "name": "YouTube", "id": 10228272, "id_str": "10228272", "indices": [93, 101]}], "urls": [{"url": "https://t.co/l92UnXM2UO", "expanded_url": "https://youtu.be/nZlvwk47uZE", "display_url": "youtu.be/nZlvwk47uZE", "indices": [65, 88]}]}, "source": "<a href=\"http://twitter.com\" rel=\"nofollow\">Twitter Web Client</a>", "in_reply_to_status_id": null, "in_reply_to_status_id_str": null, "in_reply_to_user_id": null, "in_reply_to_user_id_str": null, "in_reply_to_screen_name": null, "user": {"id": 1396098822, "id_str": "1396098822", "name": "Tara E Girod", "screen_name": "TaraGirod", "location": "Atlanta, GA", "description": "Life coach; Psychic, Mystic; Inspirational Speaker and Writer.", "url": "https://t.co/SCunCEaOiH", "entities": {"url": {"urls": [{"url": "https://t.co/SCunCEaOiH", "expanded_url": "https://www.facebook.com/tarae.girod.9", "display_url": "facebook.com/tarae.girod.9", "indices": [0, 23]}]}, "description": {"urls": []}}, "protected": false, "followers_count": 588, "friends_count": 383, "listed_count": 29, "created_at": "Thu May 02 02:55:35 +0000 2013", "favourites_count": 1188, "utc_offset": null, "time_zone": null, "geo_enabled": true, "verified": false, "statuses_count": 41838, "lang": null, "contributors_enabled": false, "is_translator": false, "is_translation_enabled": false, "profile_background_color": "DBE9ED", "profile_background_image_url": "http://abs.twimg.com/images/themes/theme17/bg.gif", "profile_background_image_url_https": "https://abs.twimg.com/images/themes/theme17/bg.gif", "profile_background_tile": false, "profile_image_url": "http://pbs.twimg.com/profile_images/1249168774055497728/2Uu4G7lq_normal.jpg", "profile_image_url_https": "https://pbs.twimg.com/profile_images/1249168774055497728/2Uu4G7lq_normal.jpg", "profile_banner_url": "https://pbs.twimg.com/profile_banners/1396098822/1559442265", "profile_link_color": "E81C4F", "profile_sidebar_border_color": "DBE9ED", "profile_sidebar_fill_color": "E6F6F9", "profile_text_color": "333333", "profile_use_background_image": true, "has_extended_profile": true, "default_profile": false, "default_profile_image": false, "following": false, "follow_request_sent": false, "notifications": false, "translator_type": "none"}, "geo": null, "coordinates": null, "place": null, "contributors": null, "is_quote_status": false, "retweet_count": 0, "favorite_count": 0, "favorited": false, "retweeted": false, "possibly_sensitive": false, "lang": "en"}