{"created_at": "Fri Oct 19 15:49:11 +0000 2018", "id": 1053312110132776960, "id_str": "1053312110132776960", "text": "Reporters need change the Trump the click bait language.  Stop covering Trump rallies and walk out en masse at the\u2026 https://t.co/2DXIRkOkxF", "truncated": true, "entities": {"hashtags": [], "symbols": [], "user_mentions": [], "urls": [{"url": "https://t.co/2DXIRkOkxF", "expanded_url": "https://twitter.com/i/web/status/1053312110132776960", "display_url": "twitter.com/i/web/status/1\u2026", "indices": [116, 139]}]}, "source": "<a href=\"http://twitter.com\" rel=\"nofollow\">Twitter Web Client</a>", "in_reply_to_status_id": null, "in_reply_to_status_id_str": null, "in_reply_to_user_id": null, "in_reply_to_user_id_str": null, "in_reply_to_screen_name": null, "user": {"id": 18440161, "id_str": "18440161", "name": "Gavlar", "screen_name": "Gavlar", "location": "", "description": "Justice For Breonna Taylor\nJustice For George Floyd\nEnd Police Brutality Now\nBlack Lives Matter\nLondoner living in LA", "url": null, "entities": {"description": {"urls": []}}, "protected": false, "followers_count": 1292, "friends_count": 4918, "listed_count": 12, "created_at": "Mon Dec 29 02:34:17 +0000 2008", "favourites_count": 36411, "utc_offset": null, "time_zone": null, "geo_enabled": false, "verified": false, "statuses_count": 28243, "lang": null, "contributors_enabled": false, "is_translator": false, "is_translation_enabled": false, "profile_background_color": "131516", "profile_background_image_url": "http://abs.twimg.com/images/themes/theme14/bg.gif", "profile_background_image_url_https": "https://abs.twimg.com/images/themes/theme14/bg.gif", "profile_background_tile": false, "profile_image_url": "http://pbs.twimg.com/profile_images/1256787585919184897/SLT3VlOz_normal.jpg", "profile_image_url_https": "https://pbs.twimg.com/profile_images/1256787585919184897/SLT3VlOz_normal.jpg", "profile_banner_url": "https://pbs.twimg.com/profile_banners/18440161/1597391082", "profile_link_color": "E81C4F", "profile_sidebar_border_color": "FFFFFF", "profile_sidebar_fill_color": "EFEFEF", "profile_text_color": "333333", "profile_use_background_image": true, "has_extended_profile": true, "default_profile": false, "default_profile_image": false, "following": false, "follow_request_sent": false, "notifications": false, "translator_type": "none"}, "geo": null, "coordinates": null, "place": null, "contributors": null, "is_quote_status": true, "quoted_status_id": 1053295015026442246, "quoted_status_id_str": "1053295015026442246", "retweet_count": 1, "favorite_count": 1, "favorited": false, "retweeted": false, "possibly_sensitive": false, "lang": "en"}