{"created_at": "Fri Oct 19 18:44:35 +0000 2018", "id": 1053356253693403136, "id_str": "1053356253693403136", "text": "@ACampaNajjar Duncan Hunter is a delusional idiot, but he is the last one to figure that out. Good Republican, thro\u2026 https://t.co/4cezDRJfFq", "truncated": true, "entities": {"hashtags": [], "symbols": [], "user_mentions": [{"screen_name": "ACampaNajjar", "name": "Ammar Campa-Najjar", "id": 274440617, "id_str": "274440617", "indices": [0, 13]}], "urls": [{"url": "https://t.co/4cezDRJfFq", "expanded_url": "https://twitter.com/i/web/status/1053356253693403136", "display_url": "twitter.com/i/web/status/1\u2026", "indices": [117, 140]}]}, "source": "<a href=\"http://twitter.com/download/iphone\" rel=\"nofollow\">Twitter for iPhone</a>", "in_reply_to_status_id": 1053355445153280000, "in_reply_to_status_id_str": "1053355445153280000", "in_reply_to_user_id": 274440617, "in_reply_to_user_id_str": "274440617", "in_reply_to_screen_name": "ACampaNajjar", "user": {"id": 967888967658950656, "id_str": "967888967658950656", "name": "LOVE\u2764\ufe0fHOPE\ud83d\ude4f\ud83c\udffbLIGHT\u2600\ufe0f", "screen_name": "American4Love", "location": "USA", "description": "LOVE\u2764\ufe0f is stronger than hate. HOPE\ud83d\ude4f\ud83c\udffb is stronger than fear. LIGHT\u2600\ufe0f is stronger than darkness. #BidenHarris2020\ud83c\uddfa\ud83c\uddf8", "url": "https://t.co/TuEMDkhScx", "entities": {"url": {"urls": [{"url": "https://t.co/TuEMDkhScx", "expanded_url": "http://vote.org", "display_url": "vote.org", "indices": [0, 23]}]}, "description": {"urls": []}}, "protected": false, "followers_count": 20661, "friends_count": 18562, "listed_count": 30, "created_at": "Sun Feb 25 22:28:07 +0000 2018", "favourites_count": 435892, "utc_offset": null, "time_zone": null, "geo_enabled": false, "verified": false, "statuses_count": 107382, "lang": null, "contributors_enabled": false, "is_translator": false, "is_translation_enabled": false, "profile_background_color": "000000", "profile_background_image_url": "http://abs.twimg.com/images/themes/theme1/bg.png", "profile_background_image_url_https": "https://abs.twimg.com/images/themes/theme1/bg.png", "profile_background_tile": false, "profile_image_url": "http://pbs.twimg.com/profile_images/1234606216891887616/bLt7yfWM_normal.jpg", "profile_image_url_https": "https://pbs.twimg.com/profile_images/1234606216891887616/bLt7yfWM_normal.jpg", "profile_banner_url": "https://pbs.twimg.com/profile_banners/967888967658950656/1596433373", "profile_link_color": "1B95E0", "profile_sidebar_border_color": "000000", "profile_sidebar_fill_color": "000000", "profile_text_color": "000000", "profile_use_background_image": false, "has_extended_profile": false, "default_profile": false, "default_profile_image": false, "following": false, "follow_request_sent": false, "notifications": false, "translator_type": "none"}, "geo": null, "coordinates": null, "place": null, "contributors": null, "is_quote_status": false, "retweet_count": 1, "favorite_count": 2, "favorited": false, "retweeted": false, "lang": "en"}