{"created_at": "Sun Oct 21 15:11:35 +0000 2018", "id": 1054027422956470272, "id_str": "1054027422956470272", "text": "\"#Democrats hold a 9-point lead among likely voters over #Republicans in congressional preference, according to the\u2026 https://t.co/DKNbeDeezI", "truncated": true, "entities": {"hashtags": [{"text": "Democrats", "indices": [1, 11]}, {"text": "Republicans", "indices": [57, 69]}], "symbols": [], "user_mentions": [], "urls": [{"url": "https://t.co/DKNbeDeezI", "expanded_url": "https://twitter.com/i/web/status/1054027422956470272", "display_url": "twitter.com/i/web/status/1\u2026", "indices": [117, 140]}]}, "source": "<a href=\"http://twitter.com\" rel=\"nofollow\">Twitter Web Client</a>", "in_reply_to_status_id": null, "in_reply_to_status_id_str": null, "in_reply_to_user_id": null, "in_reply_to_user_id_str": null, "in_reply_to_screen_name": null, "user": {"id": 40717489, "id_str": "40717489", "name": "Pauline Park", "screen_name": "paulinepark", "location": "New York", "description": "social justice activist & writer", "url": "http://t.co/2pzrRPVwhf", "entities": {"url": {"urls": [{"url": "http://t.co/2pzrRPVwhf", "expanded_url": "http://www.paulinepark.com/", "display_url": "paulinepark.com", "indices": [0, 22]}]}, "description": {"urls": []}}, "protected": false, "followers_count": 1991, "friends_count": 1775, "listed_count": 148, "created_at": "Sun May 17 19:17:19 +0000 2009", "favourites_count": 15343, "utc_offset": null, "time_zone": null, "geo_enabled": true, "verified": false, "statuses_count": 36980, "lang": null, "contributors_enabled": false, "is_translator": false, "is_translation_enabled": false, "profile_background_color": "C0DEED", "profile_background_image_url": "http://abs.twimg.com/images/themes/theme1/bg.png", "profile_background_image_url_https": "https://abs.twimg.com/images/themes/theme1/bg.png", "profile_background_tile": false, "profile_image_url": "http://pbs.twimg.com/profile_images/663487211367698433/JYk7jU1T_normal.jpg", "profile_image_url_https": "https://pbs.twimg.com/profile_images/663487211367698433/JYk7jU1T_normal.jpg", "profile_banner_url": "https://pbs.twimg.com/profile_banners/40717489/1447022615", "profile_link_color": "1DA1F2", "profile_sidebar_border_color": "C0DEED", "profile_sidebar_fill_color": "DDEEF6", "profile_text_color": "333333", "profile_use_background_image": true, "has_extended_profile": false, "default_profile": true, "default_profile_image": false, "following": false, "follow_request_sent": false, "notifications": false, "translator_type": "none"}, "geo": null, "coordinates": null, "place": null, "contributors": null, "is_quote_status": false, "retweet_count": 0, "favorite_count": 0, "favorited": false, "retweeted": false, "possibly_sensitive": false, "lang": "en"}