{"created_at": "Mon Oct 22 17:45:04 +0000 2018", "id": 1054428438763790336, "id_str": "1054428438763790336", "text": "Baruch College\u2019s Early Learning Center Secures Funding from the U.S. Department of Education https://t.co/gq7qs6YJIf https://t.co/j5NZwOc3pN", "truncated": false, "entities": {"hashtags": [], "symbols": [], "user_mentions": [], "urls": [{"url": "https://t.co/gq7qs6YJIf", "expanded_url": "http://dlvr.it/Qp86J4", "display_url": "dlvr.it/Qp86J4", "indices": [93, 116]}], "media": [{"id": 1054428437094400000, "id_str": "1054428437094400000", "indices": [117, 140], "media_url": "http://pbs.twimg.com/media/DqIVE7IVAAA-yed.jpg", "media_url_https": "https://pbs.twimg.com/media/DqIVE7IVAAA-yed.jpg", "url": "https://t.co/j5NZwOc3pN", "display_url": "pic.twitter.com/j5NZwOc3pN", "expanded_url": "https://twitter.com/baruchproforum/status/1054428438763790336/photo/1", "type": "photo", "sizes": {"thumb": {"w": 150, "h": 150, "resize": "crop"}, "large": {"w": 1200, "h": 627, "resize": "fit"}, "medium": {"w": 1200, "h": 627, "resize": "fit"}, "small": {"w": 680, "h": 355, "resize": "fit"}}}]}, "extended_entities": {"media": [{"id": 1054428437094400000, "id_str": "1054428437094400000", "indices": [117, 140], "media_url": "http://pbs.twimg.com/media/DqIVE7IVAAA-yed.jpg", "media_url_https": "https://pbs.twimg.com/media/DqIVE7IVAAA-yed.jpg", "url": "https://t.co/j5NZwOc3pN", "display_url": "pic.twitter.com/j5NZwOc3pN", "expanded_url": "https://twitter.com/baruchproforum/status/1054428438763790336/photo/1", "type": "photo", "sizes": {"thumb": {"w": 150, "h": 150, "resize": "crop"}, "large": {"w": 1200, "h": 627, "resize": "fit"}, "medium": {"w": 1200, "h": 627, "resize": "fit"}, "small": {"w": 680, "h": 355, "resize": "fit"}}}]}, "source": "<a href=\"https://dlvrit.com/\" rel=\"nofollow\">dlvr.it</a>", "in_reply_to_status_id": null, "in_reply_to_status_id_str": null, "in_reply_to_user_id": null, "in_reply_to_user_id_str": null, "in_reply_to_screen_name": null, "user": {"id": 69081746, "id_str": "69081746", "name": "Baruch Professionals Forum", "screen_name": "baruchproforum", "location": "New York", "description": "Every man has a right to his opinion, but no man has a right to be wrong in his facts.\r\nBernard Baruch", "url": "https://t.co/LcJu77R2X5", "entities": {"url": {"urls": [{"url": "https://t.co/LcJu77R2X5", "expanded_url": "https://about.me/baruchproforum", "display_url": "about.me/baruchproforum", "indices": [0, 23]}]}, "description": {"urls": []}}, "protected": false, "followers_count": 1272, "friends_count": 2344, "listed_count": 313, "created_at": "Wed Aug 26 20:11:43 +0000 2009", "favourites_count": 65, "utc_offset": null, "time_zone": null, "geo_enabled": true, "verified": false, "statuses_count": 235075, "lang": null, "contributors_enabled": false, "is_translator": false, "is_translation_enabled": false, "profile_background_color": "FFFFFF", "profile_background_image_url": "http://abs.twimg.com/images/themes/theme1/bg.png", "profile_background_image_url_https": "https://abs.twimg.com/images/themes/theme1/bg.png", "profile_background_tile": false, "profile_image_url": "http://pbs.twimg.com/profile_images/2678319144/90f93b7e68eb54d6bbb87460300d608e_normal.jpeg", "profile_image_url_https": "https://pbs.twimg.com/profile_images/2678319144/90f93b7e68eb54d6bbb87460300d608e_normal.jpeg", "profile_banner_url": "https://pbs.twimg.com/profile_banners/69081746/1398731400", "profile_link_color": "777777", "profile_sidebar_border_color": "000000", "profile_sidebar_fill_color": "222222", "profile_text_color": "AAAAAA", "profile_use_background_image": true, "has_extended_profile": false, "default_profile": false, "default_profile_image": false, "following": false, "follow_request_sent": false, "notifications": false, "translator_type": "none"}, "geo": null, "coordinates": null, "place": null, "contributors": null, "is_quote_status": false, "retweet_count": 0, "favorite_count": 0, "favorited": false, "retweeted": false, "possibly_sensitive": false, "lang": "en"}