{"created_at": "Mon Oct 22 19:55:08 +0000 2018", "id": 1054461171871477763, "id_str": "1054461171871477763", "text": "U.S. Department Of Education Is Sued For Withholding Information On Arming Teachers https://t.co/ZSM63ots7L  #ByrdLinks", "truncated": false, "entities": {"hashtags": [{"text": "ByrdLinks", "indices": [109, 119]}], "symbols": [], "user_mentions": [], "urls": [{"url": "https://t.co/ZSM63ots7L", "expanded_url": "http://ow.ly/HyBz30mkd6I", "display_url": "ow.ly/HyBz30mkd6I", "indices": [84, 107]}]}, "source": "<a href=\"http://www.hootsuite.com\" rel=\"nofollow\">Hootsuite</a>", "in_reply_to_status_id": null, "in_reply_to_status_id_str": null, "in_reply_to_user_id": null, "in_reply_to_user_id_str": null, "in_reply_to_screen_name": null, "user": {"id": 978644970348392449, "id_str": "978644970348392449", "name": "Byrd Links", "screen_name": "ByrdLinks", "location": "", "description": "Bringing you the latest and most relevant news in education.", "url": "https://t.co/xdAhSuva7y", "entities": {"url": {"urls": [{"url": "https://t.co/xdAhSuva7y", "expanded_url": "http://byrdlinks.com", "display_url": "byrdlinks.com", "indices": [0, 23]}]}, "description": {"urls": []}}, "protected": false, "followers_count": 3, "friends_count": 1, "listed_count": 0, "created_at": "Tue Mar 27 14:48:38 +0000 2018", "favourites_count": 1, "utc_offset": null, "time_zone": null, "geo_enabled": false, "verified": false, "statuses_count": 164, "lang": null, "contributors_enabled": false, "is_translator": false, "is_translation_enabled": false, "profile_background_color": "F5F8FA", "profile_background_image_url": null, "profile_background_image_url_https": null, "profile_background_tile": false, "profile_image_url": "http://pbs.twimg.com/profile_images/1270757777863049217/P5TFefMB_normal.jpg", "profile_image_url_https": "https://pbs.twimg.com/profile_images/1270757777863049217/P5TFefMB_normal.jpg", "profile_banner_url": "https://pbs.twimg.com/profile_banners/978644970348392449/1522162452", "profile_link_color": "1DA1F2", "profile_sidebar_border_color": "C0DEED", "profile_sidebar_fill_color": "DDEEF6", "profile_text_color": "333333", "profile_use_background_image": true, "has_extended_profile": false, "default_profile": true, "default_profile_image": false, "following": false, "follow_request_sent": false, "notifications": false, "translator_type": "none"}, "geo": null, "coordinates": null, "place": null, "contributors": null, "is_quote_status": false, "retweet_count": 0, "favorite_count": 0, "favorited": false, "retweeted": false, "possibly_sensitive": false, "lang": "en"}