{"created_at": "Tue Oct 23 10:06:48 +0000 2018", "id": 1054675500306587648, "id_str": "1054675500306587648", "text": "@StumpforTrump @NBCNews @WSJ @realDonaldTrump Add 10% to a NBC poll", "truncated": false, "entities": {"hashtags": [], "symbols": [], "user_mentions": [{"screen_name": "StumpforTrump", "name": "Stump for Trump", "id": 890319316327047168, "id_str": "890319316327047168", "indices": [0, 14]}, {"screen_name": "NBCNews", "name": "NBC News", "id": 14173315, "id_str": "14173315", "indices": [15, 23]}, {"screen_name": "WSJ", "name": "The Wall Street Journal", "id": 3108351, "id_str": "3108351", "indices": [24, 28]}, {"screen_name": "realDonaldTrump", "name": "Donald J. Trump", "id": 25073877, "id_str": "25073877", "indices": [29, 45]}], "urls": []}, "source": "<a href=\"https://mobile.twitter.com\" rel=\"nofollow\">Twitter Web App</a>", "in_reply_to_status_id": 1054440693463220224, "in_reply_to_status_id_str": "1054440693463220224", "in_reply_to_user_id": 890319316327047168, "in_reply_to_user_id_str": "890319316327047168", "in_reply_to_screen_name": "StumpforTrump", "user": {"id": 1921705693, "id_str": "1921705693", "name": "Thomas Brown", "screen_name": "tjbrowndiver", "location": "Angeles City, Philippines", "description": "Valley of death survivor\nPatriotic Independent dive bum\nHappily Married living the EXPAT lifestyle in my wife's country", "url": null, "entities": {"description": {"urls": []}}, "protected": false, "followers_count": 4005, "friends_count": 4528, "listed_count": 3, "created_at": "Tue Oct 01 00:02:14 +0000 2013", "favourites_count": 188317, "utc_offset": null, "time_zone": null, "geo_enabled": false, "verified": false, "statuses_count": 64181, "lang": null, "contributors_enabled": false, "is_translator": false, "is_translation_enabled": false, "profile_background_color": "C0DEED", "profile_background_image_url": "http://abs.twimg.com/images/themes/theme1/bg.png", "profile_background_image_url_https": "https://abs.twimg.com/images/themes/theme1/bg.png", "profile_background_tile": false, "profile_image_url": "http://pbs.twimg.com/profile_images/378800000531461701/1c67d673c63bb4fa901b55e2d9e75cc0_normal.jpeg", "profile_image_url_https": "https://pbs.twimg.com/profile_images/378800000531461701/1c67d673c63bb4fa901b55e2d9e75cc0_normal.jpeg", "profile_banner_url": "https://pbs.twimg.com/profile_banners/1921705693/1455772560", "profile_link_color": "1DA1F2", "profile_sidebar_border_color": "C0DEED", "profile_sidebar_fill_color": "DDEEF6", "profile_text_color": "333333", "profile_use_background_image": true, "has_extended_profile": false, "default_profile": true, "default_profile_image": false, "following": false, "follow_request_sent": false, "notifications": false, "translator_type": "none"}, "geo": null, "coordinates": null, "place": null, "contributors": null, "is_quote_status": false, "retweet_count": 0, "favorite_count": 3, "favorited": false, "retweeted": false, "lang": "en"}