{"created_at": "Fri Oct 26 21:30:29 +0000 2018", "id": 1055934715088265217, "id_str": "1055934715088265217", "text": "The U.S. Department of Education has been receiving thousands more racial discrimination allegations in schools tha\u2026 https://t.co/CZcZM3lKZj", "truncated": true, "entities": {"hashtags": [], "symbols": [], "user_mentions": [], "urls": [{"url": "https://t.co/CZcZM3lKZj", "expanded_url": "https://twitter.com/i/web/status/1055934715088265217", "display_url": "twitter.com/i/web/status/1\u2026", "indices": [117, 140]}]}, "source": "<a href=\"https://www.hootsuite.com\" rel=\"nofollow\">Hootsuite Inc.</a>", "in_reply_to_status_id": null, "in_reply_to_status_id_str": null, "in_reply_to_user_id": null, "in_reply_to_user_id_str": null, "in_reply_to_screen_name": null, "user": {"id": 368444776, "id_str": "368444776", "name": "CSRD @ Arizona State", "screen_name": "CSRDatASU", "location": "Phoenix, AZ", "description": "The Center for the Study of Race & Democracy is a leading problem-solving venture committed to engaged scholarship & informed dialogue around race and democracy", "url": null, "entities": {"description": {"urls": []}}, "protected": false, "followers_count": 1389, "friends_count": 1497, "listed_count": 30, "created_at": "Mon Sep 05 17:07:08 +0000 2011", "favourites_count": 1487, "utc_offset": null, "time_zone": null, "geo_enabled": true, "verified": false, "statuses_count": 6480, "lang": null, "contributors_enabled": false, "is_translator": false, "is_translation_enabled": false, "profile_background_color": "131516", "profile_background_image_url": "http://abs.twimg.com/images/themes/theme14/bg.gif", "profile_background_image_url_https": "https://abs.twimg.com/images/themes/theme14/bg.gif", "profile_background_tile": false, "profile_image_url": "http://pbs.twimg.com/profile_images/922905542174969856/w44XhBV6_normal.jpg", "profile_image_url_https": "https://pbs.twimg.com/profile_images/922905542174969856/w44XhBV6_normal.jpg", "profile_banner_url": "https://pbs.twimg.com/profile_banners/368444776/1599257282", "profile_link_color": "91D2FA", "profile_sidebar_border_color": "EEEEEE", "profile_sidebar_fill_color": "EFEFEF", "profile_text_color": "333333", "profile_use_background_image": false, "has_extended_profile": false, "default_profile": false, "default_profile_image": false, "following": false, "follow_request_sent": false, "notifications": false, "translator_type": "none"}, "geo": null, "coordinates": null, "place": null, "contributors": null, "is_quote_status": false, "retweet_count": 2, "favorite_count": 2, "favorited": false, "retweeted": false, "possibly_sensitive": false, "lang": "en"}