{"created_at": "Wed Oct 24 16:09:16 +0000 2018", "id": 1055129105849565184, "id_str": "1055129105849565184", "text": "@jerrythornton1 4) Hold off on all the \"yeah but wait until Brady/Bill are gone\" snarky baseball snob comments.  Th\u2026 https://t.co/8voxeDje5v", "truncated": true, "entities": {"hashtags": [], "symbols": [], "user_mentions": [{"screen_name": "jerrythornton1", "name": "Jerry Thornton", "id": 133478732, "id_str": "133478732", "indices": [0, 15]}], "urls": [{"url": "https://t.co/8voxeDje5v", "expanded_url": "https://twitter.com/i/web/status/1055129105849565184", "display_url": "twitter.com/i/web/status/1\u2026", "indices": [117, 140]}]}, "source": "<a href=\"http://twitter.com\" rel=\"nofollow\">Twitter Web Client</a>", "in_reply_to_status_id": 1054770405158936576, "in_reply_to_status_id_str": "1054770405158936576", "in_reply_to_user_id": 133478732, "in_reply_to_user_id_str": "133478732", "in_reply_to_screen_name": "jerrythornton1", "user": {"id": 861756968, "id_str": "861756968", "name": "Doug Lee", "screen_name": "DougLee10", "location": "Connecticut, USA", "description": "", "url": null, "entities": {"description": {"urls": []}}, "protected": false, "followers_count": 18, "friends_count": 279, "listed_count": 0, "created_at": "Thu Oct 04 17:31:40 +0000 2012", "favourites_count": 4301, "utc_offset": null, "time_zone": null, "geo_enabled": false, "verified": false, "statuses_count": 835, "lang": null, "contributors_enabled": false, "is_translator": false, "is_translation_enabled": false, "profile_background_color": "C0DEED", "profile_background_image_url": "http://abs.twimg.com/images/themes/theme1/bg.png", "profile_background_image_url_https": "https://abs.twimg.com/images/themes/theme1/bg.png", "profile_background_tile": false, "profile_image_url": "http://pbs.twimg.com/profile_images/1109944069374005249/K2NbQScS_normal.jpg", "profile_image_url_https": "https://pbs.twimg.com/profile_images/1109944069374005249/K2NbQScS_normal.jpg", "profile_link_color": "1DA1F2", "profile_sidebar_border_color": "C0DEED", "profile_sidebar_fill_color": "DDEEF6", "profile_text_color": "333333", "profile_use_background_image": true, "has_extended_profile": false, "default_profile": true, "default_profile_image": false, "following": false, "follow_request_sent": false, "notifications": false, "translator_type": "none"}, "geo": null, "coordinates": null, "place": null, "contributors": null, "is_quote_status": false, "retweet_count": 0, "favorite_count": 0, "favorited": false, "retweeted": false, "lang": "en"}