{"created_at": "Wed Oct 24 18:27:33 +0000 2018", "id": 1055163902944821248, "id_str": "1055163902944821248", "text": "@ReignOfApril Has a press briefing been announced for today? I can\u2019t find anything on the White House website?", "truncated": false, "entities": {"hashtags": [], "symbols": [], "user_mentions": [{"screen_name": "ReignOfApril", "name": "April", "id": 119972954, "id_str": "119972954", "indices": [0, 13]}], "urls": []}, "source": "<a href=\"http://twitter.com/#!/download/ipad\" rel=\"nofollow\">Twitter for iPad</a>", "in_reply_to_status_id": 1055162375907786752, "in_reply_to_status_id_str": "1055162375907786752", "in_reply_to_user_id": 119972954, "in_reply_to_user_id_str": "119972954", "in_reply_to_screen_name": "ReignOfApril", "user": {"id": 25308093, "id_str": "25308093", "name": "RoGina Montgomery", "screen_name": "gennatay", "location": "Chicago, IL", "description": "Chicago  Photographer. Mom. Wife and some other titles that get me into shenanigans.", "url": "https://t.co/SzXuqiCoX9", "entities": {"url": {"urls": [{"url": "https://t.co/SzXuqiCoX9", "expanded_url": "https://www.roginamontgomery.com", "display_url": "roginamontgomery.com", "indices": [0, 23]}]}, "description": {"urls": []}}, "protected": false, "followers_count": 1808, "friends_count": 2211, "listed_count": 102, "created_at": "Thu Mar 19 14:45:00 +0000 2009", "favourites_count": 6644, "utc_offset": null, "time_zone": null, "geo_enabled": true, "verified": false, "statuses_count": 41413, "lang": null, "contributors_enabled": false, "is_translator": false, "is_translation_enabled": false, "profile_background_color": "000000", "profile_background_image_url": "http://abs.twimg.com/images/themes/theme15/bg.png", "profile_background_image_url_https": "https://abs.twimg.com/images/themes/theme15/bg.png", "profile_background_tile": false, "profile_image_url": "http://pbs.twimg.com/profile_images/1250564599155437568/mBhzxt9m_normal.jpg", "profile_image_url_https": "https://pbs.twimg.com/profile_images/1250564599155437568/mBhzxt9m_normal.jpg", "profile_banner_url": "https://pbs.twimg.com/profile_banners/25308093/1597970737", "profile_link_color": "1B95E0", "profile_sidebar_border_color": "000000", "profile_sidebar_fill_color": "000000", "profile_text_color": "000000", "profile_use_background_image": false, "has_extended_profile": true, "default_profile": false, "default_profile_image": false, "following": false, "follow_request_sent": false, "notifications": false, "translator_type": "none"}, "geo": null, "coordinates": null, "place": {"id": "1d9a5370a355ab0c", "url": "https://api.twitter.com/1.1/geo/id/1d9a5370a355ab0c.json", "place_type": "city", "name": "Chicago", "full_name": "Chicago, IL", "country_code": "US", "country": "United States", "contained_within": [], "bounding_box": {"type": "Polygon", "coordinates": [[[-87.940033, 41.644102], [-87.523993, 41.644102], [-87.523993, 42.0230669], [-87.940033, 42.0230669]]]}, "attributes": {}}, "contributors": null, "is_quote_status": false, "retweet_count": 0, "favorite_count": 0, "favorited": false, "retweeted": false, "lang": "en"}