{"created_at": "Mon Oct 29 17:30:22 +0000 2018", "id": 1056961452353949698, "id_str": "1056961452353949698", "text": "Proud To Serve Again - TROOPS TO TEACHERS! \"Stillman College has been awarded a grant from the Alabama State Depart\u2026 https://t.co/KKWror8PgB", "truncated": true, "entities": {"hashtags": [], "symbols": [], "user_mentions": [], "urls": [{"url": "https://t.co/KKWror8PgB", "expanded_url": "https://twitter.com/i/web/status/1056961452353949698", "display_url": "twitter.com/i/web/status/1\u2026", "indices": [117, 140]}]}, "source": "<a href=\"https://buffer.com\" rel=\"nofollow\">Buffer</a>", "in_reply_to_status_id": null, "in_reply_to_status_id_str": null, "in_reply_to_user_id": null, "in_reply_to_user_id_str": null, "in_reply_to_screen_name": null, "user": {"id": 224253810, "id_str": "224253810", "name": "Alabama State Department of Education", "screen_name": "AlabamaAchieves", "location": "Montgomery, Alabama", "description": "The Alabama State Department of Education is the state agency for K-12 education. #AlabamaAchieves", "url": "https://t.co/hindFFXNWw", "entities": {"url": {"urls": [{"url": "https://t.co/hindFFXNWw", "expanded_url": "http://www.alsde.edu", "display_url": "alsde.edu", "indices": [0, 23]}]}, "description": {"urls": []}}, "protected": false, "followers_count": 25694, "friends_count": 746, "listed_count": 322, "created_at": "Wed Dec 08 14:57:50 +0000 2010", "favourites_count": 9767, "utc_offset": null, "time_zone": null, "geo_enabled": true, "verified": false, "statuses_count": 27570, "lang": null, "contributors_enabled": false, "is_translator": false, "is_translation_enabled": false, "profile_background_color": "EDECE9", "profile_background_image_url": "http://abs.twimg.com/images/themes/theme3/bg.gif", "profile_background_image_url_https": "https://abs.twimg.com/images/themes/theme3/bg.gif", "profile_background_tile": false, "profile_image_url": "http://pbs.twimg.com/profile_images/1146494372407627776/Io7z1nqA_normal.png", "profile_image_url_https": "https://pbs.twimg.com/profile_images/1146494372407627776/Io7z1nqA_normal.png", "profile_banner_url": "https://pbs.twimg.com/profile_banners/224253810/1586185670", "profile_link_color": "1B95E0", "profile_sidebar_border_color": "FFFFFF", "profile_sidebar_fill_color": "E3E2DE", "profile_text_color": "634047", "profile_use_background_image": true, "has_extended_profile": false, "default_profile": false, "default_profile_image": false, "following": false, "follow_request_sent": false, "notifications": false, "translator_type": "none"}, "geo": null, "coordinates": null, "place": null, "contributors": null, "is_quote_status": false, "retweet_count": 6, "favorite_count": 7, "favorited": false, "retweeted": false, "possibly_sensitive": false, "lang": "en"}