{"created_at": "Sun Oct 28 19:34:11 +0000 2018", "id": 1056630223125413888, "id_str": "1056630223125413888", "text": "@lance_crowder Show them some John Joseph videos. When they see what a dumb dumb he is theyll certainly chill.", "truncated": false, "entities": {"hashtags": [], "symbols": [], "user_mentions": [{"screen_name": "lance_crowder", "name": "lance crowder", "id": 1132061821811216384, "id_str": "1132061821811216384", "indices": [0, 14]}], "urls": []}, "source": "<a href=\"http://twitter.com/download/android\" rel=\"nofollow\">Twitter for Android</a>", "in_reply_to_status_id": 1056609864699559936, "in_reply_to_status_id_str": "1056609864699559936", "in_reply_to_user_id": 335188615, "in_reply_to_user_id_str": "335188615", "in_reply_to_screen_name": "lancevfb", "user": {"id": 34845359, "id_str": "34845359", "name": "Kesha ft. Ke$ha", "screen_name": "MikeBrownYoxVx", "location": "Parts Unknown", "description": "Just an elf poser tweeting about wrestling, Autism, parenthood and @xwarriorbloodx #MountMarkmore", "url": null, "entities": {"description": {"urls": []}}, "protected": false, "followers_count": 758, "friends_count": 605, "listed_count": 9, "created_at": "Fri Apr 24 04:18:40 +0000 2009", "favourites_count": 14628, "utc_offset": null, "time_zone": null, "geo_enabled": true, "verified": false, "statuses_count": 10795, "lang": null, "contributors_enabled": false, "is_translator": false, "is_translation_enabled": false, "profile_background_color": "642D8B", "profile_background_image_url": "http://abs.twimg.com/images/themes/theme10/bg.gif", "profile_background_image_url_https": "https://abs.twimg.com/images/themes/theme10/bg.gif", "profile_background_tile": true, "profile_image_url": "http://pbs.twimg.com/profile_images/1238493372764966912/9z15fgT7_normal.jpg", "profile_image_url_https": "https://pbs.twimg.com/profile_images/1238493372764966912/9z15fgT7_normal.jpg", "profile_banner_url": "https://pbs.twimg.com/profile_banners/34845359/1504597640", "profile_link_color": "FF0000", "profile_sidebar_border_color": "65B0DA", "profile_sidebar_fill_color": "7AC3EE", "profile_text_color": "3D1957", "profile_use_background_image": true, "has_extended_profile": false, "default_profile": false, "default_profile_image": false, "following": false, "follow_request_sent": false, "notifications": false, "translator_type": "none"}, "geo": null, "coordinates": null, "place": null, "contributors": null, "is_quote_status": false, "retweet_count": 0, "favorite_count": 0, "favorited": false, "retweeted": false, "lang": "en"}