{"created_at": "Sun Oct 28 20:26:44 +0000 2018", "id": 1056643450848899073, "id_str": "1056643450848899073", "text": "@MollyJongFast @_political_p That\u2019s some value system she\u2019s got there. You\u2019d better tell the truth in the little bu\u2026 https://t.co/3YtkQemrAV", "truncated": true, "entities": {"hashtags": [], "symbols": [], "user_mentions": [{"screen_name": "MollyJongFast", "name": "Molly Jong-Fast\ud83c\udfe1", "id": 14298769, "id_str": "14298769", "indices": [0, 14]}, {"screen_name": "_political_p", "name": "TRUMPLICAN CLICKSERVATIVE", "id": 737815567860563968, "id_str": "737815567860563968", "indices": [15, 28]}], "urls": [{"url": "https://t.co/3YtkQemrAV", "expanded_url": "https://twitter.com/i/web/status/1056643450848899073", "display_url": "twitter.com/i/web/status/1\u2026", "indices": [117, 140]}]}, "source": "<a href=\"http://twitter.com/download/iphone\" rel=\"nofollow\">Twitter for iPhone</a>", "in_reply_to_status_id": 1056564511564537858, "in_reply_to_status_id_str": "1056564511564537858", "in_reply_to_user_id": 14298769, "in_reply_to_user_id_str": "14298769", "in_reply_to_screen_name": "MollyJongFast", "user": {"id": 25239465, "id_str": "25239465", "name": "Mediocre Tweets", "screen_name": "JurisprudenceNJ", "location": "", "description": "Shitty drummer. Tired dad. Leaves toilet seat up. Fan of the Red Sox, Seinfeld, Yacht Rock & other cheesy things. Wash Your Damn Hands & Wear a Mask. Biden 2020", "url": null, "entities": {"description": {"urls": []}}, "protected": false, "followers_count": 885, "friends_count": 726, "listed_count": 5, "created_at": "Thu Mar 19 04:42:38 +0000 2009", "favourites_count": 12132, "utc_offset": null, "time_zone": null, "geo_enabled": true, "verified": false, "statuses_count": 23267, "lang": null, "contributors_enabled": false, "is_translator": false, "is_translation_enabled": false, "profile_background_color": "C0DEED", "profile_background_image_url": "http://abs.twimg.com/images/themes/theme1/bg.png", "profile_background_image_url_https": "https://abs.twimg.com/images/themes/theme1/bg.png", "profile_background_tile": false, "profile_image_url": "http://pbs.twimg.com/profile_images/1083935431316652032/4hufyVWm_normal.jpg", "profile_image_url_https": "https://pbs.twimg.com/profile_images/1083935431316652032/4hufyVWm_normal.jpg", "profile_banner_url": "https://pbs.twimg.com/profile_banners/25239465/1597983267", "profile_link_color": "1DA1F2", "profile_sidebar_border_color": "C0DEED", "profile_sidebar_fill_color": "DDEEF6", "profile_text_color": "333333", "profile_use_background_image": true, "has_extended_profile": false, "default_profile": true, "default_profile_image": false, "following": false, "follow_request_sent": false, "notifications": false, "translator_type": "none"}, "geo": null, "coordinates": null, "place": null, "contributors": null, "is_quote_status": false, "retweet_count": 0, "favorite_count": 0, "favorited": false, "retweeted": false, "lang": "en"}