{"created_at": "Mon Oct 29 18:42:06 +0000 2018", "id": 1056979504307073028, "id_str": "1056979504307073028", "text": "You know it really bothers me when people tell me I\u2019m young and I need to live my life to the fullest so go have fu\u2026 https://t.co/S75zy7nhRp", "truncated": true, "entities": {"hashtags": [], "symbols": [], "user_mentions": [], "urls": [{"url": "https://t.co/S75zy7nhRp", "expanded_url": "https://twitter.com/i/web/status/1056979504307073028", "display_url": "twitter.com/i/web/status/1\u2026", "indices": [117, 140]}]}, "source": "<a href=\"http://twitter.com/download/iphone\" rel=\"nofollow\">Twitter for iPhone</a>", "in_reply_to_status_id": null, "in_reply_to_status_id_str": null, "in_reply_to_user_id": null, "in_reply_to_user_id_str": null, "in_reply_to_screen_name": null, "user": {"id": 625289966, "id_str": "625289966", "name": "Hunter Miller", "screen_name": "Hunter_Sharie", "location": "Iowa, USA", "description": "", "url": "https://t.co/S0v3qyNY8R", "entities": {"url": {"urls": [{"url": "https://t.co/S0v3qyNY8R", "expanded_url": "https://www.youtube.com/channel/UC9Us64CW1n9S1CJP9OjkiTQ", "display_url": "youtube.com/channel/UC9Us6\u2026", "indices": [0, 23]}]}, "description": {"urls": []}}, "protected": false, "followers_count": 905, "friends_count": 337, "listed_count": 1, "created_at": "Tue Jul 03 05:39:25 +0000 2012", "favourites_count": 20163, "utc_offset": null, "time_zone": null, "geo_enabled": true, "verified": false, "statuses_count": 17780, "lang": null, "contributors_enabled": false, "is_translator": false, "is_translation_enabled": false, "profile_background_color": "000000", "profile_background_image_url": "http://abs.twimg.com/images/themes/theme1/bg.png", "profile_background_image_url_https": "https://abs.twimg.com/images/themes/theme1/bg.png", "profile_background_tile": false, "profile_image_url": "http://pbs.twimg.com/profile_images/1297208068330205191/fm4_rPWS_normal.jpg", "profile_image_url_https": "https://pbs.twimg.com/profile_images/1297208068330205191/fm4_rPWS_normal.jpg", "profile_banner_url": "https://pbs.twimg.com/profile_banners/625289966/1598113498", "profile_link_color": "3B94D9", "profile_sidebar_border_color": "000000", "profile_sidebar_fill_color": "000000", "profile_text_color": "000000", "profile_use_background_image": false, "has_extended_profile": true, "default_profile": false, "default_profile_image": false, "following": false, "follow_request_sent": false, "notifications": false, "translator_type": "none"}, "geo": null, "coordinates": null, "place": null, "contributors": null, "is_quote_status": false, "retweet_count": 2, "favorite_count": 82, "favorited": false, "retweeted": false, "lang": "en"}