{"created_at": "Sat Oct 27 04:11:21 +0000 2018", "id": 1056035597842898944, "id_str": "1056035597842898944", "text": "El Paso principal honored by U.S. Department of Education https://t.co/tlWhySZo1J", "truncated": false, "entities": {"hashtags": [], "symbols": [], "user_mentions": [], "urls": [{"url": "https://t.co/tlWhySZo1J", "expanded_url": "https://www.ktsm.com/news/local/el-paso-news/el-paso-principal-honored-by-us-department-of-education/1552806532", "display_url": "ktsm.com/news/local/el-\u2026", "indices": [58, 81]}]}, "source": "<a href=\"http://twitter.com/download/iphone\" rel=\"nofollow\">Twitter for iPhone</a>", "in_reply_to_status_id": null, "in_reply_to_status_id_str": null, "in_reply_to_user_id": null, "in_reply_to_user_id_str": null, "in_reply_to_screen_name": null, "user": {"id": 3387828299, "id_str": "3387828299", "name": "Ms. J. Sandoval, M.Ed", "screen_name": "jsandovalPDN_ES", "location": "Texas, USA", "description": "Elementary Special Education Teacher, Team Lead at PDNorte_K-8. \u2764\ufe0f\ud83d\udc06 \u201cThe aim of education is to teach us how to think NOT what to think!\u201d", "url": "https://t.co/d1jlwcmLmk", "entities": {"url": {"urls": [{"url": "https://t.co/d1jlwcmLmk", "expanded_url": "http://sisd.net", "display_url": "sisd.net", "indices": [0, 23]}]}, "description": {"urls": []}}, "protected": false, "followers_count": 490, "friends_count": 1088, "listed_count": 1, "created_at": "Wed Jul 22 19:18:53 +0000 2015", "favourites_count": 5312, "utc_offset": null, "time_zone": null, "geo_enabled": true, "verified": false, "statuses_count": 844, "lang": null, "contributors_enabled": false, "is_translator": false, "is_translation_enabled": false, "profile_background_color": "C0DEED", "profile_background_image_url": "http://abs.twimg.com/images/themes/theme1/bg.png", "profile_background_image_url_https": "https://abs.twimg.com/images/themes/theme1/bg.png", "profile_background_tile": false, "profile_image_url": "http://pbs.twimg.com/profile_images/1192619234406342656/1DxMYf3m_normal.jpg", "profile_image_url_https": "https://pbs.twimg.com/profile_images/1192619234406342656/1DxMYf3m_normal.jpg", "profile_banner_url": "https://pbs.twimg.com/profile_banners/3387828299/1554524071", "profile_link_color": "1DA1F2", "profile_sidebar_border_color": "C0DEED", "profile_sidebar_fill_color": "DDEEF6", "profile_text_color": "333333", "profile_use_background_image": true, "has_extended_profile": true, "default_profile": true, "default_profile_image": false, "following": false, "follow_request_sent": false, "notifications": false, "translator_type": "none"}, "geo": null, "coordinates": null, "place": null, "contributors": null, "is_quote_status": false, "retweet_count": 0, "favorite_count": 3, "favorited": false, "retweeted": false, "possibly_sensitive": false, "lang": "en"}