{"created_at": "Thu Nov 01 11:14:27 +0000 2018", "id": 1057954012585230336, "id_str": "1057954012585230336", "text": "The Brady Bill Bunch?\nHollywood Squirrels? https://t.co/HUbuLO66Y0", "truncated": false, "entities": {"hashtags": [], "symbols": [], "user_mentions": [], "urls": [{"url": "https://t.co/HUbuLO66Y0", "expanded_url": "https://twitter.com/BreitbartNews/status/1057817725450575873", "display_url": "twitter.com/BreitbartNews/\u2026", "indices": [43, 66]}]}, "source": "<a href=\"http://twitter.com/download/iphone\" rel=\"nofollow\">Twitter for iPhone</a>", "in_reply_to_status_id": null, "in_reply_to_status_id_str": null, "in_reply_to_user_id": null, "in_reply_to_user_id_str": null, "in_reply_to_screen_name": null, "user": {"id": 3951353237, "id_str": "3951353237", "name": "No Harris Amdinistration (sp)", "screen_name": "waamutoo", "location": "Alexandria, VA- Heartland-born", "description": "(Misspelled due to Twitter Rules) Support the Party of Lincoln and the Party of Law and Order. In November #TheChoiceIsClear #JobsNotMobs #EveryLifeMatters", "url": null, "entities": {"description": {"urls": []}}, "protected": false, "followers_count": 2350, "friends_count": 4932, "listed_count": 40, "created_at": "Wed Oct 14 01:05:02 +0000 2015", "favourites_count": 54566, "utc_offset": null, "time_zone": null, "geo_enabled": true, "verified": false, "statuses_count": 84267, "lang": null, "contributors_enabled": false, "is_translator": false, "is_translation_enabled": false, "profile_background_color": "C0DEED", "profile_background_image_url": "http://abs.twimg.com/images/themes/theme1/bg.png", "profile_background_image_url_https": "https://abs.twimg.com/images/themes/theme1/bg.png", "profile_background_tile": false, "profile_image_url": "http://pbs.twimg.com/profile_images/1279405940933099522/y0ZEl1v6_normal.jpg", "profile_image_url_https": "https://pbs.twimg.com/profile_images/1279405940933099522/y0ZEl1v6_normal.jpg", "profile_banner_url": "https://pbs.twimg.com/profile_banners/3951353237/1578747839", "profile_link_color": "1DA1F2", "profile_sidebar_border_color": "C0DEED", "profile_sidebar_fill_color": "DDEEF6", "profile_text_color": "333333", "profile_use_background_image": true, "has_extended_profile": false, "default_profile": true, "default_profile_image": false, "following": false, "follow_request_sent": false, "notifications": false, "translator_type": "none"}, "geo": null, "coordinates": null, "place": null, "contributors": null, "is_quote_status": true, "quoted_status_id": 1057817725450575873, "quoted_status_id_str": "1057817725450575873", "quoted_status": {"created_at": "Thu Nov 01 02:12:53 +0000 2018", "id": 1057817725450575873, "id_str": "1057817725450575873", "text": "https://t.co/bUTkxnnyYU", "truncated": false, "entities": {"hashtags": [], "symbols": [], "user_mentions": [], "urls": [{"url": "https://t.co/bUTkxnnyYU", "expanded_url": "https://trib.al/7bKlOnT", "display_url": "trib.al/7bKlOnT", "indices": [0, 23]}]}, "source": "<a href=\"http://www.socialflow.com\" rel=\"nofollow\">SocialFlow</a>", "in_reply_to_status_id": null, "in_reply_to_status_id_str": null, "in_reply_to_user_id": null, "in_reply_to_user_id_str": null, "in_reply_to_screen_name": null, "user": {"id": 457984599, "id_str": "457984599", "name": "Breitbart News", "screen_name": "BreitbartNews", "location": "", "description": "News, commentary, and destruction of the political/media establishment.", "url": "http://t.co/2sVbt3n6lO", "entities": {"url": {"urls": [{"url": "http://t.co/2sVbt3n6lO", "expanded_url": "http://breitbart.com", "display_url": "breitbart.com", "indices": [0, 22]}]}, "description": {"urls": []}}, "protected": false, "followers_count": 1481143, "friends_count": 114, "listed_count": 9348, "created_at": "Sun Jan 08 01:50:52 +0000 2012", "favourites_count": 955, "utc_offset": null, "time_zone": null, "geo_enabled": false, "verified": true, "statuses_count": 133721, "lang": null, "contributors_enabled": false, "is_translator": false, "is_translation_enabled": false, "profile_background_color": "0C0D0D", "profile_background_image_url": "http://abs.twimg.com/images/themes/theme1/bg.png", "profile_background_image_url_https": "https://abs.twimg.com/images/themes/theme1/bg.png", "profile_background_tile": true, "profile_image_url": "http://pbs.twimg.com/profile_images/949270171755077632/dw3M-58z_normal.jpg", "profile_image_url_https": "https://pbs.twimg.com/profile_images/949270171755077632/dw3M-58z_normal.jpg", "profile_banner_url": "https://pbs.twimg.com/profile_banners/457984599/1359997459", "profile_link_color": "FF5402", "profile_sidebar_border_color": "FFFFFF", "profile_sidebar_fill_color": "DDEEF6", "profile_text_color": "333333", "profile_use_background_image": true, "has_extended_profile": false, "default_profile": false, "default_profile_image": false, "following": false, "follow_request_sent": false, "notifications": false, "translator_type": "none"}, "geo": null, "coordinates": null, "place": null, "contributors": null, "is_quote_status": false, "retweet_count": 118, "favorite_count": 188, "favorited": false, "retweeted": false, "possibly_sensitive": false, "lang": "und"}, "retweet_count": 0, "favorite_count": 0, "favorited": false, "retweeted": false, "possibly_sensitive": false, "lang": "en"}