{"created_at": "Wed Oct 31 15:04:28 +0000 2018", "id": 1057649512997703681, "id_str": "1057649512997703681", "text": "@Richzeoli This is John Stankey, CEO of @WarnerMediaGrp &amp; Jeff Zucker\u2019s boss @CNN. Every time a panel of talking he\u2026 https://t.co/qm8Dd3EphJ", "truncated": true, "entities": {"hashtags": [], "symbols": [], "user_mentions": [{"screen_name": "Richzeoli", "name": "Rich Zeoli", "id": 19034576, "id_str": "19034576", "indices": [0, 10]}, {"screen_name": "CNN", "name": "CNN", "id": 759251, "id_str": "759251", "indices": [81, 85]}], "urls": [{"url": "https://t.co/qm8Dd3EphJ", "expanded_url": "https://twitter.com/i/web/status/1057649512997703681", "display_url": "twitter.com/i/web/status/1\u2026", "indices": [121, 144]}]}, "source": "<a href=\"https://mobile.twitter.com\" rel=\"nofollow\">Twitter Web App</a>", "in_reply_to_status_id": null, "in_reply_to_status_id_str": null, "in_reply_to_user_id": 19034576, "in_reply_to_user_id_str": "19034576", "in_reply_to_screen_name": "Richzeoli", "user": {"id": 4765800872, "id_str": "4765800872", "name": "Steve \ud83c\uddfa\ud83c\uddf8", "screen_name": "Freedom2357", "location": "Jacksonville, FL", "description": "US Navy retired, C-9B, C-20G Loadmaster #MAGA", "url": null, "entities": {"description": {"urls": []}}, "protected": false, "followers_count": 412, "friends_count": 293, "listed_count": 1, "created_at": "Sat Jan 16 01:42:05 +0000 2016", "favourites_count": 17538, "utc_offset": null, "time_zone": null, "geo_enabled": false, "verified": false, "statuses_count": 8981, "lang": null, "contributors_enabled": false, "is_translator": false, "is_translation_enabled": false, "profile_background_color": "F5F8FA", "profile_background_image_url": null, "profile_background_image_url_https": null, "profile_background_tile": false, "profile_image_url": "http://pbs.twimg.com/profile_images/833325674668527616/1v7HVAdJ_normal.jpg", "profile_image_url_https": "https://pbs.twimg.com/profile_images/833325674668527616/1v7HVAdJ_normal.jpg", "profile_banner_url": "https://pbs.twimg.com/profile_banners/4765800872/1568129242", "profile_link_color": "1DA1F2", "profile_sidebar_border_color": "C0DEED", "profile_sidebar_fill_color": "DDEEF6", "profile_text_color": "333333", "profile_use_background_image": true, "has_extended_profile": false, "default_profile": true, "default_profile_image": false, "following": false, "follow_request_sent": false, "notifications": false, "translator_type": "none"}, "geo": null, "coordinates": null, "place": null, "contributors": null, "is_quote_status": false, "retweet_count": 0, "favorite_count": 1, "favorited": false, "retweeted": false, "possibly_sensitive": false, "lang": "en"}