{"created_at": "Sun Nov 04 04:22:44 +0000 2018", "id": 1058937565489713152, "id_str": "1058937565489713152", "text": "@RevDrBarber @foxandfriends TRUMP CARES FOR THE POOR: \nPresident Trump donated his second-quarter salary \u2013 totaling\u2026 https://t.co/88zOxXgwKl", "truncated": true, "entities": {"hashtags": [], "symbols": [], "user_mentions": [{"screen_name": "RevDrBarber", "name": "Rev. Dr. William J. Barber II", "id": 2400284491, "id_str": "2400284491", "indices": [0, 12]}, {"screen_name": "foxandfriends", "name": "FOX & friends", "id": 15513604, "id_str": "15513604", "indices": [13, 27]}], "urls": [{"url": "https://t.co/88zOxXgwKl", "expanded_url": "https://twitter.com/i/web/status/1058937565489713152", "display_url": "twitter.com/i/web/status/1\u2026", "indices": [117, 140]}]}, "source": "<a href=\"http://twitter.com/#!/download/ipad\" rel=\"nofollow\">Twitter for iPad</a>", "in_reply_to_status_id": 1058802734235836417, "in_reply_to_status_id_str": "1058802734235836417", "in_reply_to_user_id": 2400284491, "in_reply_to_user_id_str": "2400284491", "in_reply_to_screen_name": "RevDrBarber", "user": {"id": 1078347888, "id_str": "1078347888", "name": "omega", "screen_name": "donekaput", "location": "", "description": "Evil Democrats Succeed because Good People do NOTHING at all. #MAGA is Your LAST CHANCE to FIGHT BACK, YOUR LAST Opportunity to Save America from DemDestruction", "url": null, "entities": {"description": {"urls": []}}, "protected": false, "followers_count": 9311, "friends_count": 10215, "listed_count": 1, "created_at": "Fri Jan 11 03:08:25 +0000 2013", "favourites_count": 190585, "utc_offset": null, "time_zone": null, "geo_enabled": false, "verified": false, "statuses_count": 247938, "lang": null, "contributors_enabled": false, "is_translator": false, "is_translation_enabled": false, "profile_background_color": "000000", "profile_background_image_url": "http://abs.twimg.com/images/themes/theme1/bg.png", "profile_background_image_url_https": "https://abs.twimg.com/images/themes/theme1/bg.png", "profile_background_tile": false, "profile_image_url": "http://pbs.twimg.com/profile_images/1168168644481671168/ExecDI5l_normal.jpg", "profile_image_url_https": "https://pbs.twimg.com/profile_images/1168168644481671168/ExecDI5l_normal.jpg", "profile_banner_url": "https://pbs.twimg.com/profile_banners/1078347888/1567348046", "profile_link_color": "0084B4", "profile_sidebar_border_color": "000000", "profile_sidebar_fill_color": "000000", "profile_text_color": "000000", "profile_use_background_image": false, "has_extended_profile": false, "default_profile": false, "default_profile_image": false, "following": false, "follow_request_sent": false, "notifications": false, "translator_type": "none"}, "geo": null, "coordinates": null, "place": null, "contributors": null, "is_quote_status": false, "retweet_count": 0, "favorite_count": 0, "favorited": false, "retweeted": false, "possibly_sensitive": false, "lang": "en"}