{"created_at": "Thu Nov 01 18:13:34 +0000 2018", "id": 1058059486378610688, "id_str": "1058059486378610688", "text": "US Department of Education Secretary Devos Has Like Trump Lost Her Mind!\n\nAnytime Short of Criminal Proceedings a W\u2026 https://t.co/oilAYWvklO", "truncated": true, "entities": {"hashtags": [], "symbols": [], "user_mentions": [], "urls": [{"url": "https://t.co/oilAYWvklO", "expanded_url": "https://twitter.com/i/web/status/1058059486378610688", "display_url": "twitter.com/i/web/status/1\u2026", "indices": [117, 140]}]}, "source": "<a href=\"http://twitter.com/download/android\" rel=\"nofollow\">Twitter for Android</a>", "in_reply_to_status_id": 1058059484474429440, "in_reply_to_status_id_str": "1058059484474429440", "in_reply_to_user_id": 871516379068850176, "in_reply_to_user_id_str": "871516379068850176", "in_reply_to_screen_name": "BAllenPOTUS2020", "user": {"id": 871516379068850176, "id_str": "871516379068850176", "name": "Brian Allen GOP 46 POTUS Candidate", "screen_name": "BAllenPOTUS2020", "location": "LA & Yucaipa Calif - World", "description": "Born Buffalo NY - USA Needs Made In USA - We Are All American's GOP Democrat Independent LGBTQ - St John Paul II Mentor - We The People With Female VP In 2020.", "url": null, "entities": {"description": {"urls": []}}, "protected": false, "followers_count": 357, "friends_count": 2174, "listed_count": 1, "created_at": "Sun Jun 04 23:57:51 +0000 2017", "favourites_count": 180, "utc_offset": null, "time_zone": null, "geo_enabled": true, "verified": false, "statuses_count": 12859, "lang": null, "contributors_enabled": false, "is_translator": false, "is_translation_enabled": false, "profile_background_color": "F5F8FA", "profile_background_image_url": null, "profile_background_image_url_https": null, "profile_background_tile": false, "profile_image_url": "http://pbs.twimg.com/profile_images/907280368453091328/mj50dv-L_normal.jpg", "profile_image_url_https": "https://pbs.twimg.com/profile_images/907280368453091328/mj50dv-L_normal.jpg", "profile_banner_url": "https://pbs.twimg.com/profile_banners/871516379068850176/1496629661", "profile_link_color": "1DA1F2", "profile_sidebar_border_color": "C0DEED", "profile_sidebar_fill_color": "DDEEF6", "profile_text_color": "333333", "profile_use_background_image": true, "has_extended_profile": true, "default_profile": true, "default_profile_image": false, "following": false, "follow_request_sent": false, "notifications": false, "translator_type": "none"}, "geo": null, "coordinates": null, "place": {"id": "3b77caf94bfc81fe", "url": "https://api.twitter.com/1.1/geo/id/3b77caf94bfc81fe.json", "place_type": "city", "name": "Los Angeles", "full_name": "Los Angeles, CA", "country_code": "US", "country": "United States", "contained_within": [], "bounding_box": {"type": "Polygon", "coordinates": [[[-118.668404, 33.704538], [-118.155409, 33.704538], [-118.155409, 34.337041], [-118.668404, 34.337041]]]}, "attributes": {}}, "contributors": null, "is_quote_status": false, "retweet_count": 0, "favorite_count": 0, "favorited": false, "retweeted": false, "lang": "en"}