{"created_at": "Mon Nov 05 14:45:08 +0000 2018", "id": 1059456585632751617, "id_str": "1059456585632751617", "text": "Former PepsiCo and Pinnacle Foods executive Mark L. Schiller takes the top spot at Hain Celestial Group as presiden\u2026 https://t.co/cxpmUqmqEL", "truncated": true, "entities": {"hashtags": [], "symbols": [], "user_mentions": [], "urls": [{"url": "https://t.co/cxpmUqmqEL", "expanded_url": "https://twitter.com/i/web/status/1059456585632751617", "display_url": "twitter.com/i/web/status/1\u2026", "indices": [117, 140]}]}, "source": "<a href=\"http://www.hootsuite.com\" rel=\"nofollow\">Hootsuite</a>", "in_reply_to_status_id": null, "in_reply_to_status_id_str": null, "in_reply_to_user_id": null, "in_reply_to_user_id_str": null, "in_reply_to_screen_name": null, "user": {"id": 746067583963631616, "id_str": "746067583963631616", "name": "ProFood World", "screen_name": "ProFoodWorld", "location": "", "description": "", "url": null, "entities": {"description": {"urls": []}}, "protected": false, "followers_count": 535, "friends_count": 228, "listed_count": 19, "created_at": "Thu Jun 23 19:49:08 +0000 2016", "favourites_count": 270, "utc_offset": null, "time_zone": null, "geo_enabled": false, "verified": false, "statuses_count": 2965, "lang": null, "contributors_enabled": false, "is_translator": false, "is_translation_enabled": false, "profile_background_color": "F5F8FA", "profile_background_image_url": null, "profile_background_image_url_https": null, "profile_background_tile": false, "profile_image_url": "http://pbs.twimg.com/profile_images/1185277035163406336/HOTIXE7Z_normal.png", "profile_image_url_https": "https://pbs.twimg.com/profile_images/1185277035163406336/HOTIXE7Z_normal.png", "profile_banner_url": "https://pbs.twimg.com/profile_banners/746067583963631616/1468008202", "profile_link_color": "1DA1F2", "profile_sidebar_border_color": "C0DEED", "profile_sidebar_fill_color": "DDEEF6", "profile_text_color": "333333", "profile_use_background_image": true, "has_extended_profile": false, "default_profile": true, "default_profile_image": false, "following": false, "follow_request_sent": false, "notifications": false, "translator_type": "none"}, "geo": null, "coordinates": null, "place": null, "contributors": null, "is_quote_status": false, "retweet_count": 0, "favorite_count": 0, "favorited": false, "retweeted": false, "possibly_sensitive": false, "lang": "en"}