{"created_at": "Mon Nov 05 01:33:21 +0000 2018", "id": 1059257326824173569, "id_str": "1059257326824173569", "text": "@NBCNews @WSJ Another NBC poll!!", "truncated": false, "entities": {"hashtags": [], "symbols": [], "user_mentions": [{"screen_name": "NBCNews", "name": "NBC News", "id": 14173315, "id_str": "14173315", "indices": [0, 8]}, {"screen_name": "WSJ", "name": "The Wall Street Journal", "id": 3108351, "id_str": "3108351", "indices": [9, 13]}], "urls": []}, "source": "<a href=\"http://twitter.com/download/iphone\" rel=\"nofollow\">Twitter for iPhone</a>", "in_reply_to_status_id": 1059244918890213377, "in_reply_to_status_id_str": "1059244918890213377", "in_reply_to_user_id": 14173315, "in_reply_to_user_id_str": "14173315", "in_reply_to_screen_name": "NBCNews", "user": {"id": 3266644014, "id_str": "3266644014", "name": "Denise Brown", "screen_name": "Deniseb71901096", "location": "", "description": "former Twitter NiserDB", "url": null, "entities": {"description": {"urls": []}}, "protected": false, "followers_count": 76, "friends_count": 43, "listed_count": 0, "created_at": "Fri Jul 03 03:19:20 +0000 2015", "favourites_count": 4840, "utc_offset": null, "time_zone": null, "geo_enabled": false, "verified": false, "statuses_count": 3350, "lang": null, "contributors_enabled": false, "is_translator": false, "is_translation_enabled": false, "profile_background_color": "C0DEED", "profile_background_image_url": "http://abs.twimg.com/images/themes/theme1/bg.png", "profile_background_image_url_https": "https://abs.twimg.com/images/themes/theme1/bg.png", "profile_background_tile": false, "profile_image_url": "http://pbs.twimg.com/profile_images/801089198937632768/C42fdRZF_normal.jpg", "profile_image_url_https": "https://pbs.twimg.com/profile_images/801089198937632768/C42fdRZF_normal.jpg", "profile_link_color": "1DA1F2", "profile_sidebar_border_color": "C0DEED", "profile_sidebar_fill_color": "DDEEF6", "profile_text_color": "333333", "profile_use_background_image": true, "has_extended_profile": false, "default_profile": true, "default_profile_image": false, "following": false, "follow_request_sent": false, "notifications": false, "translator_type": "none"}, "geo": null, "coordinates": null, "place": null, "contributors": null, "is_quote_status": false, "retweet_count": 0, "favorite_count": 0, "favorited": false, "retweeted": false, "lang": "en"}