{"created_at": "Tue Nov 06 18:38:21 +0000 2018", "id": 1059877665438658560, "id_str": "1059877665438658560", "text": "Really - But no action. \n\nU.S. Secretary of Education Betsy DeVos met today with teachers from Educators for Excell\u2026 https://t.co/VWnAt3Migu", "truncated": true, "entities": {"hashtags": [], "symbols": [], "user_mentions": [], "urls": [{"url": "https://t.co/VWnAt3Migu", "expanded_url": "https://twitter.com/i/web/status/1059877665438658560", "display_url": "twitter.com/i/web/status/1\u2026", "indices": [117, 140]}]}, "source": "<a href=\"http://www.facebook.com/twitter\" rel=\"nofollow\">Facebook</a>", "in_reply_to_status_id": null, "in_reply_to_status_id_str": null, "in_reply_to_user_id": null, "in_reply_to_user_id_str": null, "in_reply_to_screen_name": null, "user": {"id": 196832041, "id_str": "196832041", "name": "Lee P. Barrios", "screen_name": "geauxteacher", "location": "Abita Springs, LA", "description": "Retired Teacher - M.Ed., NBCT", "url": "https://t.co/xdWOG6AeRh", "entities": {"url": {"urls": [{"url": "https://t.co/xdWOG6AeRh", "expanded_url": "http://www.geauxteacher.net", "display_url": "geauxteacher.net", "indices": [0, 23]}]}, "description": {"urls": []}}, "protected": false, "followers_count": 2049, "friends_count": 3842, "listed_count": 59, "created_at": "Thu Sep 30 00:45:39 +0000 2010", "favourites_count": 563, "utc_offset": null, "time_zone": null, "geo_enabled": true, "verified": false, "statuses_count": 17830, "lang": null, "contributors_enabled": false, "is_translator": false, "is_translation_enabled": false, "profile_background_color": "0099B9", "profile_background_image_url": "http://abs.twimg.com/images/themes/theme4/bg.gif", "profile_background_image_url_https": "https://abs.twimg.com/images/themes/theme4/bg.gif", "profile_background_tile": false, "profile_image_url": "http://pbs.twimg.com/profile_images/1160397234766303233/J9U1ATCb_normal.jpg", "profile_image_url_https": "https://pbs.twimg.com/profile_images/1160397234766303233/J9U1ATCb_normal.jpg", "profile_banner_url": "https://pbs.twimg.com/profile_banners/196832041/1588395795", "profile_link_color": "0099B9", "profile_sidebar_border_color": "5ED4DC", "profile_sidebar_fill_color": "95E8EC", "profile_text_color": "3C3940", "profile_use_background_image": true, "has_extended_profile": false, "default_profile": false, "default_profile_image": false, "following": false, "follow_request_sent": false, "notifications": false, "translator_type": "none"}, "geo": null, "coordinates": null, "place": null, "contributors": null, "is_quote_status": false, "retweet_count": 0, "favorite_count": 0, "favorited": false, "retweeted": false, "possibly_sensitive": false, "lang": "en"}