{"created_at": "Thu Nov 08 16:32:20 +0000 2018", "id": 1060570728024719360, "id_str": "1060570728024719360", "text": "@CNNPR @Acosta @PressSec @realDonaldTrump Sounds like @Acosta has been given a \"time out\" to reflect upon the fact\u2026 https://t.co/bKXHHcrmrs", "truncated": true, "entities": {"hashtags": [], "symbols": [], "user_mentions": [{"screen_name": "CNNPR", "name": "CNN Communications", "id": 71349174, "id_str": "71349174", "indices": [0, 6]}, {"screen_name": "Acosta", "name": "Jim Acosta", "id": 22771961, "id_str": "22771961", "indices": [7, 14]}, {"screen_name": "PressSec", "name": "Kayleigh McEnany", "id": 818927131883356161, "id_str": "818927131883356161", "indices": [15, 24]}, {"screen_name": "realDonaldTrump", "name": "Donald J. Trump", "id": 25073877, "id_str": "25073877", "indices": [25, 41]}, {"screen_name": "Acosta", "name": "Jim Acosta", "id": 22771961, "id_str": "22771961", "indices": [54, 61]}], "urls": [{"url": "https://t.co/bKXHHcrmrs", "expanded_url": "https://twitter.com/i/web/status/1060570728024719360", "display_url": "twitter.com/i/web/status/1\u2026", "indices": [116, 139]}]}, "source": "<a href=\"http://twitter.com\" rel=\"nofollow\">Twitter Web Client</a>", "in_reply_to_status_id": 1060350746703597568, "in_reply_to_status_id_str": "1060350746703597568", "in_reply_to_user_id": 71349174, "in_reply_to_user_id_str": "71349174", "in_reply_to_screen_name": "CNNPR", "user": {"id": 2284128715, "id_str": "2284128715", "name": "Michael Eckley", "screen_name": "Eckley_Michael", "location": "Lewisville, Texas", "description": "Fightin' Texas Aggie. Huslin' One. Husband, Father, Opa.  Opinionated. Open to reason.  Expect intellectual honesty from the media and other opinionated people.", "url": null, "entities": {"description": {"urls": []}}, "protected": false, "followers_count": 51, "friends_count": 37, "listed_count": 1, "created_at": "Thu Jan 09 21:12:07 +0000 2014", "favourites_count": 713, "utc_offset": null, "time_zone": null, "geo_enabled": false, "verified": false, "statuses_count": 4848, "lang": null, "contributors_enabled": false, "is_translator": false, "is_translation_enabled": false, "profile_background_color": "000000", "profile_background_image_url": "http://abs.twimg.com/images/themes/theme1/bg.png", "profile_background_image_url_https": "https://abs.twimg.com/images/themes/theme1/bg.png", "profile_background_tile": false, "profile_image_url": "http://pbs.twimg.com/profile_images/1094718327883067392/CRquCkk4_normal.jpg", "profile_image_url_https": "https://pbs.twimg.com/profile_images/1094718327883067392/CRquCkk4_normal.jpg", "profile_banner_url": "https://pbs.twimg.com/profile_banners/2284128715/1486747332", "profile_link_color": "1B95E0", "profile_sidebar_border_color": "000000", "profile_sidebar_fill_color": "000000", "profile_text_color": "000000", "profile_use_background_image": false, "has_extended_profile": false, "default_profile": false, "default_profile_image": false, "following": false, "follow_request_sent": false, "notifications": false, "translator_type": "none"}, "geo": null, "coordinates": null, "place": null, "contributors": null, "is_quote_status": false, "retweet_count": 0, "favorite_count": 3, "favorited": false, "retweeted": false, "lang": "en"}