{"created_at": "Thu Nov 08 00:29:06 +0000 2018", "id": 1060328320003379206, "id_str": "1060328320003379206", "text": "Ambassador Mauro Moruzzi, Head of International Relations for SERI, continued to speak about \u00ab\u00a0International Best P\u2026 https://t.co/JCNSS0EDL0", "truncated": true, "entities": {"hashtags": [], "symbols": [], "user_mentions": [], "urls": [{"url": "https://t.co/JCNSS0EDL0", "expanded_url": "https://twitter.com/i/web/status/1060328320003379206", "display_url": "twitter.com/i/web/status/1\u2026", "indices": [117, 140]}]}, "source": "<a href=\"http://twitter.com/download/iphone\" rel=\"nofollow\">Twitter for iPhone</a>", "in_reply_to_status_id": null, "in_reply_to_status_id_str": null, "in_reply_to_user_id": null, "in_reply_to_user_id_str": null, "in_reply_to_screen_name": null, "user": {"id": 2518492394, "id_str": "2518492394", "name": "Swiss Embassy", "screen_name": "SwissEmbassyUSA", "location": "Washington DC, USA", "description": "Welcome to the Twitter page of the Embassy of Switzerland in the United States of America with Ambassador Jacques Pitteloud @SwissAmbUSA #SwissTouch", "url": "https://t.co/P7fPmn4lxa", "entities": {"url": {"urls": [{"url": "https://t.co/P7fPmn4lxa", "expanded_url": "http://www.swissemb.org", "display_url": "swissemb.org", "indices": [0, 23]}]}, "description": {"urls": []}}, "protected": false, "followers_count": 7970, "friends_count": 560, "listed_count": 196, "created_at": "Fri May 23 19:18:24 +0000 2014", "favourites_count": 3250, "utc_offset": null, "time_zone": null, "geo_enabled": true, "verified": true, "statuses_count": 6213, "lang": null, "contributors_enabled": false, "is_translator": false, "is_translation_enabled": false, "profile_background_color": "C0DEED", "profile_background_image_url": "http://abs.twimg.com/images/themes/theme1/bg.png", "profile_background_image_url_https": "https://abs.twimg.com/images/themes/theme1/bg.png", "profile_background_tile": false, "profile_image_url": "http://pbs.twimg.com/profile_images/1067827205395353601/7yvd-g80_normal.jpg", "profile_image_url_https": "https://pbs.twimg.com/profile_images/1067827205395353601/7yvd-g80_normal.jpg", "profile_banner_url": "https://pbs.twimg.com/profile_banners/2518492394/1557503980", "profile_link_color": "D90D0D", "profile_sidebar_border_color": "C0DEED", "profile_sidebar_fill_color": "DDEEF6", "profile_text_color": "333333", "profile_use_background_image": true, "has_extended_profile": false, "default_profile": false, "default_profile_image": false, "following": false, "follow_request_sent": false, "notifications": false, "translator_type": "none"}, "geo": null, "coordinates": null, "place": null, "contributors": null, "is_quote_status": false, "retweet_count": 4, "favorite_count": 20, "favorited": false, "retweeted": false, "possibly_sensitive": false, "lang": "en"}