{"created_at": "Thu Nov 08 13:22:44 +0000 2018", "id": 1060523013500739584, "id_str": "1060523013500739584", "text": "White House Press Corps: Your mission is clear. Every briefing. Every press conference. Every opportunity you have\u2026 https://t.co/2pogEeYV4I", "truncated": true, "entities": {"hashtags": [], "symbols": [], "user_mentions": [], "urls": [{"url": "https://t.co/2pogEeYV4I", "expanded_url": "https://twitter.com/i/web/status/1060523013500739584", "display_url": "twitter.com/i/web/status/1\u2026", "indices": [116, 139]}]}, "source": "<a href=\"http://twitter.com\" rel=\"nofollow\">Twitter Web Client</a>", "in_reply_to_status_id": null, "in_reply_to_status_id_str": null, "in_reply_to_user_id": null, "in_reply_to_user_id_str": null, "in_reply_to_screen_name": null, "user": {"id": 13106142, "id_str": "13106142", "name": "N/A", "screen_name": "AlexDeGruven", "location": "Fenton, MI", "description": "General geekery, system administration and web stuff. 3D Printing enthusiast.", "url": null, "entities": {"description": {"urls": []}}, "protected": false, "followers_count": 492, "friends_count": 1037, "listed_count": 38, "created_at": "Tue Feb 05 19:11:00 +0000 2008", "favourites_count": 1005, "utc_offset": null, "time_zone": null, "geo_enabled": true, "verified": false, "statuses_count": 12111, "lang": null, "contributors_enabled": false, "is_translator": false, "is_translation_enabled": false, "profile_background_color": "C0DEED", "profile_background_image_url": "http://abs.twimg.com/images/themes/theme1/bg.png", "profile_background_image_url_https": "https://abs.twimg.com/images/themes/theme1/bg.png", "profile_background_tile": false, "profile_image_url": "http://pbs.twimg.com/profile_images/440114794/NewHead_normal.jpg", "profile_image_url_https": "https://pbs.twimg.com/profile_images/440114794/NewHead_normal.jpg", "profile_link_color": "1DA1F2", "profile_sidebar_border_color": "C0DEED", "profile_sidebar_fill_color": "DDEEF6", "profile_text_color": "333333", "profile_use_background_image": true, "has_extended_profile": false, "default_profile": true, "default_profile_image": false, "following": false, "follow_request_sent": false, "notifications": false, "translator_type": "none"}, "geo": null, "coordinates": null, "place": null, "contributors": null, "is_quote_status": false, "retweet_count": 0, "favorite_count": 1, "favorited": false, "retweeted": false, "lang": "en"}