{"created_at": "Fri Nov 09 15:03:06 +0000 2018", "id": 1060910658269704192, "id_str": "1060910658269704192", "text": "A video of Jim Acosta at a White House press briefing has @cwarzel contemplating the end of our ability to trust wh\u2026 https://t.co/Ozk6sY8F7y", "truncated": true, "entities": {"hashtags": [], "symbols": [], "user_mentions": [{"screen_name": "cwarzel", "name": "Charlie Warzel", "id": 20178419, "id_str": "20178419", "indices": [58, 66]}], "urls": [{"url": "https://t.co/Ozk6sY8F7y", "expanded_url": "https://twitter.com/i/web/status/1060910658269704192", "display_url": "twitter.com/i/web/status/1\u2026", "indices": [117, 140]}]}, "source": "<a href=\"https://about.twitter.com/products/tweetdeck\" rel=\"nofollow\">TweetDeck</a>", "in_reply_to_status_id": null, "in_reply_to_status_id_str": null, "in_reply_to_user_id": null, "in_reply_to_user_id_str": null, "in_reply_to_screen_name": null, "user": {"id": 897565399771992064, "id_str": "897565399771992064", "name": "AM2DM by BuzzFeed News", "screen_name": "AM2DM", "location": "", "description": "Trending news and interviews of the day from the worlds of entertainment, politics and culture, brought to you by @BuzzFeedNews \u23f0", "url": "https://t.co/yrO10hovkM", "entities": {"url": {"urls": [{"url": "https://t.co/yrO10hovkM", "expanded_url": "https://tinyurl.com/yy852bwa", "display_url": "tinyurl.com/yy852bwa", "indices": [0, 23]}]}, "description": {"urls": []}}, "protected": false, "followers_count": 27212, "friends_count": 2286, "listed_count": 303, "created_at": "Tue Aug 15 21:07:22 +0000 2017", "favourites_count": 2426, "utc_offset": null, "time_zone": null, "geo_enabled": true, "verified": true, "statuses_count": 27459, "lang": null, "contributors_enabled": false, "is_translator": false, "is_translation_enabled": false, "profile_background_color": "000000", "profile_background_image_url": "http://abs.twimg.com/images/themes/theme1/bg.png", "profile_background_image_url_https": "https://abs.twimg.com/images/themes/theme1/bg.png", "profile_background_tile": false, "profile_image_url": "http://pbs.twimg.com/profile_images/1083195777378369541/T3H_0e8r_normal.jpg", "profile_image_url_https": "https://pbs.twimg.com/profile_images/1083195777378369541/T3H_0e8r_normal.jpg", "profile_banner_url": "https://pbs.twimg.com/profile_banners/897565399771992064/1547088991", "profile_link_color": "EE3322", "profile_sidebar_border_color": "000000", "profile_sidebar_fill_color": "000000", "profile_text_color": "000000", "profile_use_background_image": false, "has_extended_profile": false, "default_profile": false, "default_profile_image": false, "following": false, "follow_request_sent": false, "notifications": false, "translator_type": "none"}, "geo": null, "coordinates": null, "place": null, "contributors": null, "is_quote_status": false, "retweet_count": 0, "favorite_count": 0, "favorited": false, "retweeted": false, "possibly_sensitive": false, "lang": "en"}