{"created_at": "Thu Nov 08 16:04:41 +0000 2018", "id": 1060563767505895424, "id_str": "1060563767505895424", "text": "I'm going to predict that the White House will send out a substitute for Sarah 'Suckingonabee' Sanders at the next Press Briefing.", "truncated": false, "entities": {"hashtags": [], "symbols": [], "user_mentions": [], "urls": []}, "source": "<a href=\"http://twitter.com/download/android\" rel=\"nofollow\">Twitter for Android</a>", "in_reply_to_status_id": null, "in_reply_to_status_id_str": null, "in_reply_to_user_id": null, "in_reply_to_user_id_str": null, "in_reply_to_screen_name": null, "user": {"id": 1029355605650288640, "id_str": "1029355605650288640", "name": "TheWorld\ud83c\udf0dVersusTrump", "screen_name": "JaneFox91", "location": "Middle of England", "description": "Mom. RN #NHS The only higher power I believe in is the power of nature. British #resister who knows, for the sake of humanity, Trump needs to go \ud83c\uddec\ud83c\udde7 \ud83e\udd1d \ud83c\uddfa\ud83c\uddf8", "url": null, "entities": {"description": {"urls": []}}, "protected": false, "followers_count": 2107, "friends_count": 2243, "listed_count": 2, "created_at": "Tue Aug 14 13:14:35 +0000 2018", "favourites_count": 19713, "utc_offset": null, "time_zone": null, "geo_enabled": false, "verified": false, "statuses_count": 13065, "lang": null, "contributors_enabled": false, "is_translator": false, "is_translation_enabled": false, "profile_background_color": "F5F8FA", "profile_background_image_url": null, "profile_background_image_url_https": null, "profile_background_tile": false, "profile_image_url": "http://pbs.twimg.com/profile_images/1272426290616905729/LfpC3SM-_normal.jpg", "profile_image_url_https": "https://pbs.twimg.com/profile_images/1272426290616905729/LfpC3SM-_normal.jpg", "profile_banner_url": "https://pbs.twimg.com/profile_banners/1029355605650288640/1566221091", "profile_link_color": "1DA1F2", "profile_sidebar_border_color": "C0DEED", "profile_sidebar_fill_color": "DDEEF6", "profile_text_color": "333333", "profile_use_background_image": true, "has_extended_profile": false, "default_profile": true, "default_profile_image": false, "following": false, "follow_request_sent": false, "notifications": false, "translator_type": "none"}, "geo": null, "coordinates": null, "place": null, "contributors": null, "is_quote_status": false, "retweet_count": 0, "favorite_count": 0, "favorited": false, "retweeted": false, "lang": "en"}