{"created_at": "Thu Nov 08 13:57:47 +0000 2018", "id": 1060531834960969729, "id_str": "1060531834960969729", "text": "@PressSec 1) Took @PressSec video of briefing\n2) Tinted red &amp; made transparent over CSPAN video\n3) Red motion is wh\u2026 https://t.co/OCyMG1ja4P", "truncated": true, "entities": {"hashtags": [], "symbols": [], "user_mentions": [{"screen_name": "PressSec", "name": "Kayleigh McEnany", "id": 818927131883356161, "id_str": "818927131883356161", "indices": [0, 9]}, {"screen_name": "PressSec", "name": "Kayleigh McEnany", "id": 818927131883356161, "id_str": "818927131883356161", "indices": [18, 27]}], "urls": [{"url": "https://t.co/OCyMG1ja4P", "expanded_url": "https://twitter.com/i/web/status/1060531834960969729", "display_url": "twitter.com/i/web/status/1\u2026", "indices": [121, 144]}]}, "source": "<a href=\"http://twitter.com/download/android\" rel=\"nofollow\">Twitter for Android</a>", "in_reply_to_status_id": 1060374680991883265, "in_reply_to_status_id_str": "1060374680991883265", "in_reply_to_user_id": 818927131883356161, "in_reply_to_user_id_str": "818927131883356161", "in_reply_to_screen_name": "PressSec", "user": {"id": 850063615, "id_str": "850063615", "name": "\u269b Ben Schaefer \u269b", "screen_name": "BenSchaefer5", "location": "Illinois, USA", "description": "Scientific Communicator. Researcher. New Dad. I defend and stand up for science to build a better world for my girls. Opinions my own.", "url": null, "entities": {"description": {"urls": []}}, "protected": false, "followers_count": 1316, "friends_count": 1288, "listed_count": 112, "created_at": "Thu Sep 27 22:27:51 +0000 2012", "favourites_count": 52750, "utc_offset": null, "time_zone": null, "geo_enabled": true, "verified": false, "statuses_count": 21937, "lang": null, "contributors_enabled": false, "is_translator": false, "is_translation_enabled": false, "profile_background_color": "1A1B1F", "profile_background_image_url": "http://abs.twimg.com/images/themes/theme9/bg.gif", "profile_background_image_url_https": "https://abs.twimg.com/images/themes/theme9/bg.gif", "profile_background_tile": false, "profile_image_url": "http://pbs.twimg.com/profile_images/1201975827052859392/HMw1fhc-_normal.jpg", "profile_image_url_https": "https://pbs.twimg.com/profile_images/1201975827052859392/HMw1fhc-_normal.jpg", "profile_banner_url": "https://pbs.twimg.com/profile_banners/850063615/1596566324", "profile_link_color": "2FC2EF", "profile_sidebar_border_color": "181A1E", "profile_sidebar_fill_color": "252429", "profile_text_color": "666666", "profile_use_background_image": true, "has_extended_profile": false, "default_profile": false, "default_profile_image": false, "following": false, "follow_request_sent": false, "notifications": false, "translator_type": "none"}, "geo": null, "coordinates": null, "place": null, "contributors": null, "is_quote_status": false, "retweet_count": 0, "favorite_count": 0, "favorited": false, "retweeted": false, "possibly_sensitive": false, "lang": "en"}