{"created_at": "Fri Nov 09 01:19:27 +0000 2018", "id": 1060703380018991104, "id_str": "1060703380018991104", "text": "\"A briefing is not the same as a cable news wrestling match, where sides shout at each other.\n\n\"Acosta should have\u2026 https://t.co/4rrpe3jB1F", "truncated": true, "entities": {"hashtags": [], "symbols": [], "user_mentions": [], "urls": [{"url": "https://t.co/4rrpe3jB1F", "expanded_url": "https://twitter.com/i/web/status/1060703380018991104", "display_url": "twitter.com/i/web/status/1\u2026", "indices": [116, 139]}]}, "source": "<a href=\"http://twitter.com\" rel=\"nofollow\">Twitter Web Client</a>", "in_reply_to_status_id": null, "in_reply_to_status_id_str": null, "in_reply_to_user_id": null, "in_reply_to_user_id_str": null, "in_reply_to_screen_name": null, "user": {"id": 19079225, "id_str": "19079225", "name": "Francis Rose", "screen_name": "FRoseDC", "location": "Washington DC", "description": "Host of @GovMattersTV @ABC7News & WJLA 24/7 News", "url": "https://t.co/SemeylWGiM", "entities": {"url": {"urls": [{"url": "https://t.co/SemeylWGiM", "expanded_url": "http://www.GovMatters.tv", "display_url": "GovMatters.tv", "indices": [0, 23]}]}, "description": {"urls": []}}, "protected": false, "followers_count": 3962, "friends_count": 1344, "listed_count": 143, "created_at": "Fri Jan 16 18:38:54 +0000 2009", "favourites_count": 4082, "utc_offset": null, "time_zone": null, "geo_enabled": true, "verified": true, "statuses_count": 13933, "lang": null, "contributors_enabled": false, "is_translator": false, "is_translation_enabled": false, "profile_background_color": "006CB9", "profile_background_image_url": "http://abs.twimg.com/images/themes/theme4/bg.gif", "profile_background_image_url_https": "https://abs.twimg.com/images/themes/theme4/bg.gif", "profile_background_tile": false, "profile_image_url": "http://pbs.twimg.com/profile_images/1096278280246718464/ERB8mEtm_normal.png", "profile_image_url_https": "https://pbs.twimg.com/profile_images/1096278280246718464/ERB8mEtm_normal.png", "profile_banner_url": "https://pbs.twimg.com/profile_banners/19079225/1493777681", "profile_link_color": "0099B9", "profile_sidebar_border_color": "5ED4DC", "profile_sidebar_fill_color": "95E8EC", "profile_text_color": "3C3940", "profile_use_background_image": false, "has_extended_profile": true, "default_profile": false, "default_profile_image": false, "following": false, "follow_request_sent": false, "notifications": false, "translator_type": "none"}, "geo": null, "coordinates": null, "place": null, "contributors": null, "is_quote_status": true, "quoted_status_id": 1060630539063963648, "quoted_status_id_str": "1060630539063963648", "quoted_status": {"created_at": "Thu Nov 08 20:30:00 +0000 2018", "id": 1060630539063963648, "id_str": "1060630539063963648", "text": "Ask tough questions, avoid making statements or arguing during a press event and report the news, don\u2019t become the\u2026 https://t.co/Vx1xa1zJgp", "truncated": true, "entities": {"hashtags": [], "symbols": [], "user_mentions": [], "urls": [{"url": "https://t.co/Vx1xa1zJgp", "expanded_url": "https://twitter.com/i/web/status/1060630539063963648", "display_url": "twitter.com/i/web/status/1\u2026", "indices": [116, 139]}]}, "source": "<a href=\"https://about.twitter.com/products/tweetdeck\" rel=\"nofollow\">TweetDeck</a>", "in_reply_to_status_id": null, "in_reply_to_status_id_str": null, "in_reply_to_user_id": null, "in_reply_to_user_id_str": null, "in_reply_to_screen_name": null, "user": {"id": 8383592, "id_str": "8383592", "name": "Poynter", "screen_name": "Poynter", "location": "St Petersburg, FL", "description": "School for journalism and democracy, with tweets by @itsren, @kristenhare and @TomWJones. Contact: info@poynter.org / 727-821-9494", "url": "http://t.co/ZVJldQCsSX", "entities": {"url": {"urls": [{"url": "http://t.co/ZVJldQCsSX", "expanded_url": "http://www.poynter.org", "display_url": "poynter.org", "indices": [0, 22]}]}, "description": {"urls": []}}, "protected": false, "followers_count": 214526, "friends_count": 2025, "listed_count": 9022, "created_at": "Thu Aug 23 14:34:08 +0000 2007", "favourites_count": 7921, "utc_offset": null, "time_zone": null, "geo_enabled": false, "verified": true, "statuses_count": 73015, "lang": null, "contributors_enabled": false, "is_translator": false, "is_translation_enabled": false, "profile_background_color": "DFEDEC", "profile_background_image_url": "http://abs.twimg.com/images/themes/theme1/bg.png", "profile_background_image_url_https": "https://abs.twimg.com/images/themes/theme1/bg.png", "profile_background_tile": false, "profile_image_url": "http://pbs.twimg.com/profile_images/772452060109373440/kRE2DV1b_normal.jpg", "profile_image_url_https": "https://pbs.twimg.com/profile_images/772452060109373440/kRE2DV1b_normal.jpg", "profile_banner_url": "https://pbs.twimg.com/profile_banners/8383592/1423596015", "profile_link_color": "006C67", "profile_sidebar_border_color": "FAF8F5", "profile_sidebar_fill_color": "DFEDEC", "profile_text_color": "000000", "profile_use_background_image": false, "has_extended_profile": false, "default_profile": false, "default_profile_image": false, "following": false, "follow_request_sent": false, "notifications": false, "translator_type": "none"}, "geo": null, "coordinates": null, "place": null, "contributors": null, "is_quote_status": false, "retweet_count": 74, "favorite_count": 113, "favorited": false, "retweeted": false, "possibly_sensitive": false, "lang": "en"}, "retweet_count": 0, "favorite_count": 1, "favorited": false, "retweeted": false, "possibly_sensitive": false, "lang": "en"}