{"created_at": "Thu Nov 08 22:11:45 +0000 2018", "id": 1060656144757096449, "id_str": "1060656144757096449", "text": "@MiikeTobinFox Tell your old \u201cpal\u201d next time just knock her on her ass. After all he owns the White House briefing\u2026 https://t.co/blNs7zMYFw", "truncated": true, "entities": {"hashtags": [], "symbols": [], "user_mentions": [], "urls": [{"url": "https://t.co/blNs7zMYFw", "expanded_url": "https://twitter.com/i/web/status/1060656144757096449", "display_url": "twitter.com/i/web/status/1\u2026", "indices": [116, 139]}]}, "source": "<a href=\"http://twitter.com/#!/download/ipad\" rel=\"nofollow\">Twitter for iPad</a>", "in_reply_to_status_id": null, "in_reply_to_status_id_str": null, "in_reply_to_user_id": null, "in_reply_to_user_id_str": null, "in_reply_to_screen_name": null, "user": {"id": 108230149, "id_str": "108230149", "name": "Gary Gilmore", "screen_name": "gilmoregarya", "location": "Las Vegas", "description": "Mathematician, Nuclear Chemist Liberty and limited government. Strong 1st and 2nd amendment advocate, Live long Republican, Never vote Democrat.", "url": null, "entities": {"description": {"urls": []}}, "protected": false, "followers_count": 45, "friends_count": 163, "listed_count": 0, "created_at": "Mon Jan 25 07:57:07 +0000 2010", "favourites_count": 3017, "utc_offset": null, "time_zone": null, "geo_enabled": true, "verified": false, "statuses_count": 1897, "lang": null, "contributors_enabled": false, "is_translator": false, "is_translation_enabled": false, "profile_background_color": "C0DEED", "profile_background_image_url": "http://abs.twimg.com/images/themes/theme1/bg.png", "profile_background_image_url_https": "https://abs.twimg.com/images/themes/theme1/bg.png", "profile_background_tile": false, "profile_image_url": "http://pbs.twimg.com/profile_images/509763928138600448/rQMXXv2a_normal.jpeg", "profile_image_url_https": "https://pbs.twimg.com/profile_images/509763928138600448/rQMXXv2a_normal.jpeg", "profile_link_color": "1DA1F2", "profile_sidebar_border_color": "C0DEED", "profile_sidebar_fill_color": "DDEEF6", "profile_text_color": "333333", "profile_use_background_image": true, "has_extended_profile": false, "default_profile": true, "default_profile_image": false, "following": false, "follow_request_sent": false, "notifications": false, "translator_type": "none"}, "geo": null, "coordinates": null, "place": null, "contributors": null, "is_quote_status": true, "quoted_status_id": 1060289377392308225, "quoted_status_id_str": "1060289377392308225", "quoted_status": {"created_at": "Wed Nov 07 21:54:21 +0000 2018", "id": 1060289377392308225, "id_str": "1060289377392308225", "text": "I back @Acosta He\u2019s an old pal,  and reporters should always stand up to power. Assault argument doesn\u2019t hold. She\u2026 https://t.co/2S6LCAyjSq", "truncated": true, "entities": {"hashtags": [], "symbols": [], "user_mentions": [{"screen_name": "Acosta", "name": "Jim Acosta", "id": 22771961, "id_str": "22771961", "indices": [7, 14]}], "urls": [{"url": "https://t.co/2S6LCAyjSq", "expanded_url": "https://twitter.com/i/web/status/1060289377392308225", "display_url": "twitter.com/i/web/status/1\u2026", "indices": [116, 139]}]}, "source": "<a href=\"http://twitter.com/download/iphone\" rel=\"nofollow\">Twitter for iPhone</a>", "in_reply_to_status_id": null, "in_reply_to_status_id_str": null, "in_reply_to_user_id": null, "in_reply_to_user_id_str": null, "in_reply_to_screen_name": null, "user": {"id": 27234253, "id_str": "27234253", "name": "Mike Tobin", "screen_name": "MikeTobinFox", "location": "", "description": "Fox News International Correspondent. Covered Wars in Pakistan, Afghanistan, Lebanon, Iraq, Israel and the Palestinian territories.", "url": null, "entities": {"description": {"urls": []}}, "protected": false, "followers_count": 25636, "friends_count": 890, "listed_count": 417, "created_at": "Sat Mar 28 14:15:19 +0000 2009", "favourites_count": 2137, "utc_offset": null, "time_zone": null, "geo_enabled": true, "verified": true, "statuses_count": 7823, "lang": null, "contributors_enabled": false, "is_translator": false, "is_translation_enabled": false, "profile_background_color": "C0DEED", "profile_background_image_url": "http://abs.twimg.com/images/themes/theme1/bg.png", "profile_background_image_url_https": "https://abs.twimg.com/images/themes/theme1/bg.png", "profile_background_tile": false, "profile_image_url": "http://pbs.twimg.com/profile_images/113582772/mike_in_Gaza_smaller_normal.jpg", "profile_image_url_https": "https://pbs.twimg.com/profile_images/113582772/mike_in_Gaza_smaller_normal.jpg", "profile_banner_url": "https://pbs.twimg.com/profile_banners/27234253/1455404441", "profile_link_color": "1DA1F2", "profile_sidebar_border_color": "C0DEED", "profile_sidebar_fill_color": "DDEEF6", "profile_text_color": "333333", "profile_use_background_image": true, "has_extended_profile": false, "default_profile": true, "default_profile_image": false, "following": false, "follow_request_sent": false, "notifications": false, "translator_type": "none"}, "geo": null, "coordinates": null, "place": null, "contributors": null, "is_quote_status": false, "retweet_count": 2683, "favorite_count": 17139, "favorited": false, "retweeted": false, "lang": "en"}, "retweet_count": 0, "favorite_count": 1, "favorited": false, "retweeted": false, "possibly_sensitive": false, "lang": "en"}