{"created_at": "Thu Nov 08 16:05:49 +0000 2018", "id": 1060564052596781056, "id_str": "1060564052596781056", "text": "Trump Accuses Black Reporter of Asking 'Racist Question' During White House Press Briefing\n&amp;nbsp; - news -\u2026 https://t.co/fHFPXCLqaU", "truncated": true, "entities": {"hashtags": [], "symbols": [], "user_mentions": [], "urls": [{"url": "https://t.co/fHFPXCLqaU", "expanded_url": "https://twitter.com/i/web/status/1060564052596781056", "display_url": "twitter.com/i/web/status/1\u2026", "indices": [112, 135]}]}, "source": "<a href=\"http://twitter.com\" rel=\"nofollow\">Twitter Web Client</a>", "in_reply_to_status_id": null, "in_reply_to_status_id_str": null, "in_reply_to_user_id": null, "in_reply_to_user_id_str": null, "in_reply_to_screen_name": null, "user": {"id": 1042435416257835008, "id_str": "1042435416257835008", "name": "Alex Sandoval", "screen_name": "Alex777Sandoval", "location": "", "description": "", "url": null, "entities": {"description": {"urls": []}}, "protected": false, "followers_count": 8, "friends_count": 6, "listed_count": 0, "created_at": "Wed Sep 19 15:29:05 +0000 2018", "favourites_count": 0, "utc_offset": null, "time_zone": null, "geo_enabled": false, "verified": false, "statuses_count": 4922, "lang": null, "contributors_enabled": false, "is_translator": false, "is_translation_enabled": false, "profile_background_color": "F5F8FA", "profile_background_image_url": null, "profile_background_image_url_https": null, "profile_background_tile": false, "profile_image_url": "http://pbs.twimg.com/profile_images/1042436223078326272/OUOkLiCF_normal.jpg", "profile_image_url_https": "https://pbs.twimg.com/profile_images/1042436223078326272/OUOkLiCF_normal.jpg", "profile_link_color": "1DA1F2", "profile_sidebar_border_color": "C0DEED", "profile_sidebar_fill_color": "DDEEF6", "profile_text_color": "333333", "profile_use_background_image": true, "has_extended_profile": false, "default_profile": true, "default_profile_image": false, "following": false, "follow_request_sent": false, "notifications": false, "translator_type": "none"}, "geo": null, "coordinates": null, "place": null, "contributors": null, "is_quote_status": false, "retweet_count": 0, "favorite_count": 0, "favorited": false, "retweeted": false, "possibly_sensitive": false, "lang": "en"}