{"created_at": "Fri Nov 09 12:24:51 +0000 2018", "id": 1060870833931980800, "id_str": "1060870833931980800", "text": "I've seen multiple videos that either do or don't show who touched who. My problem with what transpired goes well b\u2026 https://t.co/8zW25k2Dib", "truncated": true, "entities": {"hashtags": [], "symbols": [], "user_mentions": [], "urls": [{"url": "https://t.co/8zW25k2Dib", "expanded_url": "https://twitter.com/i/web/status/1060870833931980800", "display_url": "twitter.com/i/web/status/1\u2026", "indices": [117, 140]}]}, "source": "<a href=\"http://twitter.com\" rel=\"nofollow\">Twitter Web Client</a>", "in_reply_to_status_id": null, "in_reply_to_status_id_str": null, "in_reply_to_user_id": null, "in_reply_to_user_id_str": null, "in_reply_to_screen_name": null, "user": {"id": 790945526745337856, "id_str": "790945526745337856", "name": "Karol Grant", "screen_name": "Northerndrums", "location": "Niagara, Ontario", "description": "Denial is not a river in Egypt. Love my Briards. Love my rescues. Say what I think,however I choose. Most often politically incorrect.Beholding to no one.", "url": null, "entities": {"description": {"urls": []}}, "protected": false, "followers_count": 1169, "friends_count": 1219, "listed_count": 8, "created_at": "Tue Oct 25 15:58:03 +0000 2016", "favourites_count": 25271, "utc_offset": null, "time_zone": null, "geo_enabled": false, "verified": false, "statuses_count": 34559, "lang": null, "contributors_enabled": false, "is_translator": false, "is_translation_enabled": false, "profile_background_color": "000000", "profile_background_image_url": "http://abs.twimg.com/images/themes/theme1/bg.png", "profile_background_image_url_https": "https://abs.twimg.com/images/themes/theme1/bg.png", "profile_background_tile": false, "profile_image_url": "http://pbs.twimg.com/profile_images/793543468446539776/rr_Ovun0_normal.jpg", "profile_image_url_https": "https://pbs.twimg.com/profile_images/793543468446539776/rr_Ovun0_normal.jpg", "profile_link_color": "981CEB", "profile_sidebar_border_color": "000000", "profile_sidebar_fill_color": "000000", "profile_text_color": "000000", "profile_use_background_image": false, "has_extended_profile": true, "default_profile": false, "default_profile_image": false, "following": false, "follow_request_sent": false, "notifications": false, "translator_type": "none"}, "geo": null, "coordinates": null, "place": null, "contributors": null, "is_quote_status": true, "quoted_status_id": 1060855141866393600, "quoted_status_id_str": "1060855141866393600", "retweet_count": 0, "favorite_count": 0, "favorited": false, "retweeted": false, "possibly_sensitive": false, "lang": "en"}