{"created_at": "Thu Nov 08 18:30:26 +0000 2018", "id": 1060600446891388929, "id_str": "1060600446891388929", "text": "If there were any decent journalists out there, it\u2019s my hope they will protest Jim Acosta from CNN being banned fro\u2026 https://t.co/8lDzCBgbnh", "truncated": true, "entities": {"hashtags": [], "symbols": [], "user_mentions": [], "urls": [{"url": "https://t.co/8lDzCBgbnh", "expanded_url": "https://twitter.com/i/web/status/1060600446891388929", "display_url": "twitter.com/i/web/status/1\u2026", "indices": [117, 140]}]}, "source": "<a href=\"http://twitter.com/download/iphone\" rel=\"nofollow\">Twitter for iPhone</a>", "in_reply_to_status_id": null, "in_reply_to_status_id_str": null, "in_reply_to_user_id": null, "in_reply_to_user_id_str": null, "in_reply_to_screen_name": null, "user": {"id": 22716731, "id_str": "22716731", "name": "\ud83d\udc68\ud83c\udffb\u200d\ud83e\uddb0\ud83d\udc02\ud83e\udd88\u2696\ufe0f Gerry Moylan \ud83c\udfe1\ud83d\udde3\ud83d\udc68\ud83c\udffd\u200d\ud83e\udd1d\u200d\ud83d\udc68\ud83c\udffc\ud83c\udf0a\ud83c\udd98", "screen_name": "gmoylan", "location": "Los Angeles", "description": "Multipotentialite. Former rock radio disc jockey. Writing daily & selling the American dream in Los Angeles.", "url": "https://t.co/sw4MIcgnLF", "entities": {"url": {"urls": [{"url": "https://t.co/sw4MIcgnLF", "expanded_url": "https://www.vrbo.com/997722", "display_url": "vrbo.com/997722", "indices": [0, 23]}]}, "description": {"urls": []}}, "protected": false, "followers_count": 1211, "friends_count": 2004, "listed_count": 53, "created_at": "Wed Mar 04 01:55:11 +0000 2009", "favourites_count": 17245, "utc_offset": null, "time_zone": null, "geo_enabled": true, "verified": false, "statuses_count": 28714, "lang": null, "contributors_enabled": false, "is_translator": false, "is_translation_enabled": false, "profile_background_color": "ACDED6", "profile_background_image_url": "http://abs.twimg.com/images/themes/theme18/bg.gif", "profile_background_image_url_https": "https://abs.twimg.com/images/themes/theme18/bg.gif", "profile_background_tile": false, "profile_image_url": "http://pbs.twimg.com/profile_images/835553672473915392/dOgv26DH_normal.jpg", "profile_image_url_https": "https://pbs.twimg.com/profile_images/835553672473915392/dOgv26DH_normal.jpg", "profile_banner_url": "https://pbs.twimg.com/profile_banners/22716731/1574186521", "profile_link_color": "038543", "profile_sidebar_border_color": "EEEEEE", "profile_sidebar_fill_color": "F6F6F6", "profile_text_color": "333333", "profile_use_background_image": true, "has_extended_profile": true, "default_profile": false, "default_profile_image": false, "following": false, "follow_request_sent": false, "notifications": false, "translator_type": "none"}, "geo": null, "coordinates": null, "place": {"id": "741e9df4d2522275", "url": "https://api.twitter.com/1.1/geo/id/741e9df4d2522275.json", "place_type": "city", "name": "Beverly Hills", "full_name": "Beverly Hills, CA", "country_code": "US", "country": "United States", "contained_within": [], "bounding_box": {"type": "Polygon", "coordinates": [[[-118.4273439, 34.052559], [-118.371934, 34.052559], [-118.371934, 34.112434], [-118.4273439, 34.112434]]]}, "attributes": {}}, "contributors": null, "is_quote_status": false, "retweet_count": 0, "favorite_count": 0, "favorited": false, "retweeted": false, "lang": "en"}