{"created_at": "Thu Nov 08 22:22:58 +0000 2018", "id": 1060658967892770816, "id_str": "1060658967892770816", "text": "Fake News CNN has just demanded that the entire White House press corp walk out at the next White House press brief\u2026 https://t.co/9psSdwJKAj", "truncated": true, "entities": {"hashtags": [], "symbols": [], "user_mentions": [], "urls": [{"url": "https://t.co/9psSdwJKAj", "expanded_url": "https://twitter.com/i/web/status/1060658967892770816", "display_url": "twitter.com/i/web/status/1\u2026", "indices": [117, 140]}]}, "source": "<a href=\"http://twitter.com/download/iphone\" rel=\"nofollow\">Twitter for iPhone</a>", "in_reply_to_status_id": null, "in_reply_to_status_id_str": null, "in_reply_to_user_id": null, "in_reply_to_user_id_str": null, "in_reply_to_screen_name": null, "user": {"id": 1027809378, "id_str": "1027809378", "name": "(Parler: Booker) \ud83c\uddfa\ud83c\uddf8 \u2b50\ufe0f\u2b50\ufe0f\u2b50\ufe0f", "screen_name": "KevinBooker212", "location": "", "description": "Merchant Marine | Undisputed King of Typos | President Trump supporter @MAGA @yankees @NRA I\u2019m Booker on Parler \ud83c\uddfa\ud83c\uddf8", "url": null, "entities": {"description": {"urls": []}}, "protected": false, "followers_count": 51153, "friends_count": 50313, "listed_count": 52, "created_at": "Sat Dec 22 05:26:53 +0000 2012", "favourites_count": 561416, "utc_offset": null, "time_zone": null, "geo_enabled": true, "verified": false, "statuses_count": 203501, "lang": null, "contributors_enabled": false, "is_translator": false, "is_translation_enabled": false, "profile_background_color": "000000", "profile_background_image_url": "http://abs.twimg.com/images/themes/theme1/bg.png", "profile_background_image_url_https": "https://abs.twimg.com/images/themes/theme1/bg.png", "profile_background_tile": false, "profile_image_url": "http://pbs.twimg.com/profile_images/1170972895863902208/GjPTIpCP_normal.jpg", "profile_image_url_https": "https://pbs.twimg.com/profile_images/1170972895863902208/GjPTIpCP_normal.jpg", "profile_banner_url": "https://pbs.twimg.com/profile_banners/1027809378/1593027176", "profile_link_color": "1B95E0", "profile_sidebar_border_color": "000000", "profile_sidebar_fill_color": "000000", "profile_text_color": "000000", "profile_use_background_image": false, "has_extended_profile": false, "default_profile": false, "default_profile_image": false, "following": false, "follow_request_sent": false, "notifications": false, "translator_type": "none"}, "geo": null, "coordinates": null, "place": null, "contributors": null, "is_quote_status": false, "retweet_count": 3, "favorite_count": 10, "favorited": false, "retweeted": false, "lang": "en"}