{"created_at": "Fri Nov 09 11:30:50 +0000 2018", "id": 1060857241513934849, "id_str": "1060857241513934849", "text": "@RealJamesWoods @IrishVol69th The white house should hold press conferences just like always. even if it's a empty\u2026 https://t.co/eg2WCGs3QG", "truncated": true, "entities": {"hashtags": [], "symbols": [], "user_mentions": [{"screen_name": "RealJamesWoods", "name": "James Woods", "id": 78523300, "id_str": "78523300", "indices": [0, 15]}, {"screen_name": "IrishVol69th", "name": "\u274cShadow Banned Rich\ud83d\udc6e\u200d\u2642\ufe0f\ud83c\uddfa\ud83c\uddf8\ud83c\uddfa\ud83c\uddf8\ud83c\uddfa\ud83c\uddf8\ud83d\udc6e\u200d\u2642\ufe0f\u274c", "id": 616076314, "id_str": "616076314", "indices": [16, 29]}], "urls": [{"url": "https://t.co/eg2WCGs3QG", "expanded_url": "https://twitter.com/i/web/status/1060857241513934849", "display_url": "twitter.com/i/web/status/1\u2026", "indices": [116, 139]}]}, "source": "<a href=\"http://twitter.com\" rel=\"nofollow\">Twitter Web Client</a>", "in_reply_to_status_id": 1060593967039946752, "in_reply_to_status_id_str": "1060593967039946752", "in_reply_to_user_id": 78523300, "in_reply_to_user_id_str": "78523300", "in_reply_to_screen_name": "RealJamesWoods", "user": {"id": 2417708630, "id_str": "2417708630", "name": "Lawrence Ward", "screen_name": "MSGTMBARET", "location": "", "description": "Retired C.C.Dept head, Retired U.S.M.C. Retired H.S. Teacher", "url": "http://t.co/hV5dcDXZYt", "entities": {"url": {"urls": [{"url": "http://t.co/hV5dcDXZYt", "expanded_url": "http://www.grumpyoldman.net", "display_url": "grumpyoldman.net", "indices": [0, 22]}]}, "description": {"urls": []}}, "protected": false, "followers_count": 840, "friends_count": 1116, "listed_count": 1, "created_at": "Sat Mar 29 17:04:45 +0000 2014", "favourites_count": 3247, "utc_offset": null, "time_zone": null, "geo_enabled": true, "verified": false, "statuses_count": 10224, "lang": null, "contributors_enabled": false, "is_translator": false, "is_translation_enabled": false, "profile_background_color": "C0DEED", "profile_background_image_url": "http://abs.twimg.com/images/themes/theme1/bg.png", "profile_background_image_url_https": "https://abs.twimg.com/images/themes/theme1/bg.png", "profile_background_tile": false, "profile_image_url": "http://pbs.twimg.com/profile_images/713727147957960706/I_uOntJn_normal.jpg", "profile_image_url_https": "https://pbs.twimg.com/profile_images/713727147957960706/I_uOntJn_normal.jpg", "profile_banner_url": "https://pbs.twimg.com/profile_banners/2417708630/1401715589", "profile_link_color": "1DA1F2", "profile_sidebar_border_color": "C0DEED", "profile_sidebar_fill_color": "DDEEF6", "profile_text_color": "333333", "profile_use_background_image": true, "has_extended_profile": false, "default_profile": true, "default_profile_image": false, "following": false, "follow_request_sent": false, "notifications": false, "translator_type": "none"}, "geo": null, "coordinates": null, "place": null, "contributors": null, "is_quote_status": false, "retweet_count": 0, "favorite_count": 0, "favorited": false, "retweeted": false, "lang": "en"}