{"created_at": "Sat Nov 10 14:10:03 +0000 2018", "id": 1061259696714211328, "id_str": "1061259696714211328", "text": "#BREAKING It seems this is not the first time we have questioned whether the Patriots are beginning a downhill slid\u2026 https://t.co/5akro9bUEQ", "truncated": true, "entities": {"hashtags": [{"text": "BREAKING", "indices": [0, 9]}], "symbols": [], "user_mentions": [], "urls": [{"url": "https://t.co/5akro9bUEQ", "expanded_url": "https://twitter.com/i/web/status/1061259696714211328", "display_url": "twitter.com/i/web/status/1\u2026", "indices": [117, 140]}]}, "source": "<a href=\"https://www.hootsuite.com\" rel=\"nofollow\">Hootsuite Inc.</a>", "in_reply_to_status_id": null, "in_reply_to_status_id_str": null, "in_reply_to_user_id": null, "in_reply_to_user_id_str": null, "in_reply_to_screen_name": null, "user": {"id": 4183188317, "id_str": "4183188317", "name": "Political Freestyle", "screen_name": "politicalfs", "location": "Tampa, FL", "description": "Political talk show based in Tampa Florida. Season 1 coming soon!", "url": null, "entities": {"description": {"urls": []}}, "protected": false, "followers_count": 25, "friends_count": 120, "listed_count": 7, "created_at": "Sat Nov 14 02:47:13 +0000 2015", "favourites_count": 84, "utc_offset": null, "time_zone": null, "geo_enabled": false, "verified": false, "statuses_count": 3031, "lang": null, "contributors_enabled": false, "is_translator": false, "is_translation_enabled": false, "profile_background_color": "C0DEED", "profile_background_image_url": "http://abs.twimg.com/images/themes/theme1/bg.png", "profile_background_image_url_https": "https://abs.twimg.com/images/themes/theme1/bg.png", "profile_background_tile": false, "profile_image_url": "http://pbs.twimg.com/profile_images/889689558803021825/3kwQtlce_normal.jpg", "profile_image_url_https": "https://pbs.twimg.com/profile_images/889689558803021825/3kwQtlce_normal.jpg", "profile_banner_url": "https://pbs.twimg.com/profile_banners/4183188317/1500953515", "profile_link_color": "1DA1F2", "profile_sidebar_border_color": "C0DEED", "profile_sidebar_fill_color": "DDEEF6", "profile_text_color": "333333", "profile_use_background_image": true, "has_extended_profile": false, "default_profile": true, "default_profile_image": false, "following": false, "follow_request_sent": false, "notifications": false, "translator_type": "none"}, "geo": null, "coordinates": null, "place": null, "contributors": null, "is_quote_status": false, "retweet_count": 0, "favorite_count": 0, "favorited": false, "retweeted": false, "possibly_sensitive": false, "lang": "en"}