{"created_at": "Sun Nov 11 00:14:36 +0000 2018", "id": 1061411837605040128, "id_str": "1061411837605040128", "text": "Under @realDonaldTrump and @PressSec , the briefing has degenerated into a showcase for White House media-bashing,\u2026 https://t.co/r7zChCFtcn", "truncated": true, "entities": {"hashtags": [], "symbols": [], "user_mentions": [{"screen_name": "realDonaldTrump", "name": "Donald J. Trump", "id": 25073877, "id_str": "25073877", "indices": [6, 22]}, {"screen_name": "PressSec", "name": "Kayleigh McEnany", "id": 818927131883356161, "id_str": "818927131883356161", "indices": [27, 36]}], "urls": [{"url": "https://t.co/r7zChCFtcn", "expanded_url": "https://twitter.com/i/web/status/1061411837605040128", "display_url": "twitter.com/i/web/status/1\u2026", "indices": [116, 139]}]}, "source": "<a href=\"http://twitter.com/download/iphone\" rel=\"nofollow\">Twitter for iPhone</a>", "in_reply_to_status_id": null, "in_reply_to_status_id_str": null, "in_reply_to_user_id": null, "in_reply_to_user_id_str": null, "in_reply_to_screen_name": null, "user": {"id": 28366439, "id_str": "28366439", "name": "Jeff Stein", "screen_name": "SpyTalker", "location": "Washington, DC", "description": "Editor-in-chief of the new SpyTalk newsletter, produced by a team of veteran bylines. Pvsly NWK, WaPo, CQ, UPI. https://t.co/ED8WAfM1f2", "url": "https://t.co/ED8WAfM1f2", "entities": {"url": {"urls": [{"url": "https://t.co/ED8WAfM1f2", "expanded_url": "https://spytalk.substack.com", "display_url": "spytalk.substack.com", "indices": [0, 23]}]}, "description": {"urls": [{"url": "https://t.co/ED8WAfM1f2", "expanded_url": "https://spytalk.substack.com", "display_url": "spytalk.substack.com", "indices": [112, 135]}]}}, "protected": false, "followers_count": 38847, "friends_count": 6125, "listed_count": 1280, "created_at": "Thu Apr 02 16:18:49 +0000 2009", "favourites_count": 33708, "utc_offset": null, "time_zone": null, "geo_enabled": true, "verified": true, "statuses_count": 52224, "lang": null, "contributors_enabled": false, "is_translator": false, "is_translation_enabled": false, "profile_background_color": "2E3235", "profile_background_image_url": "http://abs.twimg.com/images/themes/theme1/bg.png", "profile_background_image_url_https": "https://abs.twimg.com/images/themes/theme1/bg.png", "profile_background_tile": false, "profile_image_url": "http://pbs.twimg.com/profile_images/1572005387/image_normal.jpg", "profile_image_url_https": "https://pbs.twimg.com/profile_images/1572005387/image_normal.jpg", "profile_banner_url": "https://pbs.twimg.com/profile_banners/28366439/1367285254", "profile_link_color": "1B95E0", "profile_sidebar_border_color": "000000", "profile_sidebar_fill_color": "DDEEF6", "profile_text_color": "333333", "profile_use_background_image": true, "has_extended_profile": true, "default_profile": false, "default_profile_image": false, "following": false, "follow_request_sent": false, "notifications": false, "translator_type": "none"}, "geo": null, "coordinates": null, "place": null, "contributors": null, "is_quote_status": true, "quoted_status_id": 1061410078224474113, "quoted_status_id_str": "1061410078224474113", "quoted_status": {"created_at": "Sun Nov 11 00:07:37 +0000 2018", "id": 1061410078224474113, "id_str": "1061410078224474113", "text": "@SpyTalker's right. Does anyone really think the best coverage of @realDonaldTrump comes out of those briefings?  A\u2026 https://t.co/sIQ4wZkUv2", "truncated": true, "entities": {"hashtags": [], "symbols": [], "user_mentions": [{"screen_name": "SpyTalker", "name": "Jeff Stein", "id": 28366439, "id_str": "28366439", "indices": [0, 10]}, {"screen_name": "realDonaldTrump", "name": "Donald J. Trump", "id": 25073877, "id_str": "25073877", "indices": [66, 82]}], "urls": [{"url": "https://t.co/sIQ4wZkUv2", "expanded_url": "https://twitter.com/i/web/status/1061410078224474113", "display_url": "twitter.com/i/web/status/1\u2026", "indices": [117, 140]}]}, "source": "<a href=\"http://twitter.com\" rel=\"nofollow\">Twitter Web Client</a>", "in_reply_to_status_id": null, "in_reply_to_status_id_str": null, "in_reply_to_user_id": 28366439, "in_reply_to_user_id_str": "28366439", "in_reply_to_screen_name": "SpyTalker", "user": {"id": 17851942, "id_str": "17851942", "name": "Craig Unger", "screen_name": "craigunger", "location": "Brooklyn, New York", "description": "Bestselling author of four books on GOP war on democracy, from House of Bush, House of Saud to House of Trump. Vanity Fair contributor for 15 years.", "url": "https://t.co/m787Sgmmtq", "entities": {"url": {"urls": [{"url": "https://t.co/m787Sgmmtq", "expanded_url": "https://www.penguinrandomhouse.com/books/576474/house-of-trump-house-of-putin-by-craig-unger/", "display_url": "penguinrandomhouse.com/books/576474/h\u2026", "indices": [0, 23]}]}, "description": {"urls": []}}, "protected": false, "followers_count": 38893, "friends_count": 1669, "listed_count": 388, "created_at": "Wed Dec 03 22:50:33 +0000 2008", "favourites_count": 5989, "utc_offset": null, "time_zone": null, "geo_enabled": true, "verified": true, "statuses_count": 5971, "lang": null, "contributors_enabled": false, "is_translator": false, "is_translation_enabled": false, "profile_background_color": "ACDED6", "profile_background_image_url": "http://abs.twimg.com/images/themes/theme18/bg.gif", "profile_background_image_url_https": "https://abs.twimg.com/images/themes/theme18/bg.gif", "profile_background_tile": false, "profile_image_url": "http://pbs.twimg.com/profile_images/986103528090415105/rC1-FnCM_normal.jpg", "profile_image_url_https": "https://pbs.twimg.com/profile_images/986103528090415105/rC1-FnCM_normal.jpg", "profile_banner_url": "https://pbs.twimg.com/profile_banners/17851942/1533230205", "profile_link_color": "038543", "profile_sidebar_border_color": "EEEEEE", "profile_sidebar_fill_color": "F6F6F6", "profile_text_color": "333333", "profile_use_background_image": true, "has_extended_profile": false, "default_profile": false, "default_profile_image": false, "following": false, "follow_request_sent": false, "notifications": false, "translator_type": "none"}, "geo": null, "coordinates": null, "place": null, "contributors": null, "is_quote_status": true, "quoted_status_id": 1061350640851607552, "quoted_status_id_str": "1061350640851607552", "retweet_count": 128, "favorite_count": 362, "favorited": false, "retweeted": false, "possibly_sensitive": false, "lang": "en"}, "retweet_count": 10, "favorite_count": 38, "favorited": false, "retweeted": false, "possibly_sensitive": false, "lang": "en"}