{"created_at": "Mon Nov 12 02:40:00 +0000 2018", "id": 1061810813990649856, "id_str": "1061810813990649856", "text": "This will get Acosta no where.  \nWhite House can decide who gets in and who stays out.  \nWhite house can cancel pre\u2026 https://t.co/wtGjsuDwIq", "truncated": true, "entities": {"hashtags": [], "symbols": [], "user_mentions": [], "urls": [{"url": "https://t.co/wtGjsuDwIq", "expanded_url": "https://twitter.com/i/web/status/1061810813990649856", "display_url": "twitter.com/i/web/status/1\u2026", "indices": [117, 140]}]}, "source": "<a href=\"http://twitter.com\" rel=\"nofollow\">Twitter Web Client</a>", "in_reply_to_status_id": null, "in_reply_to_status_id_str": null, "in_reply_to_user_id": null, "in_reply_to_user_id_str": null, "in_reply_to_screen_name": null, "user": {"id": 994634406584184833, "id_str": "994634406584184833", "name": "elcapitancarol", "screen_name": "elcapitancarol", "location": "", "description": "#Trump2020\n#MAGA", "url": null, "entities": {"description": {"urls": []}}, "protected": false, "followers_count": 1426, "friends_count": 507, "listed_count": 0, "created_at": "Thu May 10 17:44:56 +0000 2018", "favourites_count": 121624, "utc_offset": null, "time_zone": null, "geo_enabled": false, "verified": false, "statuses_count": 160526, "lang": null, "contributors_enabled": false, "is_translator": false, "is_translation_enabled": false, "profile_background_color": "F5F8FA", "profile_background_image_url": null, "profile_background_image_url_https": null, "profile_background_tile": false, "profile_image_url": "http://pbs.twimg.com/profile_images/1198094780808347648/G03UYSHM_normal.jpg", "profile_image_url_https": "https://pbs.twimg.com/profile_images/1198094780808347648/G03UYSHM_normal.jpg", "profile_banner_url": "https://pbs.twimg.com/profile_banners/994634406584184833/1529080986", "profile_link_color": "1DA1F2", "profile_sidebar_border_color": "C0DEED", "profile_sidebar_fill_color": "DDEEF6", "profile_text_color": "333333", "profile_use_background_image": true, "has_extended_profile": false, "default_profile": true, "default_profile_image": false, "following": false, "follow_request_sent": false, "notifications": false, "translator_type": "none"}, "geo": null, "coordinates": null, "place": null, "contributors": null, "is_quote_status": true, "quoted_status_id": 1061687231629398017, "quoted_status_id_str": "1061687231629398017", "retweet_count": 0, "favorite_count": 0, "favorited": false, "retweeted": false, "possibly_sensitive": false, "lang": "en"}