{"created_at": "Sat Nov 10 06:18:08 +0000 2018", "id": 1061140934165962752, "id_str": "1061140934165962752", "text": "@toddgillman @Acosta @realDonaldTrump @WhiteHouse @PressSec I think the real question is; did anyone else act like\u2026 https://t.co/nxstVJIMkK", "truncated": true, "entities": {"hashtags": [], "symbols": [], "user_mentions": [{"screen_name": "toddgillman", "name": "Todd J. Gillman", "id": 88750092, "id_str": "88750092", "indices": [0, 12]}, {"screen_name": "Acosta", "name": "Jim Acosta", "id": 22771961, "id_str": "22771961", "indices": [13, 20]}, {"screen_name": "realDonaldTrump", "name": "Donald J. Trump", "id": 25073877, "id_str": "25073877", "indices": [21, 37]}, {"screen_name": "WhiteHouse", "name": "The White House", "id": 822215673812119553, "id_str": "822215673812119553", "indices": [38, 49]}, {"screen_name": "PressSec", "name": "Kayleigh McEnany", "id": 818927131883356161, "id_str": "818927131883356161", "indices": [50, 59]}], "urls": [{"url": "https://t.co/nxstVJIMkK", "expanded_url": "https://twitter.com/i/web/status/1061140934165962752", "display_url": "twitter.com/i/web/status/1\u2026", "indices": [116, 139]}]}, "source": "<a href=\"https://mobile.twitter.com\" rel=\"nofollow\">Twitter Web App</a>", "in_reply_to_status_id": 1060916042887761920, "in_reply_to_status_id_str": "1060916042887761920", "in_reply_to_user_id": 88750092, "in_reply_to_user_id_str": "88750092", "in_reply_to_screen_name": "toddgillman", "user": {"id": 22841302, "id_str": "22841302", "name": "tezzles", "screen_name": "tezzles", "location": "", "description": "Watching the days fly by. Opinions are my own. Retweets are not necessarily an endorsement.", "url": null, "entities": {"description": {"urls": []}}, "protected": false, "followers_count": 542, "friends_count": 1388, "listed_count": 1, "created_at": "Wed Mar 04 21:55:09 +0000 2009", "favourites_count": 39788, "utc_offset": null, "time_zone": null, "geo_enabled": false, "verified": false, "statuses_count": 40326, "lang": null, "contributors_enabled": false, "is_translator": false, "is_translation_enabled": false, "profile_background_color": "39084D", "profile_background_image_url": "http://abs.twimg.com/images/themes/theme12/bg.gif", "profile_background_image_url_https": "https://abs.twimg.com/images/themes/theme12/bg.gif", "profile_background_tile": false, "profile_image_url": "http://pbs.twimg.com/profile_images/1018316317886070784/5hg9vp_-_normal.jpg", "profile_image_url_https": "https://pbs.twimg.com/profile_images/1018316317886070784/5hg9vp_-_normal.jpg", "profile_banner_url": "https://pbs.twimg.com/profile_banners/22841302/1531620364", "profile_link_color": "981CEB", "profile_sidebar_border_color": "0E3666", "profile_sidebar_fill_color": "836899", "profile_text_color": "631E55", "profile_use_background_image": true, "has_extended_profile": false, "default_profile": false, "default_profile_image": false, "following": false, "follow_request_sent": false, "notifications": false, "translator_type": "none"}, "geo": null, "coordinates": null, "place": null, "contributors": null, "is_quote_status": false, "retweet_count": 0, "favorite_count": 0, "favorited": false, "retweeted": false, "lang": "en"}