{"created_at": "Sat Nov 10 23:56:03 +0000 2018", "id": 1061407169432707077, "id_str": "1061407169432707077", "text": "There are a lot of ways to describe what CNN\u2019s Jim Acosta does when he shows up for a White House press briefing or\u2026 https://t.co/fLe0Y07p12", "truncated": true, "entities": {"hashtags": [], "symbols": [], "user_mentions": [], "urls": [{"url": "https://t.co/fLe0Y07p12", "expanded_url": "https://twitter.com/i/web/status/1061407169432707077", "display_url": "twitter.com/i/web/status/1\u2026", "indices": [117, 140]}]}, "source": "<a href=\"http://www.socialflow.com\" rel=\"nofollow\">SocialFlow</a>", "in_reply_to_status_id": null, "in_reply_to_status_id_str": null, "in_reply_to_user_id": null, "in_reply_to_user_id_str": null, "in_reply_to_screen_name": null, "user": {"id": 18956073, "id_str": "18956073", "name": "Washington Examiner", "screen_name": "dcexaminer", "location": "Washington, DC", "description": "Political news and commentary from the Washington Examiner. https://t.co/ou7lbgJSLh", "url": "http://t.co/yIzleEakTJ", "entities": {"url": {"urls": [{"url": "http://t.co/yIzleEakTJ", "expanded_url": "http://www.washingtonexaminer.com", "display_url": "washingtonexaminer.com", "indices": [0, 22]}]}, "description": {"urls": [{"url": "https://t.co/ou7lbgJSLh", "expanded_url": "http://www.washingtonexaminer.com", "display_url": "washingtonexaminer.com", "indices": [60, 83]}]}}, "protected": false, "followers_count": 265639, "friends_count": 246, "listed_count": 3916, "created_at": "Tue Jan 13 22:16:00 +0000 2009", "favourites_count": 673, "utc_offset": null, "time_zone": null, "geo_enabled": true, "verified": true, "statuses_count": 491571, "lang": null, "contributors_enabled": false, "is_translator": false, "is_translation_enabled": false, "profile_background_color": "FFFFFF", "profile_background_image_url": "http://abs.twimg.com/images/themes/theme1/bg.png", "profile_background_image_url_https": "https://abs.twimg.com/images/themes/theme1/bg.png", "profile_background_tile": false, "profile_image_url": "http://pbs.twimg.com/profile_images/1049003685639081986/zX2rN7zN_normal.jpg", "profile_image_url_https": "https://pbs.twimg.com/profile_images/1049003685639081986/zX2rN7zN_normal.jpg", "profile_banner_url": "https://pbs.twimg.com/profile_banners/18956073/1551308627", "profile_link_color": "CA0613", "profile_sidebar_border_color": "D9B17E", "profile_sidebar_fill_color": "EADEAA", "profile_text_color": "333333", "profile_use_background_image": true, "has_extended_profile": false, "default_profile": false, "default_profile_image": false, "following": false, "follow_request_sent": false, "notifications": false, "translator_type": "regular"}, "geo": null, "coordinates": null, "place": null, "contributors": null, "is_quote_status": false, "retweet_count": 9, "favorite_count": 21, "favorited": false, "retweeted": false, "possibly_sensitive": false, "lang": "en"}