{"created_at": "Sat Nov 10 14:05:05 +0000 2018", "id": 1061258447721775105, "id_str": "1061258447721775105", "text": "#BREAKING It seems this is not the first time we have questioned whether the Patriots are beginning a downhill slid\u2026 https://t.co/1cJThHZbOQ", "truncated": true, "entities": {"hashtags": [{"text": "BREAKING", "indices": [0, 9]}], "symbols": [], "user_mentions": [], "urls": [{"url": "https://t.co/1cJThHZbOQ", "expanded_url": "https://twitter.com/i/web/status/1061258447721775105", "display_url": "twitter.com/i/web/status/1\u2026", "indices": [117, 140]}]}, "source": "<a href=\"https://www.hootsuite.com\" rel=\"nofollow\">Hootsuite Inc.</a>", "in_reply_to_status_id": null, "in_reply_to_status_id_str": null, "in_reply_to_user_id": null, "in_reply_to_user_id_str": null, "in_reply_to_screen_name": null, "user": {"id": 44385059, "id_str": "44385059", "name": "Lawrence Lease", "screen_name": "larrymlease", "location": "Dallas, TX", "description": "True Crime fanatic, Cinephile, Freelance Journalist for @twledger @cinemagold2 Schmoedown Fan. Runner for @cinepolisusa", "url": "https://t.co/HApl8tKjBh", "entities": {"url": {"urls": [{"url": "https://t.co/HApl8tKjBh", "expanded_url": "http://larrymlease.weebly.com", "display_url": "larrymlease.weebly.com", "indices": [0, 23]}]}, "description": {"urls": []}}, "protected": false, "followers_count": 835, "friends_count": 3697, "listed_count": 35, "created_at": "Wed Jun 03 15:46:54 +0000 2009", "favourites_count": 8209, "utc_offset": null, "time_zone": null, "geo_enabled": true, "verified": false, "statuses_count": 26127, "lang": null, "contributors_enabled": false, "is_translator": false, "is_translation_enabled": false, "profile_background_color": "FCEBB6", "profile_background_image_url": "http://abs.twimg.com/images/themes/theme1/bg.png", "profile_background_image_url_https": "https://abs.twimg.com/images/themes/theme1/bg.png", "profile_background_tile": false, "profile_image_url": "http://pbs.twimg.com/profile_images/940023768893624320/IFvsACPF_normal.jpg", "profile_image_url_https": "https://pbs.twimg.com/profile_images/940023768893624320/IFvsACPF_normal.jpg", "profile_banner_url": "https://pbs.twimg.com/profile_banners/44385059/1512535759", "profile_link_color": "3735CC", "profile_sidebar_border_color": "FFFFFF", "profile_sidebar_fill_color": "78C0A8", "profile_text_color": "5E412F", "profile_use_background_image": true, "has_extended_profile": true, "default_profile": false, "default_profile_image": false, "following": false, "follow_request_sent": false, "notifications": false, "translator_type": "none"}, "geo": null, "coordinates": null, "place": null, "contributors": null, "is_quote_status": false, "retweet_count": 0, "favorite_count": 0, "favorited": false, "retweeted": false, "possibly_sensitive": false, "lang": "en"}