{"created_at": "Wed Nov 14 15:45:23 +0000 2018", "id": 1062733237745840134, "id_str": "1062733237745840134", "text": "Today's rave review is for The Dinosaur Hunters by @patricksamphire - \"the very definition of a perfect romp.\" \ud83e\udd95\ud83e\udd96\ud83e\udd95\nhttps://t.co/7ktHjwLkv7", "truncated": false, "entities": {"hashtags": [], "symbols": [], "user_mentions": [{"screen_name": "patricksamphire", "name": "Patrick Samphire", "id": 15181476, "id_str": "15181476", "indices": [51, 67]}], "urls": [{"url": "https://t.co/7ktHjwLkv7", "expanded_url": "https://acatabookandacupoftea.wordpress.com/2018/11/14/review-the-dinosaur-hunters/", "display_url": "acatabookandacupoftea.wordpress.com/2018/11/14/rev\u2026", "indices": [115, 138]}]}, "source": "<a href=\"http://twitter.com\" rel=\"nofollow\">Twitter Web Client</a>", "in_reply_to_status_id": null, "in_reply_to_status_id_str": null, "in_reply_to_user_id": null, "in_reply_to_user_id_str": null, "in_reply_to_screen_name": null, "user": {"id": 2794382530, "id_str": "2794382530", "name": "Asha - A Cat, A Book, And A Cup Of Tea", "screen_name": "Cat_book_tea", "location": "Oxford", "description": "Book blogger, proofreader, author assistant, and real life hedgewitch \ud83c\udf3f She/her \ud83d\udc96 Bi \ud83d\udc9c Review policy: https://t.co/4e1VVVK1e4", "url": "https://t.co/pM6pWFQP87", "entities": {"url": {"urls": [{"url": "https://t.co/pM6pWFQP87", "expanded_url": "http://acatabookandacupoftea.wordpress.com", "display_url": "acatabookandacupoftea.wordpress.com", "indices": [0, 23]}]}, "description": {"urls": [{"url": "https://t.co/4e1VVVK1e4", "expanded_url": "http://acatabookandacupoftea.wordpress.com/contact/", "display_url": "acatabookandacupoftea.wordpress.com/contact/", "indices": [102, 125]}]}}, "protected": false, "followers_count": 3955, "friends_count": 2251, "listed_count": 41, "created_at": "Tue Sep 30 11:35:01 +0000 2014", "favourites_count": 56024, "utc_offset": null, "time_zone": null, "geo_enabled": false, "verified": false, "statuses_count": 20814, "lang": null, "contributors_enabled": false, "is_translator": false, "is_translation_enabled": false, "profile_background_color": "000000", "profile_background_image_url": "http://abs.twimg.com/images/themes/theme1/bg.png", "profile_background_image_url_https": "https://abs.twimg.com/images/themes/theme1/bg.png", "profile_background_tile": false, "profile_image_url": "http://pbs.twimg.com/profile_images/1301539415752347651/-Ob5yWRj_normal.jpg", "profile_image_url_https": "https://pbs.twimg.com/profile_images/1301539415752347651/-Ob5yWRj_normal.jpg", "profile_banner_url": "https://pbs.twimg.com/profile_banners/2794382530/1599146056", "profile_link_color": "19CF86", "profile_sidebar_border_color": "000000", "profile_sidebar_fill_color": "000000", "profile_text_color": "000000", "profile_use_background_image": false, "has_extended_profile": true, "default_profile": false, "default_profile_image": false, "following": false, "follow_request_sent": false, "notifications": false, "translator_type": "none"}, "geo": null, "coordinates": null, "place": null, "contributors": null, "is_quote_status": false, "retweet_count": 2, "favorite_count": 3, "favorited": false, "retweeted": false, "possibly_sensitive": false, "lang": "en"}