{"created_at": "Tue Nov 13 23:15:34 +0000 2018", "id": 1062484142649237504, "id_str": "1062484142649237504", "text": "End the White House Press \nBriefing. F' em all. Act like adults. \n\nCNN sues Secret Service agent who took Jim Acost\u2026 https://t.co/7aQTESOhOZ", "truncated": true, "entities": {"hashtags": [], "symbols": [], "user_mentions": [], "urls": [{"url": "https://t.co/7aQTESOhOZ", "expanded_url": "https://twitter.com/i/web/status/1062484142649237504", "display_url": "twitter.com/i/web/status/1\u2026", "indices": [117, 140]}]}, "source": "<a href=\"http://twitter.com/download/android\" rel=\"nofollow\">Twitter for Android</a>", "in_reply_to_status_id": null, "in_reply_to_status_id_str": null, "in_reply_to_user_id": null, "in_reply_to_user_id_str": null, "in_reply_to_screen_name": null, "user": {"id": 1020686150879666176, "id_str": "1020686150879666176", "name": "SarcasticWhiteGuy", "screen_name": "cynicalwhiteman", "location": "", "description": "They're all lying to you.\n\nJust trying to get thrown off this shit show.\n\nAnd this planet.", "url": null, "entities": {"description": {"urls": []}}, "protected": false, "followers_count": 40, "friends_count": 402, "listed_count": 0, "created_at": "Sat Jul 21 15:05:16 +0000 2018", "favourites_count": 1759, "utc_offset": null, "time_zone": null, "geo_enabled": false, "verified": false, "statuses_count": 3026, "lang": null, "contributors_enabled": false, "is_translator": false, "is_translation_enabled": false, "profile_background_color": "F5F8FA", "profile_background_image_url": null, "profile_background_image_url_https": null, "profile_background_tile": false, "profile_image_url": "http://pbs.twimg.com/profile_images/1020690053486600193/hxNJrmLY_normal.jpg", "profile_image_url_https": "https://pbs.twimg.com/profile_images/1020690053486600193/hxNJrmLY_normal.jpg", "profile_banner_url": "https://pbs.twimg.com/profile_banners/1020686150879666176/1532186446", "profile_link_color": "1DA1F2", "profile_sidebar_border_color": "C0DEED", "profile_sidebar_fill_color": "DDEEF6", "profile_text_color": "333333", "profile_use_background_image": true, "has_extended_profile": false, "default_profile": true, "default_profile_image": false, "following": false, "follow_request_sent": false, "notifications": false, "translator_type": "none"}, "geo": null, "coordinates": null, "place": null, "contributors": null, "is_quote_status": false, "retweet_count": 0, "favorite_count": 0, "favorited": false, "retweeted": false, "possibly_sensitive": false, "lang": "en"}