{"created_at": "Wed Nov 14 01:49:00 +0000 2018", "id": 1062522755709628417, "id_str": "1062522755709628417", "text": "@TonyPaul45 @Hope4Hopeless1 @csparrow24 Invite him to the next White House press briefing. @POTUS @realDonaldTrump\u2026 https://t.co/E1fD34mzxF", "truncated": true, "entities": {"hashtags": [], "symbols": [], "user_mentions": [{"screen_name": "TonyPaul45", "name": "Tony Paul", "id": 1966149542, "id_str": "1966149542", "indices": [0, 11]}, {"screen_name": "Hope4Hopeless1", "name": "\ud835\udcd7\ud835\udcee\ud835\udcfb\ud835\udcee'\ud835\udcfc \ud835\udcd7\ud835\udcf8\ud835\udcf9\ud835\udcf2\ud835\udcf7\ud835\udcf0 17'76ARMY \u2b50\u2b50\u2b50", "id": 829817925955624960, "id_str": "829817925955624960", "indices": [12, 27]}, {"screen_name": "csparrow24", "name": "Cyn & MJ \ud83c\uddfa\ud83c\uddf8 \u2b50\u2b50\u2b50", "id": 847962259, "id_str": "847962259", "indices": [28, 39]}, {"screen_name": "POTUS", "name": "President Trump", "id": 822215679726100480, "id_str": "822215679726100480", "indices": [91, 97]}, {"screen_name": "realDonaldTrump", "name": "Donald J. Trump", "id": 25073877, "id_str": "25073877", "indices": [98, 114]}], "urls": [{"url": "https://t.co/E1fD34mzxF", "expanded_url": "https://twitter.com/i/web/status/1062522755709628417", "display_url": "twitter.com/i/web/status/1\u2026", "indices": [116, 139]}]}, "source": "<a href=\"http://twitter.com\" rel=\"nofollow\">Twitter Web Client</a>", "in_reply_to_status_id": 1060557602478833670, "in_reply_to_status_id_str": "1060557602478833670", "in_reply_to_user_id": 1966149542, "in_reply_to_user_id_str": "1966149542", "in_reply_to_screen_name": "TonyPaul45", "user": {"id": 4190648303, "id_str": "4190648303", "name": "\u274cGOP AV COS Robert\u274c", "screen_name": "unalienablerght", "location": "", "description": "Learning from Bible, Spouse, Children, Grandson, Constitution, Mark Levin,Judicial Watch, Hillsdale College, COSProject, ACLJ & you. God's peace BWU", "url": null, "entities": {"description": {"urls": []}}, "protected": false, "followers_count": 3915, "friends_count": 4501, "listed_count": 48, "created_at": "Sun Nov 15 02:05:56 +0000 2015", "favourites_count": 65601, "utc_offset": null, "time_zone": null, "geo_enabled": false, "verified": false, "statuses_count": 114938, "lang": null, "contributors_enabled": false, "is_translator": false, "is_translation_enabled": false, "profile_background_color": "000000", "profile_background_image_url": "http://abs.twimg.com/images/themes/theme1/bg.png", "profile_background_image_url_https": "https://abs.twimg.com/images/themes/theme1/bg.png", "profile_background_tile": false, "profile_image_url": "http://pbs.twimg.com/profile_images/727690678159872001/Jf_U3cgz_normal.jpg", "profile_image_url_https": "https://pbs.twimg.com/profile_images/727690678159872001/Jf_U3cgz_normal.jpg", "profile_banner_url": "https://pbs.twimg.com/profile_banners/4190648303/1462330111", "profile_link_color": "1B95E0", "profile_sidebar_border_color": "000000", "profile_sidebar_fill_color": "000000", "profile_text_color": "000000", "profile_use_background_image": false, "has_extended_profile": false, "default_profile": false, "default_profile_image": false, "following": false, "follow_request_sent": false, "notifications": false, "translator_type": "none"}, "geo": null, "coordinates": null, "place": null, "contributors": null, "is_quote_status": false, "retweet_count": 0, "favorite_count": 1, "favorited": false, "retweeted": false, "lang": "en"}