{"created_at": "Wed Nov 14 02:00:09 +0000 2018", "id": 1062525561799630850, "id_str": "1062525561799630850", "text": "President Trump and press secretary Sarah Huckabee Sanders often have the upper hand over CNN in the White House br\u2026 https://t.co/vvzn1kV8fE", "truncated": true, "entities": {"hashtags": [], "symbols": [], "user_mentions": [], "urls": [{"url": "https://t.co/vvzn1kV8fE", "expanded_url": "https://twitter.com/i/web/status/1062525561799630850", "display_url": "twitter.com/i/web/status/1\u2026", "indices": [117, 140]}]}, "source": "<a href=\"http://www.socialflow.com\" rel=\"nofollow\">SocialFlow</a>", "in_reply_to_status_id": null, "in_reply_to_status_id_str": null, "in_reply_to_user_id": null, "in_reply_to_user_id_str": null, "in_reply_to_screen_name": null, "user": {"id": 9300262, "id_str": "9300262", "name": "POLITICO", "screen_name": "politico", "location": "Washington, D.C.", "description": "Nobody knows politics like POLITICO. Got a news tip for us? \n\ud83d\udc49 https://t.co/fp9nugJuND", "url": "https://t.co/PPMyQsPlIg", "entities": {"url": {"urls": [{"url": "https://t.co/PPMyQsPlIg", "expanded_url": "http://politico.com", "display_url": "politico.com", "indices": [0, 23]}]}, "description": {"urls": [{"url": "https://t.co/fp9nugJuND", "expanded_url": "https://politi.co/2LcOtt5", "display_url": "politi.co/2LcOtt5", "indices": [63, 86]}]}}, "protected": false, "followers_count": 4276470, "friends_count": 1526, "listed_count": 40203, "created_at": "Mon Oct 08 00:29:38 +0000 2007", "favourites_count": 80, "utc_offset": null, "time_zone": null, "geo_enabled": true, "verified": true, "statuses_count": 339121, "lang": null, "contributors_enabled": false, "is_translator": false, "is_translation_enabled": false, "profile_background_color": "E6E6E6", "profile_background_image_url": "http://abs.twimg.com/images/themes/theme1/bg.png", "profile_background_image_url_https": "https://abs.twimg.com/images/themes/theme1/bg.png", "profile_background_tile": true, "profile_image_url": "http://pbs.twimg.com/profile_images/677177503694237697/y6yTzWn6_normal.png", "profile_image_url_https": "https://pbs.twimg.com/profile_images/677177503694237697/y6yTzWn6_normal.png", "profile_banner_url": "https://pbs.twimg.com/profile_banners/9300262/1479760803", "profile_link_color": "DD2E44", "profile_sidebar_border_color": "FFFFFF", "profile_sidebar_fill_color": "DDEEF6", "profile_text_color": "333333", "profile_use_background_image": false, "has_extended_profile": false, "default_profile": false, "default_profile_image": false, "following": false, "follow_request_sent": false, "notifications": false, "translator_type": "regular"}, "geo": null, "coordinates": null, "place": null, "contributors": null, "is_quote_status": false, "retweet_count": 78, "favorite_count": 358, "favorited": false, "retweeted": false, "possibly_sensitive": false, "lang": "en"}