{"created_at": "Tue Nov 13 15:20:02 +0000 2018", "id": 1062364470649876480, "id_str": "1062364470649876480", "text": "I agree. I support free speech and the right to due process. But it doesn\u2019t have to happen in the press briefing ro\u2026 https://t.co/iMPjkdasJf", "truncated": true, "entities": {"hashtags": [], "symbols": [], "user_mentions": [], "urls": [{"url": "https://t.co/iMPjkdasJf", "expanded_url": "https://twitter.com/i/web/status/1062364470649876480", "display_url": "twitter.com/i/web/status/1\u2026", "indices": [117, 140]}]}, "source": "<a href=\"http://twitter.com/download/iphone\" rel=\"nofollow\">Twitter for iPhone</a>", "in_reply_to_status_id": null, "in_reply_to_status_id_str": null, "in_reply_to_user_id": null, "in_reply_to_user_id_str": null, "in_reply_to_screen_name": null, "user": {"id": 871514965387100164, "id_str": "871514965387100164", "name": "Deplorable NaNa \ud83c\uddfa\ud83c\uddf8", "screen_name": "nana_deplorable", "location": "Nevada, USA", "description": "Conservative American married to my best friend. I'm NaNa, Mom, Daughter, Sis, Blue Star Army Strong Mom, RN, Trump supporter and Deplorable, America 1st! \ud83c\uddf1\ud83c\uddf7", "url": null, "entities": {"description": {"urls": []}}, "protected": false, "followers_count": 769, "friends_count": 1443, "listed_count": 1, "created_at": "Sun Jun 04 23:52:14 +0000 2017", "favourites_count": 2266, "utc_offset": null, "time_zone": null, "geo_enabled": true, "verified": false, "statuses_count": 3715, "lang": null, "contributors_enabled": false, "is_translator": false, "is_translation_enabled": false, "profile_background_color": "F5F8FA", "profile_background_image_url": null, "profile_background_image_url_https": null, "profile_background_tile": false, "profile_image_url": "http://pbs.twimg.com/profile_images/877378569990623232/4Xond7ZQ_normal.jpg", "profile_image_url_https": "https://pbs.twimg.com/profile_images/877378569990623232/4Xond7ZQ_normal.jpg", "profile_banner_url": "https://pbs.twimg.com/profile_banners/871514965387100164/1498017909", "profile_link_color": "1DA1F2", "profile_sidebar_border_color": "C0DEED", "profile_sidebar_fill_color": "DDEEF6", "profile_text_color": "333333", "profile_use_background_image": true, "has_extended_profile": true, "default_profile": true, "default_profile_image": false, "following": false, "follow_request_sent": false, "notifications": false, "translator_type": "none"}, "geo": null, "coordinates": null, "place": null, "contributors": null, "is_quote_status": true, "quoted_status_id": 1062362339591241728, "quoted_status_id_str": "1062362339591241728", "retweet_count": 0, "favorite_count": 0, "favorited": false, "retweeted": false, "possibly_sensitive": false, "lang": "en"}