{"created_at": "Fri Nov 16 22:11:12 +0000 2018", "id": 1063555108334645248, "id_str": "1063555108334645248", "text": "Bad proposal from the ED   U.S. Department of Education Moves to Roll Back Title IX Protections for Sexual Miscondu\u2026 https://t.co/4D5t4Oq8Bd", "truncated": true, "entities": {"hashtags": [], "symbols": [], "user_mentions": [], "urls": [{"url": "https://t.co/4D5t4Oq8Bd", "expanded_url": "https://twitter.com/i/web/status/1063555108334645248", "display_url": "twitter.com/i/web/status/1\u2026", "indices": [117, 140]}]}, "source": "<a href=\"http://twitter.com/download/iphone\" rel=\"nofollow\">Twitter for iPhone</a>", "in_reply_to_status_id": null, "in_reply_to_status_id_str": null, "in_reply_to_user_id": null, "in_reply_to_user_id_str": null, "in_reply_to_screen_name": null, "user": {"id": 2316405764, "id_str": "2316405764", "name": "Miriam Rollin", "screen_name": "RollinMiriam", "location": "Washington, DC", "description": "Director, Education Civil Rights Alliance (convened by National Center for Youth Law)", "url": "https://t.co/64otzUtRRe", "entities": {"url": {"urls": [{"url": "https://t.co/64otzUtRRe", "expanded_url": "http://www.edrights.org", "display_url": "edrights.org", "indices": [0, 23]}]}, "description": {"urls": []}}, "protected": false, "followers_count": 453, "friends_count": 322, "listed_count": 28, "created_at": "Wed Jan 29 02:54:28 +0000 2014", "favourites_count": 8109, "utc_offset": null, "time_zone": null, "geo_enabled": false, "verified": false, "statuses_count": 7748, "lang": null, "contributors_enabled": false, "is_translator": false, "is_translation_enabled": false, "profile_background_color": "C0DEED", "profile_background_image_url": "http://abs.twimg.com/images/themes/theme1/bg.png", "profile_background_image_url_https": "https://abs.twimg.com/images/themes/theme1/bg.png", "profile_background_tile": false, "profile_image_url": "http://pbs.twimg.com/profile_images/928941914128371713/X34Dee1Z_normal.jpg", "profile_image_url_https": "https://pbs.twimg.com/profile_images/928941914128371713/X34Dee1Z_normal.jpg", "profile_link_color": "1DA1F2", "profile_sidebar_border_color": "C0DEED", "profile_sidebar_fill_color": "DDEEF6", "profile_text_color": "333333", "profile_use_background_image": true, "has_extended_profile": false, "default_profile": true, "default_profile_image": false, "following": false, "follow_request_sent": false, "notifications": false, "translator_type": "none"}, "geo": null, "coordinates": null, "place": null, "contributors": null, "is_quote_status": false, "retweet_count": 3, "favorite_count": 2, "favorited": false, "retweeted": false, "possibly_sensitive": false, "lang": "en"}