{"created_at": "Fri Nov 16 23:03:00 +0000 2018", "id": 1063568144806092807, "id_str": "1063568144806092807", "text": "John Piper: \u201cWe are accepted in God\u2019s presence only because of Christ. He is the only Mediator. That is true for sa\u2026 https://t.co/bLQe2I1AEI", "truncated": true, "entities": {"hashtags": [], "symbols": [], "user_mentions": [], "urls": [{"url": "https://t.co/bLQe2I1AEI", "expanded_url": "https://twitter.com/i/web/status/1063568144806092807", "display_url": "twitter.com/i/web/status/1\u2026", "indices": [117, 140]}]}, "source": "<a href=\"https://studio.twitter.com\" rel=\"nofollow\">Twitter Media Studio</a>", "in_reply_to_status_id": null, "in_reply_to_status_id_str": null, "in_reply_to_user_id": null, "in_reply_to_user_id_str": null, "in_reply_to_screen_name": null, "user": {"id": 15890094, "id_str": "15890094", "name": "Desiring God", "screen_name": "desiringGod", "location": "Minneapolis, MN", "description": "God is most glorified in us when we are most satisfied in him.", "url": "https://t.co/wFNWQpt6Fh", "entities": {"url": {"urls": [{"url": "https://t.co/wFNWQpt6Fh", "expanded_url": "https://www.desiringGod.org/subscribe", "display_url": "desiringGod.org/subscribe", "indices": [0, 23]}]}, "description": {"urls": []}}, "protected": false, "followers_count": 540723, "friends_count": 38, "listed_count": 4416, "created_at": "Mon Aug 18 09:23:12 +0000 2008", "favourites_count": 0, "utc_offset": null, "time_zone": null, "geo_enabled": false, "verified": true, "statuses_count": 41757, "lang": null, "contributors_enabled": false, "is_translator": false, "is_translation_enabled": false, "profile_background_color": "2F3034", "profile_background_image_url": "http://abs.twimg.com/images/themes/theme1/bg.png", "profile_background_image_url_https": "https://abs.twimg.com/images/themes/theme1/bg.png", "profile_background_tile": false, "profile_image_url": "http://pbs.twimg.com/profile_images/459022031334285312/GFxDUqf__normal.png", "profile_image_url_https": "https://pbs.twimg.com/profile_images/459022031334285312/GFxDUqf__normal.png", "profile_banner_url": "https://pbs.twimg.com/profile_banners/15890094/1443794716", "profile_link_color": "C6000E", "profile_sidebar_border_color": "FFFFFF", "profile_sidebar_fill_color": "E9F1F5", "profile_text_color": "333333", "profile_use_background_image": true, "has_extended_profile": false, "default_profile": false, "default_profile_image": false, "following": false, "follow_request_sent": false, "notifications": false, "translator_type": "none"}, "geo": null, "coordinates": null, "place": null, "contributors": null, "is_quote_status": false, "retweet_count": 30, "favorite_count": 121, "favorited": false, "retweeted": false, "possibly_sensitive": false, "lang": "en"}