{"created_at": "Fri Nov 16 21:06:56 +0000 2018", "id": 1063538934469353473, "id_str": "1063538934469353473", "text": "U.S. Department of Education Moves to Roll Back Title IX Protections for Sexual Misconduct: AAUW https://t.co/YUh85c6VsM", "truncated": false, "entities": {"hashtags": [], "symbols": [], "user_mentions": [], "urls": [{"url": "https://t.co/YUh85c6VsM", "expanded_url": "https://www.aauw.org/article/department-of-education-moves-to-roll-back-title-ix-protections-for-sexual-misconduct/", "display_url": "aauw.org/article/depart\u2026", "indices": [97, 120]}]}, "source": "<a href=\"http://twitter.com/download/iphone\" rel=\"nofollow\">Twitter for iPhone</a>", "in_reply_to_status_id": null, "in_reply_to_status_id_str": null, "in_reply_to_user_id": null, "in_reply_to_user_id_str": null, "in_reply_to_screen_name": null, "user": {"id": 929871223869370369, "id_str": "929871223869370369", "name": "WGSLockHavenU", "screen_name": "WGSLockHavenU", "location": "Lock Haven, PA", "description": "Women and Gender Studies Minor at Lock Haven University", "url": null, "entities": {"description": {"urls": []}}, "protected": false, "followers_count": 58, "friends_count": 120, "listed_count": 0, "created_at": "Mon Nov 13 00:39:10 +0000 2017", "favourites_count": 117, "utc_offset": null, "time_zone": null, "geo_enabled": false, "verified": false, "statuses_count": 331, "lang": null, "contributors_enabled": false, "is_translator": false, "is_translation_enabled": false, "profile_background_color": "F5F8FA", "profile_background_image_url": null, "profile_background_image_url_https": null, "profile_background_tile": false, "profile_image_url": "http://pbs.twimg.com/profile_images/929871793728507904/HyStQsLG_normal.jpg", "profile_image_url_https": "https://pbs.twimg.com/profile_images/929871793728507904/HyStQsLG_normal.jpg", "profile_banner_url": "https://pbs.twimg.com/profile_banners/929871223869370369/1510533744", "profile_link_color": "1DA1F2", "profile_sidebar_border_color": "C0DEED", "profile_sidebar_fill_color": "DDEEF6", "profile_text_color": "333333", "profile_use_background_image": true, "has_extended_profile": false, "default_profile": true, "default_profile_image": false, "following": false, "follow_request_sent": false, "notifications": false, "translator_type": "none"}, "geo": null, "coordinates": null, "place": null, "contributors": null, "is_quote_status": false, "retweet_count": 0, "favorite_count": 0, "favorited": false, "retweeted": false, "possibly_sensitive": false, "lang": "en"}