{"created_at": "Thu Nov 15 17:00:01 +0000 2018", "id": 1063114409579438080, "id_str": "1063114409579438080", "text": "Bonk some dinosaurs on the head with a giant hammer! Take a swipe at a dragon with the biggest sword you've ever se\u2026 https://t.co/hWIEhWCg2y", "truncated": true, "entities": {"hashtags": [], "symbols": [], "user_mentions": [], "urls": [{"url": "https://t.co/hWIEhWCg2y", "expanded_url": "https://twitter.com/i/web/status/1063114409579438080", "display_url": "twitter.com/i/web/status/1\u2026", "indices": [117, 140]}]}, "source": "<a href=\"https://about.twitter.com/products/tweetdeck\" rel=\"nofollow\">TweetDeck</a>", "in_reply_to_status_id": null, "in_reply_to_status_id_str": null, "in_reply_to_user_id": null, "in_reply_to_user_id_str": null, "in_reply_to_screen_name": null, "user": {"id": 3219516557, "id_str": "3219516557", "name": "Chrono", "screen_name": "chronodeals", "location": "", "description": "One game. One amazing deal. Every day at 9AM Pacific.", "url": "https://t.co/BpvXW0IIuH", "entities": {"url": {"urls": [{"url": "https://t.co/BpvXW0IIuH", "expanded_url": "https://www.chrono.gg", "display_url": "chrono.gg", "indices": [0, 23]}]}, "description": {"urls": []}}, "protected": false, "followers_count": 13770, "friends_count": 57, "listed_count": 118, "created_at": "Wed Apr 29 00:14:26 +0000 2015", "favourites_count": 5565, "utc_offset": null, "time_zone": null, "geo_enabled": false, "verified": true, "statuses_count": 5947, "lang": null, "contributors_enabled": false, "is_translator": false, "is_translation_enabled": false, "profile_background_color": "000000", "profile_background_image_url": "http://abs.twimg.com/images/themes/theme1/bg.png", "profile_background_image_url_https": "https://abs.twimg.com/images/themes/theme1/bg.png", "profile_background_tile": false, "profile_image_url": "http://pbs.twimg.com/profile_images/705158228959748096/OPCXSf4V_normal.jpg", "profile_image_url_https": "https://pbs.twimg.com/profile_images/705158228959748096/OPCXSf4V_normal.jpg", "profile_banner_url": "https://pbs.twimg.com/profile_banners/3219516557/1456957803", "profile_link_color": "5A3C6D", "profile_sidebar_border_color": "000000", "profile_sidebar_fill_color": "000000", "profile_text_color": "000000", "profile_use_background_image": false, "has_extended_profile": false, "default_profile": false, "default_profile_image": false, "following": false, "follow_request_sent": false, "notifications": false, "translator_type": "none"}, "geo": null, "coordinates": null, "place": null, "contributors": null, "is_quote_status": false, "retweet_count": 0, "favorite_count": 6, "favorited": false, "retweeted": false, "possibly_sensitive": false, "lang": "en"}