{"created_at": "Sat Nov 17 15:52:56 +0000 2018", "id": 1063822300934545408, "id_str": "1063822300934545408", "text": "@jaketapper Twitter vs a white house press briefing. Apples and orange man bad", "truncated": false, "entities": {"hashtags": [], "symbols": [], "user_mentions": [{"screen_name": "jaketapper", "name": "Jake Tapper", "id": 14529929, "id_str": "14529929", "indices": [0, 11]}], "urls": []}, "source": "<a href=\"http://twitter.com/download/android\" rel=\"nofollow\">Twitter for Android</a>", "in_reply_to_status_id": 1063608973918724099, "in_reply_to_status_id_str": "1063608973918724099", "in_reply_to_user_id": 14529929, "in_reply_to_user_id_str": "14529929", "in_reply_to_screen_name": "jaketapper", "user": {"id": 946056427310845953, "id_str": "946056427310845953", "name": "David Box", "screen_name": "realDavidBox", "location": "Illinois, USA", "description": "", "url": null, "entities": {"description": {"urls": []}}, "protected": false, "followers_count": 74, "friends_count": 328, "listed_count": 0, "created_at": "Wed Dec 27 16:33:23 +0000 2017", "favourites_count": 16878, "utc_offset": null, "time_zone": null, "geo_enabled": false, "verified": false, "statuses_count": 3533, "lang": null, "contributors_enabled": false, "is_translator": false, "is_translation_enabled": false, "profile_background_color": "F5F8FA", "profile_background_image_url": null, "profile_background_image_url_https": null, "profile_background_tile": false, "profile_image_url": "http://pbs.twimg.com/profile_images/965275376074350594/JAlbKQEy_normal.jpg", "profile_image_url_https": "https://pbs.twimg.com/profile_images/965275376074350594/JAlbKQEy_normal.jpg", "profile_banner_url": "https://pbs.twimg.com/profile_banners/946056427310845953/1518975368", "profile_link_color": "1DA1F2", "profile_sidebar_border_color": "C0DEED", "profile_sidebar_fill_color": "DDEEF6", "profile_text_color": "333333", "profile_use_background_image": true, "has_extended_profile": true, "default_profile": true, "default_profile_image": false, "following": false, "follow_request_sent": false, "notifications": false, "translator_type": "none"}, "geo": null, "coordinates": null, "place": null, "contributors": null, "is_quote_status": false, "retweet_count": 0, "favorite_count": 0, "favorited": false, "retweeted": false, "lang": "en"}