{"created_at": "Thu Nov 15 22:46:47 +0000 2018", "id": 1063201677443022848, "id_str": "1063201677443022848", "text": "U.S. Department of Education Fulfills Administration Promise to Invest $200 Million in STEM Education Department wi\u2026 https://t.co/ImcsSva26G", "truncated": true, "entities": {"hashtags": [], "symbols": [], "user_mentions": [], "urls": [{"url": "https://t.co/ImcsSva26G", "expanded_url": "https://twitter.com/i/web/status/1063201677443022848", "display_url": "twitter.com/i/web/status/1\u2026", "indices": [117, 140]}]}, "source": "<a href=\"http://twitter.com\" rel=\"nofollow\">Twitter Web Client</a>", "in_reply_to_status_id": null, "in_reply_to_status_id_str": null, "in_reply_to_user_id": null, "in_reply_to_user_id_str": null, "in_reply_to_screen_name": null, "user": {"id": 2573286548, "id_str": "2573286548", "name": "Tameka Osabutey, EdD", "screen_name": "tamekaosabutey", "location": "Metro Atlanta, GA", "description": "Wife - Mom - Assistant Principal at West Forsyth High School - Personal Thoughts", "url": "https://t.co/pSnXZItMvt", "entities": {"url": {"urls": [{"url": "https://t.co/pSnXZItMvt", "expanded_url": "https://www.linkedin.com/in/dr-tameka-osabutey-aguedje-9880649a", "display_url": "linkedin.com/in/dr-tameka-o\u2026", "indices": [0, 23]}]}, "description": {"urls": []}}, "protected": false, "followers_count": 1891, "friends_count": 2163, "listed_count": 57, "created_at": "Tue Jun 17 17:33:53 +0000 2014", "favourites_count": 48027, "utc_offset": null, "time_zone": null, "geo_enabled": true, "verified": false, "statuses_count": 11914, "lang": null, "contributors_enabled": false, "is_translator": false, "is_translation_enabled": false, "profile_background_color": "000000", "profile_background_image_url": "http://abs.twimg.com/images/themes/theme1/bg.png", "profile_background_image_url_https": "https://abs.twimg.com/images/themes/theme1/bg.png", "profile_background_tile": false, "profile_image_url": "http://pbs.twimg.com/profile_images/1301681685763891201/9mXUbb6K_normal.jpg", "profile_image_url_https": "https://pbs.twimg.com/profile_images/1301681685763891201/9mXUbb6K_normal.jpg", "profile_banner_url": "https://pbs.twimg.com/profile_banners/2573286548/1595701261", "profile_link_color": "7FDBB6", "profile_sidebar_border_color": "000000", "profile_sidebar_fill_color": "000000", "profile_text_color": "000000", "profile_use_background_image": false, "has_extended_profile": true, "default_profile": false, "default_profile_image": false, "following": false, "follow_request_sent": false, "notifications": false, "translator_type": "none"}, "geo": null, "coordinates": null, "place": null, "contributors": null, "is_quote_status": false, "retweet_count": 0, "favorite_count": 1, "favorited": false, "retweeted": false, "possibly_sensitive": false, "lang": "en"}