{"created_at": "Tue Nov 20 17:00:23 +0000 2018", "id": 1064926438741159936, "id_str": "1064926438741159936", "text": "National turkey (either \"Peas\" or \"Carrots\") visits White House press briefing room. Photo by pooler MailOnline's\u2026 https://t.co/YwVJ17TQ3C", "truncated": true, "entities": {"hashtags": [], "symbols": [], "user_mentions": [], "urls": [{"url": "https://t.co/YwVJ17TQ3C", "expanded_url": "https://twitter.com/i/web/status/1064926438741159936", "display_url": "twitter.com/i/web/status/1\u2026", "indices": [115, 138]}]}, "source": "<a href=\"https://about.twitter.com/products/tweetdeck\" rel=\"nofollow\">TweetDeck</a>", "in_reply_to_status_id": null, "in_reply_to_status_id_str": null, "in_reply_to_user_id": null, "in_reply_to_user_id_str": null, "in_reply_to_screen_name": null, "user": {"id": 139790901, "id_str": "139790901", "name": "S.A. Miller", "screen_name": "samillertimes", "location": "Washington, DC", "description": "Politics Editor at The Washington Times. Email tips to SMiller@WashingtonTimes.Com", "url": "http://t.co/dlFoxnZBgC", "entities": {"url": {"urls": [{"url": "http://t.co/dlFoxnZBgC", "expanded_url": "http://www.washingtontimes.com", "display_url": "washingtontimes.com", "indices": [0, 22]}]}, "description": {"urls": []}}, "protected": false, "followers_count": 906, "friends_count": 1028, "listed_count": 50, "created_at": "Mon May 03 17:58:56 +0000 2010", "favourites_count": 131, "utc_offset": null, "time_zone": null, "geo_enabled": false, "verified": false, "statuses_count": 1899, "lang": null, "contributors_enabled": false, "is_translator": false, "is_translation_enabled": false, "profile_background_color": "E1EBC1", "profile_background_image_url": "http://abs.twimg.com/images/themes/theme1/bg.png", "profile_background_image_url_https": "https://abs.twimg.com/images/themes/theme1/bg.png", "profile_background_tile": false, "profile_image_url": "http://pbs.twimg.com/profile_images/1004486577521938432/z-nB5afv_normal.jpg", "profile_image_url_https": "https://pbs.twimg.com/profile_images/1004486577521938432/z-nB5afv_normal.jpg", "profile_banner_url": "https://pbs.twimg.com/profile_banners/139790901/1483750389", "profile_link_color": "0084B4", "profile_sidebar_border_color": "FFFFFF", "profile_sidebar_fill_color": "DDEEF6", "profile_text_color": "333333", "profile_use_background_image": true, "has_extended_profile": false, "default_profile": false, "default_profile_image": false, "following": false, "follow_request_sent": false, "notifications": false, "translator_type": "none"}, "geo": null, "coordinates": null, "place": null, "contributors": null, "is_quote_status": false, "retweet_count": 0, "favorite_count": 3, "favorited": false, "retweeted": false, "possibly_sensitive": false, "lang": "en"}