{"created_at": "Mon Nov 19 21:22:46 +0000 2018", "id": 1064630083560718336, "id_str": "1064630083560718336", "text": "@Acosta Congratulations. This time you better not make a big show of walking out of a White House press briefing ag\u2026 https://t.co/9Z2EObi1ub", "truncated": true, "entities": {"hashtags": [], "symbols": [], "user_mentions": [{"screen_name": "Acosta", "name": "Jim Acosta", "id": 22771961, "id_str": "22771961", "indices": [0, 7]}], "urls": [{"url": "https://t.co/9Z2EObi1ub", "expanded_url": "https://twitter.com/i/web/status/1064630083560718336", "display_url": "twitter.com/i/web/status/1\u2026", "indices": [117, 140]}]}, "source": "<a href=\"http://twitter.com/#!/download/ipad\" rel=\"nofollow\">Twitter for iPad</a>", "in_reply_to_status_id": 1064624269206917120, "in_reply_to_status_id_str": "1064624269206917120", "in_reply_to_user_id": 22771961, "in_reply_to_user_id_str": "22771961", "in_reply_to_screen_name": "Acosta", "user": {"id": 874127073467445248, "id_str": "874127073467445248", "name": "NativeInTheCity\ud83c\uddfa\ud83c\uddf8", "screen_name": "NativeInTheCity", "location": "San Francisco", "description": "", "url": null, "entities": {"description": {"urls": []}}, "protected": false, "followers_count": 146, "friends_count": 383, "listed_count": 0, "created_at": "Mon Jun 12 04:51:49 +0000 2017", "favourites_count": 18641, "utc_offset": null, "time_zone": null, "geo_enabled": true, "verified": false, "statuses_count": 1191, "lang": null, "contributors_enabled": false, "is_translator": false, "is_translation_enabled": false, "profile_background_color": "000000", "profile_background_image_url": "http://abs.twimg.com/images/themes/theme1/bg.png", "profile_background_image_url_https": "https://abs.twimg.com/images/themes/theme1/bg.png", "profile_background_tile": false, "profile_image_url": "http://pbs.twimg.com/profile_images/1279466091358482433/EU2zbEoT_normal.jpg", "profile_image_url_https": "https://pbs.twimg.com/profile_images/1279466091358482433/EU2zbEoT_normal.jpg", "profile_banner_url": "https://pbs.twimg.com/profile_banners/874127073467445248/1593883522", "profile_link_color": "1B95E0", "profile_sidebar_border_color": "000000", "profile_sidebar_fill_color": "000000", "profile_text_color": "000000", "profile_use_background_image": false, "has_extended_profile": false, "default_profile": false, "default_profile_image": false, "following": false, "follow_request_sent": false, "notifications": false, "translator_type": "none"}, "geo": null, "coordinates": null, "place": null, "contributors": null, "is_quote_status": false, "retweet_count": 0, "favorite_count": 0, "favorited": false, "retweeted": false, "lang": "en"}