{"created_at": "Mon Nov 19 15:06:37 +0000 2018", "id": 1064535422460661760, "id_str": "1064535422460661760", "text": "CNN requests emergency briefing as White House looks to revoke Jim Acosta\u2019s credential again | Fox\u00a0News https://t.co/EffVY0m91x", "truncated": false, "entities": {"hashtags": [], "symbols": [], "user_mentions": [], "urls": [{"url": "https://t.co/EffVY0m91x", "expanded_url": "https://patriotify.com/2018/11/19/cnn-requests-emergency-briefing-as-white-house-looks-to-revoke-jim-acostas-credential-again-fox-news-2/", "display_url": "patriotify.com/2018/11/19/cnn\u2026", "indices": [104, 127]}]}, "source": "<a href=\"http://publicize.wp.com/\" rel=\"nofollow\">WordPress.com</a>", "in_reply_to_status_id": null, "in_reply_to_status_id_str": null, "in_reply_to_user_id": null, "in_reply_to_user_id_str": null, "in_reply_to_screen_name": null, "user": {"id": 982981684256620544, "id_str": "982981684256620544", "name": "Patriotify", "screen_name": "JoinPatriotify", "location": "United States", "description": "Retweets, likes and follows are not necessarily endorsements.", "url": null, "entities": {"description": {"urls": []}}, "protected": false, "followers_count": 17542, "friends_count": 18056, "listed_count": 10, "created_at": "Sun Apr 08 14:01:11 +0000 2018", "favourites_count": 16709, "utc_offset": null, "time_zone": null, "geo_enabled": false, "verified": false, "statuses_count": 231806, "lang": null, "contributors_enabled": false, "is_translator": false, "is_translation_enabled": false, "profile_background_color": "F5F8FA", "profile_background_image_url": null, "profile_background_image_url_https": null, "profile_background_tile": false, "profile_image_url": "http://pbs.twimg.com/profile_images/982985463047733249/yMrEeryG_normal.jpg", "profile_image_url_https": "https://pbs.twimg.com/profile_images/982985463047733249/yMrEeryG_normal.jpg", "profile_link_color": "1DA1F2", "profile_sidebar_border_color": "C0DEED", "profile_sidebar_fill_color": "DDEEF6", "profile_text_color": "333333", "profile_use_background_image": true, "has_extended_profile": true, "default_profile": true, "default_profile_image": false, "following": false, "follow_request_sent": false, "notifications": false, "translator_type": "none"}, "geo": null, "coordinates": null, "place": null, "contributors": null, "is_quote_status": false, "retweet_count": 2, "favorite_count": 1, "favorited": false, "retweeted": false, "possibly_sensitive": false, "lang": "en"}