{"created_at": "Tue Nov 20 17:46:08 +0000 2018", "id": 1064937953259110401, "id_str": "1064937953259110401", "text": "BREAKING: Jim Acosta loses title of \u2018Biggest Turkey in the White House Briefing Room\u2019 https://t.co/giDcfpOmIG via @twitchyteam", "truncated": false, "entities": {"hashtags": [], "symbols": [], "user_mentions": [{"screen_name": "TwitchyTeam", "name": "Twitchy Team", "id": 469194846, "id_str": "469194846", "indices": [114, 126]}], "urls": [{"url": "https://t.co/giDcfpOmIG", "expanded_url": "https://twitchy.com/gregp-3534/2018/11/20/breaking-jim-acosta-loses-title-of-biggest-turkey-in-the-white-house-briefing-room/", "display_url": "twitchy.com/gregp-3534/201\u2026", "indices": [86, 109]}]}, "source": "<a href=\"http://twitter.com\" rel=\"nofollow\">Twitter Web Client</a>", "in_reply_to_status_id": null, "in_reply_to_status_id_str": null, "in_reply_to_user_id": null, "in_reply_to_user_id_str": null, "in_reply_to_screen_name": null, "user": {"id": 205971568, "id_str": "205971568", "name": "Liz V", "screen_name": "ShoreEJV", "location": "Near the beach, New Jersey", "description": "Retired, worked in NYC for 35+ years and live on the Jersey Shore. Enjoy photography and watching the NJ Devils. Love gardening & growing yummy Jersey tomatoes.", "url": null, "entities": {"description": {"urls": []}}, "protected": false, "followers_count": 2359, "friends_count": 2271, "listed_count": 50, "created_at": "Fri Oct 22 00:41:36 +0000 2010", "favourites_count": 3044, "utc_offset": null, "time_zone": null, "geo_enabled": true, "verified": false, "statuses_count": 142464, "lang": null, "contributors_enabled": false, "is_translator": false, "is_translation_enabled": false, "profile_background_color": "C0DEED", "profile_background_image_url": "http://abs.twimg.com/images/themes/theme1/bg.png", "profile_background_image_url_https": "https://abs.twimg.com/images/themes/theme1/bg.png", "profile_background_tile": false, "profile_image_url": "http://pbs.twimg.com/profile_images/2714238519/154dd660702b433650766510e8f2cc86_normal.jpeg", "profile_image_url_https": "https://pbs.twimg.com/profile_images/2714238519/154dd660702b433650766510e8f2cc86_normal.jpeg", "profile_banner_url": "https://pbs.twimg.com/profile_banners/205971568/1419625038", "profile_link_color": "1DA1F2", "profile_sidebar_border_color": "C0DEED", "profile_sidebar_fill_color": "DDEEF6", "profile_text_color": "333333", "profile_use_background_image": true, "has_extended_profile": false, "default_profile": true, "default_profile_image": false, "following": false, "follow_request_sent": false, "notifications": false, "translator_type": "none"}, "geo": null, "coordinates": null, "place": null, "contributors": null, "is_quote_status": false, "retweet_count": 0, "favorite_count": 0, "favorited": false, "retweeted": false, "possibly_sensitive": false, "lang": "en"}