{"created_at": "Mon Nov 19 18:31:23 +0000 2018", "id": 1064586953876750342, "id_str": "1064586953876750342", "text": "White House initiates process to suspend Jim Acosta\u2019s press pass, Acosta seeks expedited court briefing https://t.co/GtH3p2KQiW", "truncated": false, "entities": {"hashtags": [], "symbols": [], "user_mentions": [], "urls": [{"url": "https://t.co/GtH3p2KQiW", "expanded_url": "https://legalinsurrection.com/2018/11/white-house-initiates-process-to-suspend-jim-acostas-press-pass-acosta-seeks-expedited-court-briefing/", "display_url": "legalinsurrection.com/2018/11/white-\u2026", "indices": [104, 127]}]}, "source": "<a href=\"http://twitter.com\" rel=\"nofollow\">Twitter Web Client</a>", "in_reply_to_status_id": null, "in_reply_to_status_id_str": null, "in_reply_to_user_id": null, "in_reply_to_user_id_str": null, "in_reply_to_screen_name": null, "user": {"id": 992232814912397312, "id_str": "992232814912397312", "name": "Stephaniegaatl", "screen_name": "stephaniegaatl", "location": "Atlanta, GA", "description": "Deplorable She Virulently THWG and pro Trump.  Conservative IT granma  Call me NeNe #MAGA #KAG #walkaway #Deplorable \ud83d\udcaf#VOTERIDNOW", "url": null, "entities": {"description": {"urls": []}}, "protected": false, "followers_count": 3184, "friends_count": 4074, "listed_count": 0, "created_at": "Fri May 04 02:41:52 +0000 2018", "favourites_count": 2154, "utc_offset": null, "time_zone": null, "geo_enabled": false, "verified": false, "statuses_count": 15164, "lang": null, "contributors_enabled": false, "is_translator": false, "is_translation_enabled": false, "profile_background_color": "000000", "profile_background_image_url": "http://abs.twimg.com/images/themes/theme1/bg.png", "profile_background_image_url_https": "https://abs.twimg.com/images/themes/theme1/bg.png", "profile_background_tile": false, "profile_image_url": "http://pbs.twimg.com/profile_images/1016388642443427841/DG1CpIJU_normal.jpg", "profile_image_url_https": "https://pbs.twimg.com/profile_images/1016388642443427841/DG1CpIJU_normal.jpg", "profile_banner_url": "https://pbs.twimg.com/profile_banners/992232814912397312/1531070570", "profile_link_color": "E81C4F", "profile_sidebar_border_color": "000000", "profile_sidebar_fill_color": "000000", "profile_text_color": "000000", "profile_use_background_image": false, "has_extended_profile": true, "default_profile": false, "default_profile_image": false, "following": false, "follow_request_sent": false, "notifications": false, "translator_type": "none"}, "geo": null, "coordinates": null, "place": null, "contributors": null, "is_quote_status": false, "retweet_count": 0, "favorite_count": 0, "favorited": false, "retweeted": false, "possibly_sensitive": false, "lang": "en"}