{"created_at": "Mon Nov 19 13:54:46 +0000 2018", "id": 1064517341667504130, "id_str": "1064517341667504130", "text": "Another new week begins in the White House. Man baby #DonaldTrump has had his intelligence briefing from #FoxNews a\u2026 https://t.co/mHzxrdzNNr", "truncated": true, "entities": {"hashtags": [{"text": "DonaldTrump", "indices": [53, 65]}, {"text": "FoxNews", "indices": [105, 113]}], "symbols": [], "user_mentions": [], "urls": [{"url": "https://t.co/mHzxrdzNNr", "expanded_url": "https://twitter.com/i/web/status/1064517341667504130", "display_url": "twitter.com/i/web/status/1\u2026", "indices": [117, 140]}]}, "source": "<a href=\"http://twitter.com\" rel=\"nofollow\">Twitter Web Client</a>", "in_reply_to_status_id": null, "in_reply_to_status_id_str": null, "in_reply_to_user_id": null, "in_reply_to_user_id_str": null, "in_reply_to_screen_name": null, "user": {"id": 163909723, "id_str": "163909723", "name": "Trump Hating Vet", "screen_name": "BayAreaHorndog", "location": "San Francisco Bay Area", "description": "An old guy who believes that Donald Trump is a disgrace to America and humanity who has already proven himself to be the worst President in US history! Sad!", "url": null, "entities": {"description": {"urls": []}}, "protected": false, "followers_count": 252, "friends_count": 16, "listed_count": 52, "created_at": "Wed Jul 07 15:38:27 +0000 2010", "favourites_count": 94, "utc_offset": null, "time_zone": null, "geo_enabled": false, "verified": false, "statuses_count": 62892, "lang": null, "contributors_enabled": false, "is_translator": false, "is_translation_enabled": false, "profile_background_color": "07090B", "profile_background_image_url": "http://abs.twimg.com/images/themes/theme11/bg.gif", "profile_background_image_url_https": "https://abs.twimg.com/images/themes/theme11/bg.gif", "profile_background_tile": true, "profile_image_url": "http://pbs.twimg.com/profile_images/471784452733952000/QaWC_10I_normal.jpeg", "profile_image_url_https": "https://pbs.twimg.com/profile_images/471784452733952000/QaWC_10I_normal.jpeg", "profile_banner_url": "https://pbs.twimg.com/profile_banners/163909723/1532982700", "profile_link_color": "C34242", "profile_sidebar_border_color": "BFBFBF", "profile_sidebar_fill_color": "C9C9C9", "profile_text_color": "1C1F23", "profile_use_background_image": true, "has_extended_profile": false, "default_profile": false, "default_profile_image": false, "following": false, "follow_request_sent": false, "notifications": false, "translator_type": "none"}, "geo": null, "coordinates": null, "place": null, "contributors": null, "is_quote_status": false, "retweet_count": 0, "favorite_count": 1, "favorited": false, "retweeted": false, "possibly_sensitive": false, "lang": "en"}