{"created_at": "Mon Nov 19 15:40:03 +0000 2018", "id": 1064543837509562368, "id_str": "1064543837509562368", "text": "CNN requests emergency briefing as White House looks to revoke Jim Acosta\u2019s credential again https://t.co/FYdmj9GIbc #FoxNews", "truncated": false, "entities": {"hashtags": [{"text": "FoxNews", "indices": [117, 125]}], "symbols": [], "user_mentions": [], "urls": [{"url": "https://t.co/FYdmj9GIbc", "expanded_url": "https://fxn.ws/2Ft4ddq", "display_url": "fxn.ws/2Ft4ddq", "indices": [93, 116]}]}, "source": "<a href=\"http://twitter.com\" rel=\"nofollow\">Twitter Web Client</a>", "in_reply_to_status_id": null, "in_reply_to_status_id_str": null, "in_reply_to_user_id": null, "in_reply_to_user_id_str": null, "in_reply_to_screen_name": null, "user": {"id": 884304968, "id_str": "884304968", "name": "#Thankful", "screen_name": "Just_a_Texan", "location": "War Room", "description": "Don't follow if you're PC, vote DEM, don't vote or are racist. \ud83c\uddfa\ud83c\uddf8 #StopTheSteal", "url": null, "entities": {"description": {"urls": []}}, "protected": false, "followers_count": 75240, "friends_count": 68974, "listed_count": 425, "created_at": "Tue Oct 16 12:05:41 +0000 2012", "favourites_count": 3061, "utc_offset": null, "time_zone": null, "geo_enabled": false, "verified": false, "statuses_count": 29206, "lang": null, "contributors_enabled": false, "is_translator": false, "is_translation_enabled": false, "profile_background_color": "C0DEED", "profile_background_image_url": "http://abs.twimg.com/images/themes/theme1/bg.png", "profile_background_image_url_https": "https://abs.twimg.com/images/themes/theme1/bg.png", "profile_background_tile": false, "profile_image_url": "http://pbs.twimg.com/profile_images/1064228266758701056/fSkMpbSg_normal.jpg", "profile_image_url_https": "https://pbs.twimg.com/profile_images/1064228266758701056/fSkMpbSg_normal.jpg", "profile_banner_url": "https://pbs.twimg.com/profile_banners/884304968/1539535250", "profile_link_color": "E81C4F", "profile_sidebar_border_color": "C0DEED", "profile_sidebar_fill_color": "DDEEF6", "profile_text_color": "333333", "profile_use_background_image": true, "has_extended_profile": true, "default_profile": false, "default_profile_image": false, "following": false, "follow_request_sent": false, "notifications": false, "translator_type": "none"}, "geo": null, "coordinates": null, "place": null, "contributors": null, "is_quote_status": false, "retweet_count": 1, "favorite_count": 4, "favorited": false, "retweeted": false, "possibly_sensitive": false, "lang": "en"}