{"created_at": "Tue Nov 20 20:39:10 +0000 2018", "id": 1064981499903131650, "id_str": "1064981499903131650", "text": "Just heard John Prine on Irish radio and realized I'm furious that Trump is taking up so much of our time and wasti\u2026 https://t.co/C15IB4DDcm", "truncated": true, "entities": {"hashtags": [], "symbols": [], "user_mentions": [], "urls": [{"url": "https://t.co/C15IB4DDcm", "expanded_url": "https://twitter.com/i/web/status/1064981499903131650", "display_url": "twitter.com/i/web/status/1\u2026", "indices": [117, 140]}]}, "source": "<a href=\"http://twitter.com\" rel=\"nofollow\">Twitter Web Client</a>", "in_reply_to_status_id": null, "in_reply_to_status_id_str": null, "in_reply_to_user_id": null, "in_reply_to_user_id_str": null, "in_reply_to_screen_name": null, "user": {"id": 4207731253, "id_str": "4207731253", "name": "Glenda Gilmore", "screen_name": "GilmoreGlenda", "location": "County Kerry, Ireland", "description": "Historian. American living in Ireland.", "url": "https://t.co/UttfOF8WsQ", "entities": {"url": {"urls": [{"url": "https://t.co/UttfOF8WsQ", "expanded_url": "https://history.yale.edu/people/glenda-gilmore", "display_url": "history.yale.edu/people/glenda-\u2026", "indices": [0, 23]}]}, "description": {"urls": []}}, "protected": false, "followers_count": 16683, "friends_count": 670, "listed_count": 165, "created_at": "Thu Nov 12 02:21:43 +0000 2015", "favourites_count": 16242, "utc_offset": null, "time_zone": null, "geo_enabled": false, "verified": false, "statuses_count": 9805, "lang": null, "contributors_enabled": false, "is_translator": false, "is_translation_enabled": false, "profile_background_color": "C0DEED", "profile_background_image_url": "http://abs.twimg.com/images/themes/theme1/bg.png", "profile_background_image_url_https": "https://abs.twimg.com/images/themes/theme1/bg.png", "profile_background_tile": false, "profile_image_url": "http://pbs.twimg.com/profile_images/1226971744734531584/GmDgtbsA_normal.jpg", "profile_image_url_https": "https://pbs.twimg.com/profile_images/1226971744734531584/GmDgtbsA_normal.jpg", "profile_banner_url": "https://pbs.twimg.com/profile_banners/4207731253/1486741622", "profile_link_color": "1DA1F2", "profile_sidebar_border_color": "C0DEED", "profile_sidebar_fill_color": "DDEEF6", "profile_text_color": "333333", "profile_use_background_image": true, "has_extended_profile": false, "default_profile": true, "default_profile_image": false, "following": false, "follow_request_sent": false, "notifications": false, "translator_type": "none"}, "geo": null, "coordinates": null, "place": null, "contributors": null, "is_quote_status": false, "retweet_count": 1, "favorite_count": 16, "favorited": false, "retweeted": false, "possibly_sensitive": false, "lang": "en"}