{"created_at": "Tue Nov 20 17:27:00 +0000 2018", "id": 1064933140609855488, "id_str": "1064933140609855488", "text": "Please share and sign the petition to get Alex Jones press credentials at the White House press briefing https://t.co/IV97QeziwU", "truncated": false, "entities": {"hashtags": [], "symbols": [], "user_mentions": [], "urls": [{"url": "https://t.co/IV97QeziwU", "expanded_url": "https://youtu.be/287_ynf8kCc", "display_url": "youtu.be/287_ynf8kCc", "indices": [105, 128]}]}, "source": "<a href=\"http://twitter.com/download/android\" rel=\"nofollow\">Twitter for Android</a>", "in_reply_to_status_id": null, "in_reply_to_status_id_str": null, "in_reply_to_user_id": null, "in_reply_to_user_id_str": null, "in_reply_to_screen_name": null, "user": {"id": 1024089138151215104, "id_str": "1024089138151215104", "name": "Wade Flannery", "screen_name": "FlanneryWade", "location": "Lebanon, TN", "description": "Single dad of 2! I love God, my kids, & the USA! I'm loyal until betrayed and I love all activities outside. Just a simple southern boy!", "url": null, "entities": {"description": {"urls": []}}, "protected": false, "followers_count": 97, "friends_count": 41, "listed_count": 1, "created_at": "Tue Jul 31 00:27:31 +0000 2018", "favourites_count": 19855, "utc_offset": null, "time_zone": null, "geo_enabled": true, "verified": false, "statuses_count": 5123, "lang": null, "contributors_enabled": false, "is_translator": false, "is_translation_enabled": false, "profile_background_color": "F5F8FA", "profile_background_image_url": null, "profile_background_image_url_https": null, "profile_background_tile": false, "profile_image_url": "http://pbs.twimg.com/profile_images/1148448643013324800/38K3n3pV_normal.jpg", "profile_image_url_https": "https://pbs.twimg.com/profile_images/1148448643013324800/38K3n3pV_normal.jpg", "profile_link_color": "1DA1F2", "profile_sidebar_border_color": "C0DEED", "profile_sidebar_fill_color": "DDEEF6", "profile_text_color": "333333", "profile_use_background_image": true, "has_extended_profile": false, "default_profile": true, "default_profile_image": false, "following": false, "follow_request_sent": false, "notifications": false, "translator_type": "none"}, "geo": null, "coordinates": null, "place": null, "contributors": null, "is_quote_status": false, "retweet_count": 0, "favorite_count": 1, "favorited": false, "retweeted": false, "possibly_sensitive": false, "lang": "en"}