{"created_at": "Tue Nov 20 16:38:37 +0000 2018", "id": 1064920964272656384, "id_str": "1064920964272656384", "text": "Fun fact: This turkey has spent more time at the podium in the White House briefing room than @PressSec for the ent\u2026 https://t.co/U2HFi2bO2z", "truncated": true, "entities": {"hashtags": [], "symbols": [], "user_mentions": [{"screen_name": "PressSec", "name": "Kayleigh McEnany", "id": 818927131883356161, "id_str": "818927131883356161", "indices": [94, 103]}], "urls": [{"url": "https://t.co/U2HFi2bO2z", "expanded_url": "https://twitter.com/i/web/status/1064920964272656384", "display_url": "twitter.com/i/web/status/1\u2026", "indices": [117, 140]}]}, "source": "<a href=\"http://twitter.com/download/iphone\" rel=\"nofollow\">Twitter for iPhone</a>", "in_reply_to_status_id": null, "in_reply_to_status_id_str": null, "in_reply_to_user_id": null, "in_reply_to_user_id_str": null, "in_reply_to_screen_name": null, "user": {"id": 384335594, "id_str": "384335594", "name": "Alex Mallin", "screen_name": "alex_mallin", "location": "Washington, DC", "description": "Covering the Justice Department for @ABC email: Alexander.W.Mallin@abc.com", "url": "https://t.co/yBlwx94KYm", "entities": {"url": {"urls": [{"url": "https://t.co/yBlwx94KYm", "expanded_url": "http://abcnews.go.com", "display_url": "abcnews.go.com", "indices": [0, 23]}]}, "description": {"urls": []}}, "protected": false, "followers_count": 11376, "friends_count": 3324, "listed_count": 366, "created_at": "Mon Oct 03 14:12:59 +0000 2011", "favourites_count": 10434, "utc_offset": null, "time_zone": null, "geo_enabled": true, "verified": true, "statuses_count": 11908, "lang": null, "contributors_enabled": false, "is_translator": false, "is_translation_enabled": false, "profile_background_color": "352726", "profile_background_image_url": "http://abs.twimg.com/images/themes/theme1/bg.png", "profile_background_image_url_https": "https://abs.twimg.com/images/themes/theme1/bg.png", "profile_background_tile": false, "profile_image_url": "http://pbs.twimg.com/profile_images/1239368916104773638/wp3s1sQ9_normal.jpg", "profile_image_url_https": "https://pbs.twimg.com/profile_images/1239368916104773638/wp3s1sQ9_normal.jpg", "profile_banner_url": "https://pbs.twimg.com/profile_banners/384335594/1582077030", "profile_link_color": "D02B55", "profile_sidebar_border_color": "829D5E", "profile_sidebar_fill_color": "99CC33", "profile_text_color": "3E4415", "profile_use_background_image": false, "has_extended_profile": true, "default_profile": false, "default_profile_image": false, "following": false, "follow_request_sent": false, "notifications": false, "translator_type": "none"}, "geo": null, "coordinates": null, "place": null, "contributors": null, "is_quote_status": false, "retweet_count": 2192, "favorite_count": 8775, "favorited": false, "retweeted": false, "possibly_sensitive": false, "lang": "en"}