{"created_at": "Sun Nov 18 14:04:24 +0000 2018", "id": 1064157378373914624, "id_str": "1064157378373914624", "text": "Secretary DeVos Releases Guide to Help Families Understand School Report Cards Required by ESSA | U.S. Department o\u2026 https://t.co/f6cjvAaoy1", "truncated": true, "entities": {"hashtags": [], "symbols": [], "user_mentions": [], "urls": [{"url": "https://t.co/f6cjvAaoy1", "expanded_url": "https://twitter.com/i/web/status/1064157378373914624", "display_url": "twitter.com/i/web/status/1\u2026", "indices": [117, 140]}]}, "source": "<a href=\"http://www.facebook.com/twitter\" rel=\"nofollow\">Facebook</a>", "in_reply_to_status_id": null, "in_reply_to_status_id_str": null, "in_reply_to_user_id": null, "in_reply_to_user_id_str": null, "in_reply_to_screen_name": null, "user": {"id": 192279318, "id_str": "192279318", "name": "Yessica M. Guardiola", "screen_name": "yguardiola", "location": "Puerto Rico", "description": "Creo en el origen divino del ser humano y en el poder del Amor. /\r\n  \r\nI do believe in the divine origin of human and the power of Love.", "url": "http://t.co/75D4zZSykG", "entities": {"url": {"urls": [{"url": "http://t.co/75D4zZSykG", "expanded_url": "http://www.facebook.com/yguardiola", "display_url": "facebook.com/yguardiola", "indices": [0, 22]}]}, "description": {"urls": []}}, "protected": false, "followers_count": 907, "friends_count": 1999, "listed_count": 18, "created_at": "Sat Sep 18 17:47:00 +0000 2010", "favourites_count": 860, "utc_offset": null, "time_zone": null, "geo_enabled": false, "verified": false, "statuses_count": 34195, "lang": null, "contributors_enabled": false, "is_translator": false, "is_translation_enabled": false, "profile_background_color": "C0DEED", "profile_background_image_url": "http://abs.twimg.com/images/themes/theme1/bg.png", "profile_background_image_url_https": "https://abs.twimg.com/images/themes/theme1/bg.png", "profile_background_tile": false, "profile_image_url": "http://pbs.twimg.com/profile_images/1134927076715311105/DSpG_8sv_normal.jpg", "profile_image_url_https": "https://pbs.twimg.com/profile_images/1134927076715311105/DSpG_8sv_normal.jpg", "profile_banner_url": "https://pbs.twimg.com/profile_banners/192279318/1540159640", "profile_link_color": "1DA1F2", "profile_sidebar_border_color": "C0DEED", "profile_sidebar_fill_color": "DDEEF6", "profile_text_color": "333333", "profile_use_background_image": true, "has_extended_profile": false, "default_profile": true, "default_profile_image": false, "following": false, "follow_request_sent": false, "notifications": false, "translator_type": "none"}, "geo": null, "coordinates": null, "place": null, "contributors": null, "is_quote_status": false, "retweet_count": 0, "favorite_count": 0, "favorited": false, "retweeted": false, "possibly_sensitive": false, "lang": "en"}