{"created_at": "Tue Nov 20 01:06:35 +0000 2018", "id": 1064686408097517568, "id_str": "1064686408097517568", "text": "Congratulations To @NYCSchools M.S. 216Q - George J. Ryan School in #FreshMeadows, #Queens For Achieving National B\u2026 https://t.co/GNDoVy4eaR", "truncated": true, "entities": {"hashtags": [{"text": "FreshMeadows", "indices": [68, 81]}, {"text": "Queens", "indices": [83, 90]}], "symbols": [], "user_mentions": [{"screen_name": "NYCSchools", "name": "NYC Public Schools", "id": 22049097, "id_str": "22049097", "indices": [19, 30]}], "urls": [{"url": "https://t.co/GNDoVy4eaR", "expanded_url": "https://twitter.com/i/web/status/1064686408097517568", "display_url": "twitter.com/i/web/status/1\u2026", "indices": [117, 140]}]}, "source": "<a href=\"http://twitter.com/download/android\" rel=\"nofollow\">Twitter for Android</a>", "in_reply_to_status_id": null, "in_reply_to_status_id_str": null, "in_reply_to_user_id": null, "in_reply_to_user_id_str": null, "in_reply_to_screen_name": null, "user": {"id": 3427205007, "id_str": "3427205007", "name": "NYPD Ceremonial Unit", "screen_name": "NYPDCeremonial", "location": "", "description": "Lieutenant Jamel Hodges, Commanding Officer. The Official Twitter Page Of The Ceremonial Unit. User Policy: https://t.co/zsNvfz4UH2", "url": "https://t.co/DYQTqup94s", "entities": {"url": {"urls": [{"url": "https://t.co/DYQTqup94s", "expanded_url": "http://www.nyc.gov/html/nypd/html/home/home.shtml", "display_url": "nyc.gov/html/nypd/html\u2026", "indices": [0, 23]}]}, "description": {"urls": [{"url": "https://t.co/zsNvfz4UH2", "expanded_url": "http://on.nyc.gov/2FDGya2", "display_url": "on.nyc.gov/2FDGya2", "indices": [108, 131]}]}}, "protected": false, "followers_count": 8737, "friends_count": 202, "listed_count": 90, "created_at": "Mon Aug 17 03:11:31 +0000 2015", "favourites_count": 4405, "utc_offset": null, "time_zone": null, "geo_enabled": true, "verified": true, "statuses_count": 3492, "lang": null, "contributors_enabled": false, "is_translator": false, "is_translation_enabled": false, "profile_background_color": "000000", "profile_background_image_url": "http://abs.twimg.com/images/themes/theme12/bg.gif", "profile_background_image_url_https": "https://abs.twimg.com/images/themes/theme12/bg.gif", "profile_background_tile": false, "profile_image_url": "http://pbs.twimg.com/profile_images/1289624101196365824/RI2Fk8zg_normal.jpg", "profile_image_url_https": "https://pbs.twimg.com/profile_images/1289624101196365824/RI2Fk8zg_normal.jpg", "profile_banner_url": "https://pbs.twimg.com/profile_banners/3427205007/1590035563", "profile_link_color": "DD0B0B", "profile_sidebar_border_color": "000000", "profile_sidebar_fill_color": "000000", "profile_text_color": "000000", "profile_use_background_image": false, "has_extended_profile": false, "default_profile": false, "default_profile_image": false, "following": false, "follow_request_sent": false, "notifications": false, "translator_type": "none"}, "geo": null, "coordinates": null, "place": null, "contributors": null, "is_quote_status": false, "retweet_count": 4, "favorite_count": 35, "favorited": false, "retweeted": false, "possibly_sensitive": false, "lang": "en"}