{"created_at": "Mon Nov 19 18:33:52 +0000 2018", "id": 1064587579083931649, "id_str": "1064587579083931649", "text": "CNN requests emergency briefing as White House looks to revoke Jim Acosta\u2019s credential again\u2026 https://t.co/i7bCNBrABW", "truncated": true, "entities": {"hashtags": [], "symbols": [], "user_mentions": [], "urls": [{"url": "https://t.co/i7bCNBrABW", "expanded_url": "https://twitter.com/i/web/status/1064587579083931649", "display_url": "twitter.com/i/web/status/1\u2026", "indices": [94, 117]}]}, "source": "<a href=\"http://twitter.com/#!/download/ipad\" rel=\"nofollow\">Twitter for iPad</a>", "in_reply_to_status_id": null, "in_reply_to_status_id_str": null, "in_reply_to_user_id": null, "in_reply_to_user_id_str": null, "in_reply_to_screen_name": null, "user": {"id": 1160775618, "id_str": "1160775618", "name": "@rdjo", "screen_name": "d_roneal", "location": "Missouri, USA", "description": "Intelligence only allowed!Trump Maga!English only,if I can\u2019t read it I block it!Dont need dates or DM! Save America by supporting President Trump & Vote red", "url": null, "entities": {"description": {"urls": []}}, "protected": false, "followers_count": 14159, "friends_count": 12834, "listed_count": 165, "created_at": "Fri Feb 08 17:43:52 +0000 2013", "favourites_count": 4339, "utc_offset": null, "time_zone": null, "geo_enabled": false, "verified": false, "statuses_count": 330906, "lang": null, "contributors_enabled": false, "is_translator": false, "is_translation_enabled": false, "profile_background_color": "C0DEED", "profile_background_image_url": "http://abs.twimg.com/images/themes/theme1/bg.png", "profile_background_image_url_https": "https://abs.twimg.com/images/themes/theme1/bg.png", "profile_background_tile": false, "profile_image_url": "http://pbs.twimg.com/profile_images/1072852007038390272/7ezf2l71_normal.jpg", "profile_image_url_https": "https://pbs.twimg.com/profile_images/1072852007038390272/7ezf2l71_normal.jpg", "profile_link_color": "1DA1F2", "profile_sidebar_border_color": "C0DEED", "profile_sidebar_fill_color": "DDEEF6", "profile_text_color": "333333", "profile_use_background_image": true, "has_extended_profile": false, "default_profile": true, "default_profile_image": false, "following": false, "follow_request_sent": false, "notifications": false, "translator_type": "none"}, "geo": null, "coordinates": null, "place": null, "contributors": null, "is_quote_status": false, "retweet_count": 0, "favorite_count": 0, "favorited": false, "retweeted": false, "possibly_sensitive": false, "lang": "en"}