{"created_at": "Tue Nov 20 16:49:36 +0000 2018", "id": 1064923727597584390, "id_str": "1064923727597584390", "text": "Thanksgiving in White House press briefing room today. https://t.co/IjaTBtRezG", "truncated": false, "entities": {"hashtags": [], "symbols": [], "user_mentions": [], "urls": [], "media": [{"id": 1064923380560752640, "id_str": "1064923380560752640", "indices": [55, 78], "media_url": "http://pbs.twimg.com/media/DsdeLCNU8AAWiLP.jpg", "media_url_https": "https://pbs.twimg.com/media/DsdeLCNU8AAWiLP.jpg", "url": "https://t.co/IjaTBtRezG", "display_url": "pic.twitter.com/IjaTBtRezG", "expanded_url": "https://twitter.com/CraigCaplan/status/1064923727597584390/photo/1", "type": "photo", "sizes": {"thumb": {"w": 150, "h": 150, "resize": "crop"}, "small": {"w": 680, "h": 383, "resize": "fit"}, "large": {"w": 1920, "h": 1080, "resize": "fit"}, "medium": {"w": 1200, "h": 675, "resize": "fit"}}}]}, "extended_entities": {"media": [{"id": 1064923380560752640, "id_str": "1064923380560752640", "indices": [55, 78], "media_url": "http://pbs.twimg.com/media/DsdeLCNU8AAWiLP.jpg", "media_url_https": "https://pbs.twimg.com/media/DsdeLCNU8AAWiLP.jpg", "url": "https://t.co/IjaTBtRezG", "display_url": "pic.twitter.com/IjaTBtRezG", "expanded_url": "https://twitter.com/CraigCaplan/status/1064923727597584390/photo/1", "type": "photo", "sizes": {"thumb": {"w": 150, "h": 150, "resize": "crop"}, "small": {"w": 680, "h": 383, "resize": "fit"}, "large": {"w": 1920, "h": 1080, "resize": "fit"}, "medium": {"w": 1200, "h": 675, "resize": "fit"}}}]}, "source": "<a href=\"https://about.twitter.com/products/tweetdeck\" rel=\"nofollow\">TweetDeck</a>", "in_reply_to_status_id": null, "in_reply_to_status_id_str": null, "in_reply_to_user_id": null, "in_reply_to_user_id_str": null, "in_reply_to_screen_name": null, "user": {"id": 317980134, "id_str": "317980134", "name": "Craig Caplan", "screen_name": "CraigCaplan", "location": "", "description": "@CSPAN Capitol Hill Producer. Former @RTCACapitolHill Chair. Philly fan since birth. @AmericanU alum. #FlyEaglesFly", "url": "https://t.co/L3A4afRyvt", "entities": {"url": {"urls": [{"url": "https://t.co/L3A4afRyvt", "expanded_url": "http://www.c-span.org", "display_url": "c-span.org", "indices": [0, 23]}]}, "description": {"urls": []}}, "protected": false, "followers_count": 16885, "friends_count": 2459, "listed_count": 619, "created_at": "Wed Jun 15 19:37:31 +0000 2011", "favourites_count": 8740, "utc_offset": null, "time_zone": null, "geo_enabled": true, "verified": true, "statuses_count": 67629, "lang": null, "contributors_enabled": false, "is_translator": false, "is_translation_enabled": false, "profile_background_color": "C0DEED", "profile_background_image_url": "http://abs.twimg.com/images/themes/theme1/bg.png", "profile_background_image_url_https": "https://abs.twimg.com/images/themes/theme1/bg.png", "profile_background_tile": false, "profile_image_url": "http://pbs.twimg.com/profile_images/1063544815151968257/3ySlQPzX_normal.jpg", "profile_image_url_https": "https://pbs.twimg.com/profile_images/1063544815151968257/3ySlQPzX_normal.jpg", "profile_banner_url": "https://pbs.twimg.com/profile_banners/317980134/1563325390", "profile_link_color": "0084B4", "profile_sidebar_border_color": "000000", "profile_sidebar_fill_color": "000000", "profile_text_color": "000000", "profile_use_background_image": true, "has_extended_profile": true, "default_profile": false, "default_profile_image": false, "following": false, "follow_request_sent": false, "notifications": false, "translator_type": "none"}, "geo": null, "coordinates": null, "place": null, "contributors": null, "is_quote_status": false, "retweet_count": 0, "favorite_count": 3, "favorited": false, "retweeted": false, "possibly_sensitive": false, "lang": "en"}