{"created_at": "Wed Nov 21 02:26:17 +0000 2018", "id": 1065068855129763840, "id_str": "1065068855129763840", "text": "@kidsncats2 @RisingAsch NFA\nGun control act 1968\nBrady Bill\nAssault weapons ban\nState and local laws.\nGun owners have given up a lot.", "truncated": false, "entities": {"hashtags": [], "symbols": [], "user_mentions": [{"screen_name": "kidsncats2", "name": "DanYelle", "id": 2656516737, "id_str": "2656516737", "indices": [0, 11]}, {"screen_name": "RisingAsch", "name": "Goofy Pen-Name", "id": 1019609857555648512, "id_str": "1019609857555648512", "indices": [12, 23]}], "urls": []}, "source": "<a href=\"http://twitter.com/download/android\" rel=\"nofollow\">Twitter for Android</a>", "in_reply_to_status_id": 1065066891184562176, "in_reply_to_status_id_str": "1065066891184562176", "in_reply_to_user_id": 2656516737, "in_reply_to_user_id_str": "2656516737", "in_reply_to_screen_name": "kidsncats2", "user": {"id": 581997381, "id_str": "581997381", "name": "Freedom Fetish\u2122", "screen_name": "Thomas_Young77", "location": "44.263869,-71.028114", "description": "Former Chap Warlord now 93% peaceful.", "url": null, "entities": {"description": {"urls": []}}, "protected": false, "followers_count": 993, "friends_count": 860, "listed_count": 9, "created_at": "Wed May 16 15:18:03 +0000 2012", "favourites_count": 18082, "utc_offset": null, "time_zone": null, "geo_enabled": false, "verified": false, "statuses_count": 35525, "lang": null, "contributors_enabled": false, "is_translator": false, "is_translation_enabled": false, "profile_background_color": "000000", "profile_background_image_url": "http://abs.twimg.com/images/themes/theme1/bg.png", "profile_background_image_url_https": "https://abs.twimg.com/images/themes/theme1/bg.png", "profile_background_tile": false, "profile_image_url": "http://pbs.twimg.com/profile_images/1046561492269772800/mSipeG0p_normal.jpg", "profile_image_url_https": "https://pbs.twimg.com/profile_images/1046561492269772800/mSipeG0p_normal.jpg", "profile_banner_url": "https://pbs.twimg.com/profile_banners/581997381/1571303687", "profile_link_color": "ABB8C2", "profile_sidebar_border_color": "000000", "profile_sidebar_fill_color": "000000", "profile_text_color": "000000", "profile_use_background_image": false, "has_extended_profile": false, "default_profile": false, "default_profile_image": false, "following": false, "follow_request_sent": false, "notifications": false, "translator_type": "none"}, "geo": null, "coordinates": null, "place": null, "contributors": null, "is_quote_status": false, "retweet_count": 0, "favorite_count": 0, "favorited": false, "retweeted": false, "lang": "en"}