{"created_at": "Wed Nov 28 20:40:34 +0000 2018", "id": 1067880953622618118, "id_str": "1067880953622618118", "text": "STOP...! White House blocks CIA from briefing Senate on murder of Saudi ... https://t.co/18gU5E11Wr via @YouTube", "truncated": false, "entities": {"hashtags": [], "symbols": [], "user_mentions": [{"screen_name": "YouTube", "name": "YouTube", "id": 10228272, "id_str": "10228272", "indices": [104, 112]}], "urls": [{"url": "https://t.co/18gU5E11Wr", "expanded_url": "https://youtu.be/pjGC332gYMs", "display_url": "youtu.be/pjGC332gYMs", "indices": [76, 99]}]}, "source": "<a href=\"http://twitter.com\" rel=\"nofollow\">Twitter Web Client</a>", "in_reply_to_status_id": null, "in_reply_to_status_id_str": null, "in_reply_to_user_id": null, "in_reply_to_user_id_str": null, "in_reply_to_screen_name": null, "user": {"id": 23570552, "id_str": "23570552", "name": "tweety", "screen_name": "TweetyBlossom", "location": "Colorado", "description": "I am 48 married with 4 children and five granddaughters. I live in Colorado but am originally from Kansas.", "url": null, "entities": {"description": {"urls": []}}, "protected": false, "followers_count": 768, "friends_count": 1718, "listed_count": 1, "created_at": "Tue Mar 10 08:25:53 +0000 2009", "favourites_count": 24494, "utc_offset": null, "time_zone": null, "geo_enabled": false, "verified": false, "statuses_count": 31549, "lang": null, "contributors_enabled": false, "is_translator": false, "is_translation_enabled": false, "profile_background_color": "000000", "profile_background_image_url": "http://abs.twimg.com/images/themes/theme10/bg.gif", "profile_background_image_url_https": "https://abs.twimg.com/images/themes/theme10/bg.gif", "profile_background_tile": false, "profile_image_url": "http://abs.twimg.com/sticky/default_profile_images/default_profile_normal.png", "profile_image_url_https": "https://abs.twimg.com/sticky/default_profile_images/default_profile_normal.png", "profile_link_color": "1B95E0", "profile_sidebar_border_color": "000000", "profile_sidebar_fill_color": "000000", "profile_text_color": "000000", "profile_use_background_image": false, "has_extended_profile": true, "default_profile": false, "default_profile_image": true, "following": false, "follow_request_sent": false, "notifications": false, "translator_type": "none"}, "geo": null, "coordinates": null, "place": null, "contributors": null, "is_quote_status": false, "retweet_count": 0, "favorite_count": 0, "favorited": false, "retweeted": false, "possibly_sensitive": false, "lang": "en"}