{"created_at": "Wed Nov 28 20:52:54 +0000 2018", "id": 1067884057222991872, "id_str": "1067884057222991872", "text": "@AliVelshi Most definitely agree, \u201cWe the people\u201d are supposed to learn something from the White House briefing. So\u2026 https://t.co/qoMsoaRmBx", "truncated": true, "entities": {"hashtags": [], "symbols": [], "user_mentions": [{"screen_name": "AliVelshi", "name": "Ali Velshi", "id": 16378486, "id_str": "16378486", "indices": [0, 10]}], "urls": [{"url": "https://t.co/qoMsoaRmBx", "expanded_url": "https://twitter.com/i/web/status/1067884057222991872", "display_url": "twitter.com/i/web/status/1\u2026", "indices": [117, 140]}]}, "source": "<a href=\"http://twitter.com/download/iphone\" rel=\"nofollow\">Twitter for iPhone</a>", "in_reply_to_status_id": 1067576748802494465, "in_reply_to_status_id_str": "1067576748802494465", "in_reply_to_user_id": 16378486, "in_reply_to_user_id_str": "16378486", "in_reply_to_screen_name": "AliVelshi", "user": {"id": 954213577677668352, "id_str": "954213577677668352", "name": "Ryan D. E. Weezy(@\ud83c\udfe1)", "screen_name": "RyanD209", "location": "The 209 ", "description": "A Soros funded\ud83c\uddf7\ud83c\uddfaBot, Resist, VoteProgress\ud83d\uddf3\ud83c\udf0aDont answer DMs mostly #ITMFA #Atheist #BidenHarris2020 #BLM #MMNAW #Chahta", "url": "https://t.co/r4BPRsSu4u", "entities": {"url": {"urls": [{"url": "https://t.co/r4BPRsSu4u", "expanded_url": "http://ftp.ud.um.ba.ssm.a.g.a.org", "display_url": "ftp.ud.um.ba.ssm.a.g.a.org", "indices": [0, 23]}]}, "description": {"urls": []}}, "protected": false, "followers_count": 10338, "friends_count": 10624, "listed_count": 8, "created_at": "Fri Jan 19 04:47:00 +0000 2018", "favourites_count": 24546, "utc_offset": null, "time_zone": null, "geo_enabled": true, "verified": false, "statuses_count": 23440, "lang": null, "contributors_enabled": false, "is_translator": false, "is_translation_enabled": false, "profile_background_color": "F5F8FA", "profile_background_image_url": null, "profile_background_image_url_https": null, "profile_background_tile": false, "profile_image_url": "http://pbs.twimg.com/profile_images/1143352475568594945/6gKCEi96_normal.jpg", "profile_image_url_https": "https://pbs.twimg.com/profile_images/1143352475568594945/6gKCEi96_normal.jpg", "profile_banner_url": "https://pbs.twimg.com/profile_banners/954213577677668352/1561431448", "profile_link_color": "1DA1F2", "profile_sidebar_border_color": "C0DEED", "profile_sidebar_fill_color": "DDEEF6", "profile_text_color": "333333", "profile_use_background_image": true, "has_extended_profile": true, "default_profile": true, "default_profile_image": false, "following": false, "follow_request_sent": false, "notifications": false, "translator_type": "none"}, "geo": null, "coordinates": null, "place": null, "contributors": null, "is_quote_status": false, "retweet_count": 0, "favorite_count": 3, "favorited": false, "retweeted": false, "possibly_sensitive": false, "lang": "en"}