{"created_at": "Wed Nov 28 20:42:48 +0000 2018", "id": 1067881518608130060, "id_str": "1067881518608130060", "text": "Senators demand CIA briefing on Khashoggi, admonish White House ahead of key Saudi vote https://t.co/rXc9Lhg9yQ", "truncated": false, "entities": {"hashtags": [], "symbols": [], "user_mentions": [], "urls": [{"url": "https://t.co/rXc9Lhg9yQ", "expanded_url": "https://wapo.st/2FLBtNs?tid=ss_tw&utm_term=.bfd309bb01da", "display_url": "wapo.st/2FLBtNs?tid=ss\u2026", "indices": [88, 111]}]}, "source": "<a href=\"http://twitter.com\" rel=\"nofollow\">Twitter Web Client</a>", "in_reply_to_status_id": null, "in_reply_to_status_id_str": null, "in_reply_to_user_id": null, "in_reply_to_user_id_str": null, "in_reply_to_screen_name": null, "user": {"id": 15925111, "id_str": "15925111", "name": "Ghost Dansing", "screen_name": "ghostdansing", "location": "cyberspace", "description": "cyberspirit", "url": "http://t.co/Fjvm3grMNS", "entities": {"url": {"urls": [{"url": "http://t.co/Fjvm3grMNS", "expanded_url": "http://ghostdansing.blogspot.com", "display_url": "ghostdansing.blogspot.com", "indices": [0, 22]}]}, "description": {"urls": []}}, "protected": false, "followers_count": 1775, "friends_count": 999, "listed_count": 196, "created_at": "Wed Aug 20 23:51:22 +0000 2008", "favourites_count": 83, "utc_offset": null, "time_zone": null, "geo_enabled": false, "verified": false, "statuses_count": 323432, "lang": null, "contributors_enabled": false, "is_translator": false, "is_translation_enabled": false, "profile_background_color": "07151A", "profile_background_image_url": "http://abs.twimg.com/images/themes/theme15/bg.png", "profile_background_image_url_https": "https://abs.twimg.com/images/themes/theme15/bg.png", "profile_background_tile": false, "profile_image_url": "http://pbs.twimg.com/profile_images/1072153704982372352/OAN-1Qhl_normal.jpg", "profile_image_url_https": "https://pbs.twimg.com/profile_images/1072153704982372352/OAN-1Qhl_normal.jpg", "profile_banner_url": "https://pbs.twimg.com/profile_banners/15925111/1546899024", "profile_link_color": "FF691F", "profile_sidebar_border_color": "A8C7F7", "profile_sidebar_fill_color": "041217", "profile_text_color": "E3571C", "profile_use_background_image": true, "has_extended_profile": true, "default_profile": false, "default_profile_image": false, "following": false, "follow_request_sent": false, "notifications": false, "translator_type": "none"}, "geo": null, "coordinates": null, "place": null, "contributors": null, "is_quote_status": false, "retweet_count": 0, "favorite_count": 1, "favorited": false, "retweeted": false, "possibly_sensitive": false, "lang": "en"}