{"created_at": "Wed Nov 28 21:15:45 +0000 2018", "id": 1067889808549310464, "id_str": "1067889808549310464", "text": "Senators demand CIA briefing on Khashoggi, admonish White House ahead of key Saudi vote \n\nhttps://t.co/6aZFcbWhxk", "truncated": false, "entities": {"hashtags": [], "symbols": [], "user_mentions": [], "urls": [{"url": "https://t.co/6aZFcbWhxk", "expanded_url": "https://wapo.st/2RghPug", "display_url": "wapo.st/2RghPug", "indices": [90, 113]}]}, "source": "<a href=\"http://twitter.com/download/iphone\" rel=\"nofollow\">Twitter for iPhone</a>", "in_reply_to_status_id": null, "in_reply_to_status_id_str": null, "in_reply_to_user_id": null, "in_reply_to_user_id_str": null, "in_reply_to_screen_name": null, "user": {"id": 241983890, "id_str": "241983890", "name": "Mike Walker", "screen_name": "New_Narrative", "location": "On the road", "description": "Former acting SecArmy & deputy FEMA director narrative on analyzing threats, managing hazards, countering radicalization & developing leaders", "url": null, "entities": {"description": {"urls": []}}, "protected": false, "followers_count": 11241, "friends_count": 15, "listed_count": 511, "created_at": "Sun Jan 23 17:07:48 +0000 2011", "favourites_count": 1164, "utc_offset": null, "time_zone": null, "geo_enabled": false, "verified": false, "statuses_count": 593038, "lang": null, "contributors_enabled": false, "is_translator": false, "is_translation_enabled": false, "profile_background_color": "022330", "profile_background_image_url": "http://abs.twimg.com/images/themes/theme15/bg.png", "profile_background_image_url_https": "https://abs.twimg.com/images/themes/theme15/bg.png", "profile_background_tile": false, "profile_image_url": "http://pbs.twimg.com/profile_images/1548673665/megaphone-kid-cropped_normal.jpg", "profile_image_url_https": "https://pbs.twimg.com/profile_images/1548673665/megaphone-kid-cropped_normal.jpg", "profile_banner_url": "https://pbs.twimg.com/profile_banners/241983890/1499189166", "profile_link_color": "0084B4", "profile_sidebar_border_color": "A8C7F7", "profile_sidebar_fill_color": "C0DFEC", "profile_text_color": "333333", "profile_use_background_image": true, "has_extended_profile": false, "default_profile": false, "default_profile_image": false, "following": false, "follow_request_sent": false, "notifications": false, "translator_type": "none"}, "geo": null, "coordinates": null, "place": null, "contributors": null, "is_quote_status": false, "retweet_count": 0, "favorite_count": 2, "favorited": false, "retweeted": false, "possibly_sensitive": false, "lang": "en"}