{"created_at": "Tue Nov 27 13:34:45 +0000 2018", "id": 1067411408160206848, "id_str": "1067411408160206848", "text": "\"Make no mistake, Pastorek and U.S. Department of Education Secretary Betsy DeVos share a vision for education, clo\u2026 https://t.co/Ih9ACTg0Le", "truncated": true, "entities": {"hashtags": [], "symbols": [], "user_mentions": [], "urls": [{"url": "https://t.co/Ih9ACTg0Le", "expanded_url": "https://twitter.com/i/web/status/1067411408160206848", "display_url": "twitter.com/i/web/status/1\u2026", "indices": [117, 140]}]}, "source": "<a href=\"http://twitter.com\" rel=\"nofollow\">Twitter Web Client</a>", "in_reply_to_status_id": null, "in_reply_to_status_id_str": null, "in_reply_to_user_id": null, "in_reply_to_user_id_str": null, "in_reply_to_screen_name": null, "user": {"id": 298139855, "id_str": "298139855", "name": "Think Puerto Rico", "screen_name": "thinkpuertorico", "location": "Puerto Rico", "description": "#NOalGasoducto Via Verde", "url": "http://t.co/5NQP5oyszQ", "entities": {"url": {"urls": [{"url": "http://t.co/5NQP5oyszQ", "expanded_url": "http://bit.ly/khcmRS", "display_url": "bit.ly/khcmRS", "indices": [0, 22]}]}, "description": {"urls": []}}, "protected": false, "followers_count": 8379, "friends_count": 282, "listed_count": 182, "created_at": "Fri May 13 19:47:26 +0000 2011", "favourites_count": 788, "utc_offset": null, "time_zone": null, "geo_enabled": false, "verified": false, "statuses_count": 296878, "lang": null, "contributors_enabled": false, "is_translator": false, "is_translation_enabled": false, "profile_background_color": "000000", "profile_background_image_url": "http://abs.twimg.com/images/themes/theme1/bg.png", "profile_background_image_url_https": "https://abs.twimg.com/images/themes/theme1/bg.png", "profile_background_tile": false, "profile_image_url": "http://pbs.twimg.com/profile_images/796887246372642816/QAiD0_f7_normal.jpg", "profile_image_url_https": "https://pbs.twimg.com/profile_images/796887246372642816/QAiD0_f7_normal.jpg", "profile_banner_url": "https://pbs.twimg.com/profile_banners/298139855/1478827875", "profile_link_color": "0084B4", "profile_sidebar_border_color": "001996", "profile_sidebar_fill_color": "FFFFFF", "profile_text_color": "333333", "profile_use_background_image": true, "has_extended_profile": false, "default_profile": false, "default_profile_image": false, "following": false, "follow_request_sent": false, "notifications": false, "translator_type": "none"}, "geo": null, "coordinates": null, "place": null, "contributors": null, "is_quote_status": false, "retweet_count": 0, "favorite_count": 0, "favorited": false, "retweeted": false, "possibly_sensitive": false, "lang": "en"}