{"created_at": "Wed Nov 28 23:43:28 +0000 2018", "id": 1067926982887964672, "id_str": "1067926982887964672", "text": "Sanders calls on Jim Acosta at White House press briefing https://t.co/aLdUqwfuUv", "truncated": false, "entities": {"hashtags": [], "symbols": [], "user_mentions": [], "urls": [{"url": "https://t.co/aLdUqwfuUv", "expanded_url": "https://www.youtube.com/watch?v=zSLJ5F18zVA&feature=share", "display_url": "youtube.com/watch?v=zSLJ5F\u2026", "indices": [58, 81]}]}, "source": "<a href=\"http://www.apple.com\" rel=\"nofollow\">iOS</a>", "in_reply_to_status_id": null, "in_reply_to_status_id_str": null, "in_reply_to_user_id": null, "in_reply_to_user_id_str": null, "in_reply_to_screen_name": null, "user": {"id": 823245047260909570, "id_str": "823245047260909570", "name": "Becky Collins", "screen_name": "BeckyCo48419703", "location": "Jena, LA", "description": "", "url": null, "entities": {"description": {"urls": []}}, "protected": false, "followers_count": 8, "friends_count": 118, "listed_count": 0, "created_at": "Sun Jan 22 19:04:49 +0000 2017", "favourites_count": 161, "utc_offset": null, "time_zone": null, "geo_enabled": false, "verified": false, "statuses_count": 993, "lang": null, "contributors_enabled": false, "is_translator": false, "is_translation_enabled": false, "profile_background_color": "F5F8FA", "profile_background_image_url": null, "profile_background_image_url_https": null, "profile_background_tile": false, "profile_image_url": "http://pbs.twimg.com/profile_images/826809383682183168/OEJD4g-S_normal.jpg", "profile_image_url_https": "https://pbs.twimg.com/profile_images/826809383682183168/OEJD4g-S_normal.jpg", "profile_link_color": "1DA1F2", "profile_sidebar_border_color": "C0DEED", "profile_sidebar_fill_color": "DDEEF6", "profile_text_color": "333333", "profile_use_background_image": true, "has_extended_profile": true, "default_profile": true, "default_profile_image": false, "following": false, "follow_request_sent": false, "notifications": false, "translator_type": "none"}, "geo": null, "coordinates": null, "place": null, "contributors": null, "is_quote_status": false, "retweet_count": 0, "favorite_count": 0, "favorited": false, "retweeted": false, "possibly_sensitive": false, "lang": "en"}