{"created_at": "Mon Nov 26 23:52:47 +0000 2018", "id": 1067204553467060224, "id_str": "1067204553467060224", "text": "@InsideThePylons @jcherwa What pisses me off ITP and John is SHOW me what he has changed that made a positive impac\u2026 https://t.co/xX3LYOodAc", "truncated": true, "entities": {"hashtags": [], "symbols": [], "user_mentions": [{"screen_name": "InsideThePylons", "name": "Inside The Pylons", "id": 264016290, "id_str": "264016290", "indices": [0, 16]}, {"screen_name": "jcherwa", "name": "John Cherwa", "id": 19741417, "id_str": "19741417", "indices": [17, 25]}], "urls": [{"url": "https://t.co/xX3LYOodAc", "expanded_url": "https://twitter.com/i/web/status/1067204553467060224", "display_url": "twitter.com/i/web/status/1\u2026", "indices": [117, 140]}]}, "source": "<a href=\"http://twitter.com/download/iphone\" rel=\"nofollow\">Twitter for iPhone</a>", "in_reply_to_status_id": 1067185450542985218, "in_reply_to_status_id_str": "1067185450542985218", "in_reply_to_user_id": 264016290, "in_reply_to_user_id_str": "264016290", "in_reply_to_screen_name": "InsideThePylons", "user": {"id": 54462645, "id_str": "54462645", "name": "Christopher Ado", "screen_name": "christopherado", "location": "Torrance, CA", "description": "Handicapper, former Wagering Ambassador that loves horse racing, and anything with bourbon makes the world great.", "url": "https://t.co/XG7RS2QyAM", "entities": {"url": {"urls": [{"url": "https://t.co/XG7RS2QyAM", "expanded_url": "https://askmehowtobetdelmar.blogspot.com", "display_url": "askmehowtobetdelmar.blogspot.com", "indices": [0, 23]}]}, "description": {"urls": []}}, "protected": false, "followers_count": 2034, "friends_count": 2702, "listed_count": 33, "created_at": "Tue Jul 07 05:35:37 +0000 2009", "favourites_count": 62917, "utc_offset": null, "time_zone": null, "geo_enabled": true, "verified": false, "statuses_count": 14461, "lang": null, "contributors_enabled": false, "is_translator": false, "is_translation_enabled": false, "profile_background_color": "C0DEED", "profile_background_image_url": "http://abs.twimg.com/images/themes/theme1/bg.png", "profile_background_image_url_https": "https://abs.twimg.com/images/themes/theme1/bg.png", "profile_background_tile": false, "profile_image_url": "http://pbs.twimg.com/profile_images/1249010067120119808/SFQ-2IfP_normal.jpg", "profile_image_url_https": "https://pbs.twimg.com/profile_images/1249010067120119808/SFQ-2IfP_normal.jpg", "profile_banner_url": "https://pbs.twimg.com/profile_banners/54462645/1587062559", "profile_link_color": "0084B4", "profile_sidebar_border_color": "C0DEED", "profile_sidebar_fill_color": "DDEEF6", "profile_text_color": "333333", "profile_use_background_image": true, "has_extended_profile": true, "default_profile": false, "default_profile_image": false, "following": false, "follow_request_sent": false, "notifications": false, "translator_type": "none"}, "geo": null, "coordinates": null, "place": null, "contributors": null, "is_quote_status": false, "retweet_count": 0, "favorite_count": 0, "favorited": false, "retweeted": false, "lang": "en"}