{"created_at": "Tue Nov 27 12:00:11 +0000 2018", "id": 1067387607913562112, "id_str": "1067387607913562112", "text": "@josechacko @pramodvr Gujarat BJP leader and former state minister Dileep Sanghani has alleged that Dr Verghese Kur\u2026 https://t.co/wR5ceqXYLu", "truncated": true, "entities": {"hashtags": [], "symbols": [], "user_mentions": [{"screen_name": "josechacko", "name": "J Chacko", "id": 47554847, "id_str": "47554847", "indices": [0, 11]}, {"screen_name": "PramodVr", "name": "pramod vr", "id": 1277943262037241856, "id_str": "1277943262037241856", "indices": [12, 21]}], "urls": [{"url": "https://t.co/wR5ceqXYLu", "expanded_url": "https://twitter.com/i/web/status/1067387607913562112", "display_url": "twitter.com/i/web/status/1\u2026", "indices": [117, 140]}]}, "source": "<a href=\"http://twitter.com/download/android\" rel=\"nofollow\">Twitter for Android</a>", "in_reply_to_status_id": 1064372626590584832, "in_reply_to_status_id_str": "1064372626590584832", "in_reply_to_user_id": 47554847, "in_reply_to_user_id_str": "47554847", "in_reply_to_screen_name": "josechacko", "user": {"id": 710706683291443200, "id_str": "710706683291443200", "name": "Aravind Raghav", "screen_name": "thearavinds", "location": "Cochin, India", "description": "Couch Potato", "url": null, "entities": {"description": {"urls": []}}, "protected": false, "followers_count": 67, "friends_count": 474, "listed_count": 0, "created_at": "Fri Mar 18 05:57:32 +0000 2016", "favourites_count": 1807, "utc_offset": null, "time_zone": null, "geo_enabled": true, "verified": false, "statuses_count": 22394, "lang": null, "contributors_enabled": false, "is_translator": false, "is_translation_enabled": false, "profile_background_color": "F5F8FA", "profile_background_image_url": null, "profile_background_image_url_https": null, "profile_background_tile": false, "profile_image_url": "http://pbs.twimg.com/profile_images/732058459919654913/5r-HWFm0_normal.jpg", "profile_image_url_https": "https://pbs.twimg.com/profile_images/732058459919654913/5r-HWFm0_normal.jpg", "profile_link_color": "1DA1F2", "profile_sidebar_border_color": "C0DEED", "profile_sidebar_fill_color": "DDEEF6", "profile_text_color": "333333", "profile_use_background_image": true, "has_extended_profile": false, "default_profile": true, "default_profile_image": false, "following": false, "follow_request_sent": false, "notifications": false, "translator_type": "none"}, "geo": null, "coordinates": null, "place": null, "contributors": null, "is_quote_status": false, "retweet_count": 0, "favorite_count": 0, "favorited": false, "retweeted": false, "lang": "en"}