{"created_at": "Sat Dec 01 19:10:06 +0000 2018", "id": 1068945351220948992, "id_str": "1068945351220948992", "text": "US Department of Education \ud83d\udd95\ud83c\udffe", "truncated": false, "entities": {"hashtags": [], "symbols": [], "user_mentions": [], "urls": []}, "source": "<a href=\"http://twitter.com/download/iphone\" rel=\"nofollow\">Twitter for iPhone</a>", "in_reply_to_status_id": null, "in_reply_to_status_id_str": null, "in_reply_to_user_id": null, "in_reply_to_user_id_str": null, "in_reply_to_screen_name": null, "user": {"id": 228495901, "id_str": "228495901", "name": "DontBASucka *F*", "screen_name": "Kelz_FreshMade", "location": "Los Angeles, CA", "description": "#DontBASucka Straight like that.. \ud83d\udeab\ud83c\udf6d \ud83c\udd71\ufe0f\ud83c\udd71\ufe0f", "url": "https://t.co/cKtngvF9NQ", "entities": {"url": {"urls": [{"url": "https://t.co/cKtngvF9NQ", "expanded_url": "https://www.etsy.com/shop/DontBASucka", "display_url": "etsy.com/shop/DontBASuc\u2026", "indices": [0, 23]}]}, "description": {"urls": []}}, "protected": false, "followers_count": 495, "friends_count": 110, "listed_count": 10, "created_at": "Sun Dec 19 22:08:30 +0000 2010", "favourites_count": 6061, "utc_offset": null, "time_zone": null, "geo_enabled": true, "verified": false, "statuses_count": 38755, "lang": null, "contributors_enabled": false, "is_translator": false, "is_translation_enabled": false, "profile_background_color": "131516", "profile_background_image_url": "http://abs.twimg.com/images/themes/theme14/bg.gif", "profile_background_image_url_https": "https://abs.twimg.com/images/themes/theme14/bg.gif", "profile_background_tile": true, "profile_image_url": "http://pbs.twimg.com/profile_images/1162201698489647104/SI_dErRr_normal.jpg", "profile_image_url_https": "https://pbs.twimg.com/profile_images/1162201698489647104/SI_dErRr_normal.jpg", "profile_link_color": "009999", "profile_sidebar_border_color": "EEEEEE", "profile_sidebar_fill_color": "EFEFEF", "profile_text_color": "333333", "profile_use_background_image": true, "has_extended_profile": true, "default_profile": false, "default_profile_image": false, "following": false, "follow_request_sent": false, "notifications": false, "translator_type": "none"}, "geo": null, "coordinates": null, "place": null, "contributors": null, "is_quote_status": false, "retweet_count": 0, "favorite_count": 0, "favorited": false, "retweeted": false, "lang": "en"}