{"created_at": "Thu Nov 29 18:18:50 +0000 2018", "id": 1068207672741253120, "id_str": "1068207672741253120", "text": "Manafort's legal team has been briefing White House on Mueller's questions https://t.co/0yUPeCiEi6", "truncated": false, "entities": {"hashtags": [], "symbols": [], "user_mentions": [], "urls": [{"url": "https://t.co/0yUPeCiEi6", "expanded_url": "https://www.yahoo.com/news/manaforts-legal-team-briefing-white-161341575.html?.tsrc=fauxdal", "display_url": "yahoo.com/news/manaforts\u2026", "indices": [75, 98]}]}, "source": "<a href=\"http://twitter.com\" rel=\"nofollow\">Twitter Web Client</a>", "in_reply_to_status_id": null, "in_reply_to_status_id_str": null, "in_reply_to_user_id": null, "in_reply_to_user_id_str": null, "in_reply_to_screen_name": null, "user": {"id": 881524928595492864, "id_str": "881524928595492864", "name": "Frances Lavorgna", "screen_name": "Crazy3368", "location": "", "description": "", "url": null, "entities": {"description": {"urls": []}}, "protected": false, "followers_count": 1348, "friends_count": 3197, "listed_count": 1, "created_at": "Sun Jul 02 14:48:15 +0000 2017", "favourites_count": 24999, "utc_offset": null, "time_zone": null, "geo_enabled": false, "verified": false, "statuses_count": 17506, "lang": null, "contributors_enabled": false, "is_translator": false, "is_translation_enabled": false, "profile_background_color": "F5F8FA", "profile_background_image_url": null, "profile_background_image_url_https": null, "profile_background_tile": false, "profile_image_url": "http://abs.twimg.com/sticky/default_profile_images/default_profile_normal.png", "profile_image_url_https": "https://abs.twimg.com/sticky/default_profile_images/default_profile_normal.png", "profile_link_color": "1DA1F2", "profile_sidebar_border_color": "C0DEED", "profile_sidebar_fill_color": "DDEEF6", "profile_text_color": "333333", "profile_use_background_image": true, "has_extended_profile": false, "default_profile": true, "default_profile_image": true, "following": false, "follow_request_sent": false, "notifications": false, "translator_type": "none"}, "geo": null, "coordinates": null, "place": null, "contributors": null, "is_quote_status": false, "retweet_count": 0, "favorite_count": 0, "favorited": false, "retweeted": false, "possibly_sensitive": false, "lang": "en"}