{"created_at": "Fri Nov 30 11:10:20 +0000 2018", "id": 1068462227991207937, "id_str": "1068462227991207937", "text": "Watch live: White House holds press briefing - The Hill https://t.co/7nIA8QJAon", "truncated": false, "entities": {"hashtags": [], "symbols": [], "user_mentions": [], "urls": [{"url": "https://t.co/7nIA8QJAon", "expanded_url": "http://bit.ly/2PbA5ms", "display_url": "bit.ly/2PbA5ms", "indices": [56, 79]}]}, "source": "<a href=\"https://ifttt.com\" rel=\"nofollow\">IFTTT</a>", "in_reply_to_status_id": null, "in_reply_to_status_id_str": null, "in_reply_to_user_id": null, "in_reply_to_user_id_str": null, "in_reply_to_screen_name": null, "user": {"id": 2337999540, "id_str": "2337999540", "name": "Joelle Dewulf", "screen_name": "joelle_dewulf", "location": "Bruxelles", "description": "", "url": null, "entities": {"description": {"urls": []}}, "protected": false, "followers_count": 152, "friends_count": 22, "listed_count": 37, "created_at": "Tue Feb 11 08:24:58 +0000 2014", "favourites_count": 0, "utc_offset": null, "time_zone": null, "geo_enabled": false, "verified": false, "statuses_count": 182056, "lang": null, "contributors_enabled": false, "is_translator": false, "is_translation_enabled": false, "profile_background_color": "C0DEED", "profile_background_image_url": "http://abs.twimg.com/images/themes/theme1/bg.png", "profile_background_image_url_https": "https://abs.twimg.com/images/themes/theme1/bg.png", "profile_background_tile": false, "profile_image_url": "http://pbs.twimg.com/profile_images/433155056947326976/EK3BEwMu_normal.jpeg", "profile_image_url_https": "https://pbs.twimg.com/profile_images/433155056947326976/EK3BEwMu_normal.jpeg", "profile_banner_url": "https://pbs.twimg.com/profile_banners/2337999540/1423172716", "profile_link_color": "1DA1F2", "profile_sidebar_border_color": "C0DEED", "profile_sidebar_fill_color": "DDEEF6", "profile_text_color": "333333", "profile_use_background_image": true, "has_extended_profile": false, "default_profile": true, "default_profile_image": false, "following": false, "follow_request_sent": false, "notifications": false, "translator_type": "none"}, "geo": null, "coordinates": null, "place": null, "contributors": null, "is_quote_status": false, "retweet_count": 0, "favorite_count": 0, "favorited": false, "retweeted": false, "possibly_sensitive": false, "lang": "en"}