{"created_at": "Thu Nov 29 08:01:17 +0000 2018", "id": 1068052261077770240, "id_str": "1068052261077770240", "text": "Watch live: White House holds press briefing - The Hill https://t.co/AQ2axSGgZp", "truncated": false, "entities": {"hashtags": [], "symbols": [], "user_mentions": [], "urls": [{"url": "https://t.co/AQ2axSGgZp", "expanded_url": "https://ift.tt/2rbURc7", "display_url": "ift.tt/2rbURc7", "indices": [56, 79]}]}, "source": "<a href=\"https://ifttt.com\" rel=\"nofollow\">IFTTT</a>", "in_reply_to_status_id": null, "in_reply_to_status_id_str": null, "in_reply_to_user_id": null, "in_reply_to_user_id_str": null, "in_reply_to_screen_name": null, "user": {"id": 1967626670, "id_str": "1967626670", "name": "Gonzalo Wolfred", "screen_name": "GonzaloWolfred", "location": "Green Bay,WI,US", "description": "Where ever you go... there you are. Going day by day... so let's see where it takes me! Namaste.", "url": null, "entities": {"description": {"urls": []}}, "protected": false, "followers_count": 102, "friends_count": 0, "listed_count": 66, "created_at": "Thu Oct 17 21:29:40 +0000 2013", "favourites_count": 0, "utc_offset": null, "time_zone": null, "geo_enabled": false, "verified": false, "statuses_count": 233211, "lang": null, "contributors_enabled": false, "is_translator": false, "is_translation_enabled": false, "profile_background_color": "BADFCD", "profile_background_image_url": "http://abs.twimg.com/images/themes/theme12/bg.gif", "profile_background_image_url_https": "https://abs.twimg.com/images/themes/theme12/bg.gif", "profile_background_tile": false, "profile_image_url": "http://pbs.twimg.com/profile_images/432977822798209024/iNYbaLVK_normal.jpeg", "profile_image_url_https": "https://pbs.twimg.com/profile_images/432977822798209024/iNYbaLVK_normal.jpeg", "profile_link_color": "FF0000", "profile_sidebar_border_color": "F2E195", "profile_sidebar_fill_color": "FFF7CC", "profile_text_color": "0C3E53", "profile_use_background_image": true, "has_extended_profile": false, "default_profile": false, "default_profile_image": false, "following": false, "follow_request_sent": false, "notifications": false, "translator_type": "none"}, "geo": null, "coordinates": null, "place": null, "contributors": null, "is_quote_status": false, "retweet_count": 0, "favorite_count": 0, "favorited": false, "retweeted": false, "possibly_sensitive": false, "lang": "en"}