{"created_at": "Thu Nov 29 08:47:52 +0000 2018", "id": 1068063986522996737, "id_str": "1068063986522996737", "text": "@RobertMaguire_ white house briefing (27nov).  Bolton didnt say nothing about https://t.co/9VlQpGfGT2", "truncated": false, "entities": {"hashtags": [], "symbols": [], "user_mentions": [{"screen_name": "RobertMaguire_", "name": "Robert Maguire", "id": 1398759560, "id_str": "1398759560", "indices": [0, 15]}], "urls": [], "media": [{"id": 1068063977475850240, "id_str": "1068063977475850240", "indices": [78, 101], "media_url": "http://pbs.twimg.com/media/DtKGh1bWwAA8fhc.jpg", "media_url_https": "https://pbs.twimg.com/media/DtKGh1bWwAA8fhc.jpg", "url": "https://t.co/9VlQpGfGT2", "display_url": "pic.twitter.com/9VlQpGfGT2", "expanded_url": "https://twitter.com/AndriiLuchkov/status/1068063986522996737/photo/1", "type": "photo", "sizes": {"thumb": {"w": 150, "h": 150, "resize": "crop"}, "small": {"w": 680, "h": 317, "resize": "fit"}, "medium": {"w": 1200, "h": 560, "resize": "fit"}, "large": {"w": 1387, "h": 647, "resize": "fit"}}}]}, "extended_entities": {"media": [{"id": 1068063977475850240, "id_str": "1068063977475850240", "indices": [78, 101], "media_url": "http://pbs.twimg.com/media/DtKGh1bWwAA8fhc.jpg", "media_url_https": "https://pbs.twimg.com/media/DtKGh1bWwAA8fhc.jpg", "url": "https://t.co/9VlQpGfGT2", "display_url": "pic.twitter.com/9VlQpGfGT2", "expanded_url": "https://twitter.com/AndriiLuchkov/status/1068063986522996737/photo/1", "type": "photo", "sizes": {"thumb": {"w": 150, "h": 150, "resize": "crop"}, "small": {"w": 680, "h": 317, "resize": "fit"}, "medium": {"w": 1200, "h": 560, "resize": "fit"}, "large": {"w": 1387, "h": 647, "resize": "fit"}}}]}, "source": "<a href=\"http://twitter.com/#!/download/ipad\" rel=\"nofollow\">Twitter for iPad</a>", "in_reply_to_status_id": 1067912195827269632, "in_reply_to_status_id_str": "1067912195827269632", "in_reply_to_user_id": 1398759560, "in_reply_to_user_id_str": "1398759560", "in_reply_to_screen_name": "RobertMaguire_", "user": {"id": 947498235186294786, "id_str": "947498235186294786", "name": "Luchkov Andrii", "screen_name": "AndriiLuchkov", "location": "Ukraine", "description": "Journalist. Analyst.     InformNapalm volunteer.", "url": "https://t.co/pT6IUAGEu1", "entities": {"url": {"urls": [{"url": "https://t.co/pT6IUAGEu1", "expanded_url": "http://www.facebook.com/LuchkovAndrii", "display_url": "facebook.com/LuchkovAndrii", "indices": [0, 23]}]}, "description": {"urls": []}}, "protected": false, "followers_count": 54, "friends_count": 146, "listed_count": 3, "created_at": "Sun Dec 31 16:02:37 +0000 2017", "favourites_count": 1116, "utc_offset": null, "time_zone": null, "geo_enabled": false, "verified": false, "statuses_count": 229, "lang": null, "contributors_enabled": false, "is_translator": false, "is_translation_enabled": false, "profile_background_color": "000000", "profile_background_image_url": "http://abs.twimg.com/images/themes/theme1/bg.png", "profile_background_image_url_https": "https://abs.twimg.com/images/themes/theme1/bg.png", "profile_background_tile": false, "profile_image_url": "http://pbs.twimg.com/profile_images/1261350470397943810/ugs-rwZi_normal.jpg", "profile_image_url_https": "https://pbs.twimg.com/profile_images/1261350470397943810/ugs-rwZi_normal.jpg", "profile_banner_url": "https://pbs.twimg.com/profile_banners/947498235186294786/1585232185", "profile_link_color": "1B95E0", "profile_sidebar_border_color": "000000", "profile_sidebar_fill_color": "000000", "profile_text_color": "000000", "profile_use_background_image": false, "has_extended_profile": true, "default_profile": false, "default_profile_image": false, "following": false, "follow_request_sent": false, "notifications": false, "translator_type": "none"}, "geo": null, "coordinates": null, "place": null, "contributors": null, "is_quote_status": false, "retweet_count": 0, "favorite_count": 0, "favorited": false, "retweeted": false, "possibly_sensitive": false, "lang": "en"}