{"created_at": "Sat Dec 01 13:17:40 +0000 2018", "id": 1068856659735396352, "id_str": "1068856659735396352", "text": "@rgoalierob @eFab_Val @notcapnamerica Really. Sanders voted against the sensible gun safety law Brady bill 5 freaki\u2026 https://t.co/QtNT2X67RE", "truncated": true, "entities": {"hashtags": [], "symbols": [], "user_mentions": [{"screen_name": "rgoalierob", "name": "Robert Romero", "id": 47416919, "id_str": "47416919", "indices": [0, 11]}, {"screen_name": "eFab_Val", "name": "E Fabian", "id": 704420962771607552, "id_str": "704420962771607552", "indices": [12, 21]}, {"screen_name": "notcapnamerica", "name": "chris evans", "id": 33913156, "id_str": "33913156", "indices": [22, 37]}], "urls": [{"url": "https://t.co/QtNT2X67RE", "expanded_url": "https://twitter.com/i/web/status/1068856659735396352", "display_url": "twitter.com/i/web/status/1\u2026", "indices": [117, 140]}]}, "source": "<a href=\"https://mobile.twitter.com\" rel=\"nofollow\">Twitter Web App</a>", "in_reply_to_status_id": 1068855515457835018, "in_reply_to_status_id_str": "1068855515457835018", "in_reply_to_user_id": 47416919, "in_reply_to_user_id_str": "47416919", "in_reply_to_screen_name": "rgoalierob", "user": {"id": 550005004, "id_str": "550005004", "name": "Brian Cheek", "screen_name": "briancheeek", "location": "North Carolina", "description": "Anti-Nationalist, anti-Populist, human rights advocate. All human rights. Runner, tennis player, fan of @tigers, @CanadiensMTL .", "url": null, "entities": {"description": {"urls": []}}, "protected": false, "followers_count": 964, "friends_count": 882, "listed_count": 19, "created_at": "Tue Apr 10 10:46:49 +0000 2012", "favourites_count": 19360, "utc_offset": null, "time_zone": null, "geo_enabled": true, "verified": false, "statuses_count": 30715, "lang": null, "contributors_enabled": false, "is_translator": false, "is_translation_enabled": false, "profile_background_color": "C0DEED", "profile_background_image_url": "http://abs.twimg.com/images/themes/theme1/bg.png", "profile_background_image_url_https": "https://abs.twimg.com/images/themes/theme1/bg.png", "profile_background_tile": false, "profile_image_url": "http://pbs.twimg.com/profile_images/1303451576808411141/gp6sPvLP_normal.jpg", "profile_image_url_https": "https://pbs.twimg.com/profile_images/1303451576808411141/gp6sPvLP_normal.jpg", "profile_banner_url": "https://pbs.twimg.com/profile_banners/550005004/1461278322", "profile_link_color": "1DA1F2", "profile_sidebar_border_color": "C0DEED", "profile_sidebar_fill_color": "DDEEF6", "profile_text_color": "333333", "profile_use_background_image": true, "has_extended_profile": false, "default_profile": true, "default_profile_image": false, "following": false, "follow_request_sent": false, "notifications": false, "translator_type": "none"}, "geo": null, "coordinates": null, "place": null, "contributors": null, "is_quote_status": false, "retweet_count": 0, "favorite_count": 0, "favorited": false, "retweeted": false, "lang": "en"}