{"created_at": "Fri Nov 30 15:07:42 +0000 2018", "id": 1068521961666441216, "id_str": "1068521961666441216", "text": "White House Blocks CIA Director From Briefing Senate on Khashoggi Murder https://t.co/rY5WyxkNyk via @democracynow", "truncated": false, "entities": {"hashtags": [], "symbols": [], "user_mentions": [{"screen_name": "democracynow", "name": "Democracy Now!", "id": 16935292, "id_str": "16935292", "indices": [101, 114]}], "urls": [{"url": "https://t.co/rY5WyxkNyk", "expanded_url": "https://www.democracynow.org/2018/11/29/headlines/white_house_blocks_cia_director_from_briefing_senate_on_khashoggi_murder", "display_url": "democracynow.org/2018/11/29/hea\u2026", "indices": [73, 96]}]}, "source": "<a href=\"http://twitter.com\" rel=\"nofollow\">Twitter Web Client</a>", "in_reply_to_status_id": null, "in_reply_to_status_id_str": null, "in_reply_to_user_id": null, "in_reply_to_user_id_str": null, "in_reply_to_screen_name": null, "user": {"id": 19001819, "id_str": "19001819", "name": "Abiyomi Kofi", "screen_name": "TheAngryindian", "location": "Chinook/Multnomah Ntn. Territories / PDX", "description": "#AfroIndio+#GullahGeechie+#Iloko+#Yekke;(Journo@APNS/ANG+4WR)  #Indigenismo;#AntiFaschismus; #BDS;#Skeptic;{RTs=OSINT:n/t praise}Anti(-)racialism/hate/ignorance", "url": "https://t.co/BBJ1aD3Qxz", "entities": {"url": {"urls": [{"url": "https://t.co/BBJ1aD3Qxz", "expanded_url": "https://aboriginalwriter.wordpress.com/", "display_url": "aboriginalwriter.wordpress.com", "indices": [0, 23]}]}, "description": {"urls": []}}, "protected": false, "followers_count": 7147, "friends_count": 4562, "listed_count": 842, "created_at": "Wed Jan 14 23:38:10 +0000 2009", "favourites_count": 13016, "utc_offset": null, "time_zone": null, "geo_enabled": false, "verified": false, "statuses_count": 326662, "lang": null, "contributors_enabled": false, "is_translator": false, "is_translation_enabled": false, "profile_background_color": "000000", "profile_background_image_url": "http://abs.twimg.com/images/themes/theme3/bg.gif", "profile_background_image_url_https": "https://abs.twimg.com/images/themes/theme3/bg.gif", "profile_background_tile": false, "profile_image_url": "http://pbs.twimg.com/profile_images/803488707680632833/zEH23lzg_normal.jpg", "profile_image_url_https": "https://pbs.twimg.com/profile_images/803488707680632833/zEH23lzg_normal.jpg", "profile_banner_url": "https://pbs.twimg.com/profile_banners/19001819/1374657902", "profile_link_color": "919191", "profile_sidebar_border_color": "000000", "profile_sidebar_fill_color": "211302", "profile_text_color": "AB6626", "profile_use_background_image": true, "has_extended_profile": false, "default_profile": false, "default_profile_image": false, "following": false, "follow_request_sent": false, "notifications": false, "translator_type": "none"}, "geo": null, "coordinates": null, "place": null, "contributors": null, "is_quote_status": false, "retweet_count": 1, "favorite_count": 0, "favorited": false, "retweeted": false, "possibly_sensitive": false, "lang": "en"}