{"created_at": "Thu Nov 29 07:17:00 +0000 2018", "id": 1068041118590386176, "id_str": "1068041118590386176", "text": "VIDEO: And @LindseyGrahamSC, a prominent Republican senator, threatened the White House to block any key votes (inc\u2026 https://t.co/7D13sQmBqK", "truncated": true, "entities": {"hashtags": [], "symbols": [], "user_mentions": [{"screen_name": "LindseyGrahamSC", "name": "Lindsey Graham", "id": 432895323, "id_str": "432895323", "indices": [11, 27]}], "urls": [{"url": "https://t.co/7D13sQmBqK", "expanded_url": "https://twitter.com/i/web/status/1068041118590386176", "display_url": "twitter.com/i/web/status/1\u2026", "indices": [117, 140]}]}, "source": "<a href=\"http://twitter.com/#!/download/ipad\" rel=\"nofollow\">Twitter for iPad</a>", "in_reply_to_status_id": null, "in_reply_to_status_id_str": null, "in_reply_to_user_id": null, "in_reply_to_user_id_str": null, "in_reply_to_screen_name": null, "user": {"id": 1647573157, "id_str": "1647573157", "name": "Javier Blas", "screen_name": "JavierBlas", "location": "London", "description": "Chief Energy Correspondent at Bloomberg News. I write about oil, gas, mining, agriculture and commodities. Any views expressed are my own. jblas3@bloomberg.net", "url": "https://t.co/IRgBrKl2rh", "entities": {"url": {"urls": [{"url": "https://t.co/IRgBrKl2rh", "expanded_url": "https://www.linkedin.com/pub/javier-blas/12/b95/363", "display_url": "linkedin.com/pub/javier-bla\u2026", "indices": [0, 23]}]}, "description": {"urls": []}}, "protected": false, "followers_count": 92623, "friends_count": 1280, "listed_count": 2665, "created_at": "Mon Aug 05 11:08:00 +0000 2013", "favourites_count": 26348, "utc_offset": null, "time_zone": null, "geo_enabled": true, "verified": true, "statuses_count": 38681, "lang": null, "contributors_enabled": false, "is_translator": false, "is_translation_enabled": false, "profile_background_color": "C0DEED", "profile_background_image_url": "http://abs.twimg.com/images/themes/theme1/bg.png", "profile_background_image_url_https": "https://abs.twimg.com/images/themes/theme1/bg.png", "profile_background_tile": false, "profile_image_url": "http://pbs.twimg.com/profile_images/905025344889004032/TZwTkxfZ_normal.jpg", "profile_image_url_https": "https://pbs.twimg.com/profile_images/905025344889004032/TZwTkxfZ_normal.jpg", "profile_banner_url": "https://pbs.twimg.com/profile_banners/1647573157/1461442790", "profile_link_color": "1DA1F2", "profile_sidebar_border_color": "C0DEED", "profile_sidebar_fill_color": "DDEEF6", "profile_text_color": "333333", "profile_use_background_image": true, "has_extended_profile": false, "default_profile": true, "default_profile_image": false, "following": false, "follow_request_sent": false, "notifications": false, "translator_type": "none"}, "geo": null, "coordinates": null, "place": {"id": "5d838f7a011f4a2d", "url": "https://api.twitter.com/1.1/geo/id/5d838f7a011f4a2d.json", "place_type": "admin", "name": "London", "full_name": "London, England", "country_code": "GB", "country": "United Kingdom", "contained_within": [], "bounding_box": {"type": "Polygon", "coordinates": [[[-0.510364798739281, 51.2867019756122], [0.334043461659515, 51.2867019756122], [0.334043461659515, 51.6918240878432], [-0.510364798739281, 51.6918240878432]]]}, "attributes": {}}, "contributors": null, "is_quote_status": false, "retweet_count": 7, "favorite_count": 6, "favorited": false, "retweeted": false, "possibly_sensitive": false, "lang": "en"}