{"created_at": "Thu Nov 29 15:06:17 +0000 2018", "id": 1068159218967093250, "id_str": "1068159218967093250", "text": "\"The American Society of Civil Engineers has given the United States a grade of D when it comes to drinking water i\u2026 https://t.co/5IhZt2Cl3d", "truncated": true, "entities": {"hashtags": [], "symbols": [], "user_mentions": [], "urls": [{"url": "https://t.co/5IhZt2Cl3d", "expanded_url": "https://twitter.com/i/web/status/1068159218967093250", "display_url": "twitter.com/i/web/status/1\u2026", "indices": [117, 140]}]}, "source": "<a href=\"http://twitter.com\" rel=\"nofollow\">Twitter Web Client</a>", "in_reply_to_status_id": null, "in_reply_to_status_id_str": null, "in_reply_to_user_id": null, "in_reply_to_user_id_str": null, "in_reply_to_screen_name": null, "user": {"id": 829061809135030272, "id_str": "829061809135030272", "name": "Antonio Delgado", "screen_name": "DelgadoforNY19", "location": "", "description": "Schenectady native. Rhinebeck resident. #NY19 Congressman. Leading with accountability & integrity. Listening, engaging & finding common ground.", "url": "https://t.co/bTcIQgHuNo", "entities": {"url": {"urls": [{"url": "https://t.co/bTcIQgHuNo", "expanded_url": "http://DelgadoforCongress.com", "display_url": "DelgadoforCongress.com", "indices": [0, 23]}]}, "description": {"urls": []}}, "protected": false, "followers_count": 28422, "friends_count": 2086, "listed_count": 379, "created_at": "Tue Feb 07 20:18:33 +0000 2017", "favourites_count": 959, "utc_offset": null, "time_zone": null, "geo_enabled": true, "verified": true, "statuses_count": 4886, "lang": null, "contributors_enabled": false, "is_translator": false, "is_translation_enabled": false, "profile_background_color": "F5F8FA", "profile_background_image_url": null, "profile_background_image_url_https": null, "profile_background_tile": false, "profile_image_url": "http://pbs.twimg.com/profile_images/859817516041949184/iMkyEto0_normal.jpg", "profile_image_url_https": "https://pbs.twimg.com/profile_images/859817516041949184/iMkyEto0_normal.jpg", "profile_banner_url": "https://pbs.twimg.com/profile_banners/829061809135030272/1542334153", "profile_link_color": "1DA1F2", "profile_sidebar_border_color": "C0DEED", "profile_sidebar_fill_color": "DDEEF6", "profile_text_color": "333333", "profile_use_background_image": true, "has_extended_profile": true, "default_profile": true, "default_profile_image": false, "following": false, "follow_request_sent": false, "notifications": false, "translator_type": "none"}, "geo": null, "coordinates": null, "place": null, "contributors": null, "is_quote_status": false, "retweet_count": 34, "favorite_count": 77, "favorited": false, "retweeted": false, "possibly_sensitive": false, "lang": "en"}