{"created_at": "Mon Dec 03 21:46:45 +0000 2018", "id": 1069709550146600960, "id_str": "1069709550146600960", "text": "Good Job US Department of Education for losing an $11k cashier\u2019s check to pay off my student loans \ud83d\ude44", "truncated": false, "entities": {"hashtags": [], "symbols": [], "user_mentions": [], "urls": []}, "source": "<a href=\"http://twitter.com/download/iphone\" rel=\"nofollow\">Twitter for iPhone</a>", "in_reply_to_status_id": null, "in_reply_to_status_id_str": null, "in_reply_to_user_id": null, "in_reply_to_user_id_str": null, "in_reply_to_screen_name": null, "user": {"id": 495387802, "id_str": "495387802", "name": "\ud83d\udcad", "screen_name": "ddanimal91", "location": "Los Angeles, CA", "description": "smoothest brain competition I\u2019m winning", "url": null, "entities": {"description": {"urls": []}}, "protected": false, "followers_count": 272, "friends_count": 450, "listed_count": 5, "created_at": "Fri Feb 17 22:29:04 +0000 2012", "favourites_count": 29535, "utc_offset": null, "time_zone": null, "geo_enabled": true, "verified": false, "statuses_count": 4412, "lang": null, "contributors_enabled": false, "is_translator": false, "is_translation_enabled": false, "profile_background_color": "ABB8C2", "profile_background_image_url": "http://abs.twimg.com/images/themes/theme16/bg.gif", "profile_background_image_url_https": "https://abs.twimg.com/images/themes/theme16/bg.gif", "profile_background_tile": true, "profile_image_url": "http://pbs.twimg.com/profile_images/1261939135255724033/wlA3WwVG_normal.jpg", "profile_image_url_https": "https://pbs.twimg.com/profile_images/1261939135255724033/wlA3WwVG_normal.jpg", "profile_banner_url": "https://pbs.twimg.com/profile_banners/495387802/1589705740", "profile_link_color": "BE81F7", "profile_sidebar_border_color": "000000", "profile_sidebar_fill_color": "000000", "profile_text_color": "000000", "profile_use_background_image": true, "has_extended_profile": true, "default_profile": false, "default_profile_image": false, "following": false, "follow_request_sent": false, "notifications": false, "translator_type": "none"}, "geo": null, "coordinates": null, "place": null, "contributors": null, "is_quote_status": false, "retweet_count": 0, "favorite_count": 1, "favorited": false, "retweeted": false, "lang": "en"}