{"created_at": "Thu Dec 06 01:03:43 +0000 2018", "id": 1070483895517356038, "id_str": "1070483895517356038", "text": "It just hit me that we are theoretically one month out from the White House physician giving us a briefing on the p\u2026 https://t.co/VzTZvoDhcP", "truncated": true, "entities": {"hashtags": [], "symbols": [], "user_mentions": [], "urls": [{"url": "https://t.co/VzTZvoDhcP", "expanded_url": "https://twitter.com/i/web/status/1070483895517356038", "display_url": "twitter.com/i/web/status/1\u2026", "indices": [117, 140]}]}, "source": "<a href=\"http://twitter.com/download/iphone\" rel=\"nofollow\">Twitter for iPhone</a>", "in_reply_to_status_id": null, "in_reply_to_status_id_str": null, "in_reply_to_user_id": null, "in_reply_to_user_id_str": null, "in_reply_to_screen_name": null, "user": {"id": 65551087, "id_str": "65551087", "name": "Hayes Brown", "screen_name": "HayesBrown", "location": "New York, NY", "description": "Co-host and producer of the BuzzFeed/iHeart podcast \"@NewsOClock.\" I make dumb jokes for smart people. As such, my tweets vary in quality. He/him.", "url": "https://t.co/Ry0PIgsZV3", "entities": {"url": {"urls": [{"url": "https://t.co/Ry0PIgsZV3", "expanded_url": "http://buzzfeednews.com/section/world", "display_url": "buzzfeednews.com/section/world", "indices": [0, 23]}]}, "description": {"urls": []}}, "protected": false, "followers_count": 56972, "friends_count": 1578, "listed_count": 1416, "created_at": "Fri Aug 14 03:30:42 +0000 2009", "favourites_count": 182201, "utc_offset": null, "time_zone": null, "geo_enabled": false, "verified": true, "statuses_count": 141238, "lang": null, "contributors_enabled": false, "is_translator": false, "is_translation_enabled": false, "profile_background_color": "000000", "profile_background_image_url": "http://abs.twimg.com/images/themes/theme9/bg.gif", "profile_background_image_url_https": "https://abs.twimg.com/images/themes/theme9/bg.gif", "profile_background_tile": false, "profile_image_url": "http://pbs.twimg.com/profile_images/1278695074847584258/SrSiDQbF_normal.jpg", "profile_image_url_https": "https://pbs.twimg.com/profile_images/1278695074847584258/SrSiDQbF_normal.jpg", "profile_banner_url": "https://pbs.twimg.com/profile_banners/65551087/1569642089", "profile_link_color": "89C9FA", "profile_sidebar_border_color": "000000", "profile_sidebar_fill_color": "000000", "profile_text_color": "000000", "profile_use_background_image": false, "has_extended_profile": true, "default_profile": false, "default_profile_image": false, "following": false, "follow_request_sent": false, "notifications": false, "translator_type": "none"}, "geo": null, "coordinates": null, "place": null, "contributors": null, "is_quote_status": false, "retweet_count": 58, "favorite_count": 291, "favorited": false, "retweeted": false, "lang": "en"}