{"created_at": "Wed Dec 05 21:19:51 +0000 2018", "id": 1070427554669047810, "id_str": "1070427554669047810", "text": "Outside cigarette dispenser emitting plenty of smoke next to White House briefing room. https://t.co/XUm4MzNycj", "truncated": false, "entities": {"hashtags": [], "symbols": [], "user_mentions": [], "urls": [{"url": "https://t.co/XUm4MzNycj", "expanded_url": "https://twitter.com/Jordanfabian/status/1070424850869731328", "display_url": "twitter.com/Jordanfabian/s\u2026", "indices": [88, 111]}]}, "source": "<a href=\"http://twitter.com\" rel=\"nofollow\">Twitter Web Client</a>", "in_reply_to_status_id": null, "in_reply_to_status_id_str": null, "in_reply_to_user_id": null, "in_reply_to_user_id_str": null, "in_reply_to_screen_name": null, "user": {"id": 19455864, "id_str": "19455864", "name": "Fin Gomez", "screen_name": "finnygo", "location": "#Washington, #DC", "description": "@CBSNews White House periodista. Covered candidates, conflict zones & cartels. @whca & @nahj boards. \ud83c\udf0dExplorer. 62 countries. \ud83c\udfcb\ud83c\udffd\u200d\u2640\ufe0f\ud83c\udfc3\ud83c\udffd\u200d\u2642\ufe0f\ud83e\uddd8\ud83c\udffd\u200d\u2642\ufe0f. #GRATEFUL", "url": "https://t.co/rgHK3zNQ15", "entities": {"url": {"urls": [{"url": "https://t.co/rgHK3zNQ15", "expanded_url": "https://whca.press/officer/fin-gomez/", "display_url": "whca.press/officer/fin-go\u2026", "indices": [0, 23]}]}, "description": {"urls": []}}, "protected": false, "followers_count": 23882, "friends_count": 6403, "listed_count": 578, "created_at": "Sat Jan 24 18:01:32 +0000 2009", "favourites_count": 46299, "utc_offset": null, "time_zone": null, "geo_enabled": true, "verified": true, "statuses_count": 32837, "lang": null, "contributors_enabled": false, "is_translator": false, "is_translation_enabled": false, "profile_background_color": "1A1B1F", "profile_background_image_url": "http://abs.twimg.com/images/themes/theme6/bg.gif", "profile_background_image_url_https": "https://abs.twimg.com/images/themes/theme6/bg.gif", "profile_background_tile": true, "profile_image_url": "http://pbs.twimg.com/profile_images/1253941518685126656/CgUMJ9tz_normal.jpg", "profile_image_url_https": "https://pbs.twimg.com/profile_images/1253941518685126656/CgUMJ9tz_normal.jpg", "profile_banner_url": "https://pbs.twimg.com/profile_banners/19455864/1584460914", "profile_link_color": "1B95E0", "profile_sidebar_border_color": "181A1E", "profile_sidebar_fill_color": "252429", "profile_text_color": "666666", "profile_use_background_image": true, "has_extended_profile": true, "default_profile": false, "default_profile_image": false, "following": false, "follow_request_sent": false, "notifications": false, "translator_type": "none"}, "geo": null, "coordinates": null, "place": null, "contributors": null, "is_quote_status": true, "quoted_status_id": 1070424850869731328, "quoted_status_id_str": "1070424850869731328", "quoted_status": {"created_at": "Wed Dec 05 21:09:06 +0000 2018", "id": 1070424850869731328, "id_str": "1070424850869731328", "text": "Smokin\u2019 hot scoop from the White House #smokin https://t.co/36J6Ek8Vrz", "truncated": false, "entities": {"hashtags": [{"text": "smokin", "indices": [39, 46]}], "symbols": [], "user_mentions": [], "urls": [], "media": [{"id": 1070424845547122691, "id_str": "1070424845547122691", "indices": [47, 70], "media_url": "http://pbs.twimg.com/media/DtrpucWWsAMaE5w.jpg", "media_url_https": "https://pbs.twimg.com/media/DtrpucWWsAMaE5w.jpg", "url": "https://t.co/36J6Ek8Vrz", "display_url": "pic.twitter.com/36J6Ek8Vrz", "expanded_url": "https://twitter.com/Jordanfabian/status/1070424850869731328/photo/1", "type": "photo", "sizes": {"thumb": {"w": 150, "h": 150, "resize": "crop"}, "large": {"w": 1536, "h": 2048, "resize": "fit"}, "small": {"w": 510, "h": 680, "resize": "fit"}, "medium": {"w": 900, "h": 1200, "resize": "fit"}}}]}, "extended_entities": {"media": [{"id": 1070424845547122691, "id_str": "1070424845547122691", "indices": [47, 70], "media_url": "http://pbs.twimg.com/media/DtrpucWWsAMaE5w.jpg", "media_url_https": "https://pbs.twimg.com/media/DtrpucWWsAMaE5w.jpg", "url": "https://t.co/36J6Ek8Vrz", "display_url": "pic.twitter.com/36J6Ek8Vrz", "expanded_url": "https://twitter.com/Jordanfabian/status/1070424850869731328/photo/1", "type": "photo", "sizes": {"thumb": {"w": 150, "h": 150, "resize": "crop"}, "large": {"w": 1536, "h": 2048, "resize": "fit"}, "small": {"w": 510, "h": 680, "resize": "fit"}, "medium": {"w": 900, "h": 1200, "resize": "fit"}}}]}, "source": "<a href=\"http://twitter.com/download/iphone\" rel=\"nofollow\">Twitter for iPhone</a>", "in_reply_to_status_id": null, "in_reply_to_status_id_str": null, "in_reply_to_user_id": null, "in_reply_to_user_id_str": null, "in_reply_to_screen_name": null, "user": {"id": 47632905, "id_str": "47632905", "name": "Jordan Fabian", "screen_name": "Jordanfabian", "location": "District of Columbia ", "description": "White House Correspondent for Bloomberg News (@business). Noted wise guy. Email me at jfabian6@bloomberg.net", "url": "https://t.co/sWb71ALtaq", "entities": {"url": {"urls": [{"url": "https://t.co/sWb71ALtaq", "expanded_url": "http://bloomberg.com", "display_url": "bloomberg.com", "indices": [0, 23]}]}, "description": {"urls": []}}, "protected": false, "followers_count": 52451, "friends_count": 2154, "listed_count": 1195, "created_at": "Tue Jun 16 14:13:13 +0000 2009", "favourites_count": 10650, "utc_offset": null, "time_zone": null, "geo_enabled": true, "verified": true, "statuses_count": 48390, "lang": null, "contributors_enabled": false, "is_translator": false, "is_translation_enabled": false, "profile_background_color": "C0DEED", "profile_background_image_url": "http://abs.twimg.com/images/themes/theme1/bg.png", "profile_background_image_url_https": "https://abs.twimg.com/images/themes/theme1/bg.png", "profile_background_tile": true, "profile_image_url": "http://pbs.twimg.com/profile_images/662284365171421184/6TjjtC-n_normal.jpg", "profile_image_url_https": "https://pbs.twimg.com/profile_images/662284365171421184/6TjjtC-n_normal.jpg", "profile_banner_url": "https://pbs.twimg.com/profile_banners/47632905/1581451189", "profile_link_color": "3B94D9", "profile_sidebar_border_color": "C0DEED", "profile_sidebar_fill_color": "DDEEF6", "profile_text_color": "333333", "profile_use_background_image": true, "has_extended_profile": false, "default_profile": false, "default_profile_image": false, "following": false, "follow_request_sent": false, "notifications": false, "translator_type": "none"}, "geo": null, "coordinates": null, "place": null, "contributors": null, "is_quote_status": false, "retweet_count": 3, "favorite_count": 31, "favorited": false, "retweeted": false, "possibly_sensitive": false, "lang": "en"}, "retweet_count": 1, "favorite_count": 7, "favorited": false, "retweeted": false, "possibly_sensitive": false, "lang": "en"}