{"created_at": "Wed Dec 05 09:55:15 +0000 2018", "id": 1070255270591426566, "id_str": "1070255270591426566", "text": "U.S. Department of Energy and Italy\u2019s Ministry of Education, Universities, and Research to Coll \u2026\" https://t.co/wLV4GaLQxu via @energy", "truncated": false, "entities": {"hashtags": [], "symbols": [], "user_mentions": [{"screen_name": "ENERGY", "name": "U.S. Department of Energy", "id": 166252256, "id_str": "166252256", "indices": [127, 134]}], "urls": [{"url": "https://t.co/wLV4GaLQxu", "expanded_url": "https://www.energy.gov/articles/us-department-energy-and-italy-s-ministry-education-universities-and-research-collaborate#.XAegfVOOFe4.twitter", "display_url": "energy.gov/articles/us-de\u2026", "indices": [99, 122]}]}, "source": "<a href=\"http://twitter.com\" rel=\"nofollow\">Twitter Web Client</a>", "in_reply_to_status_id": null, "in_reply_to_status_id_str": null, "in_reply_to_user_id": null, "in_reply_to_user_id_str": null, "in_reply_to_screen_name": null, "user": {"id": 999929359153750016, "id_str": "999929359153750016", "name": "The Lemons Investments", "screen_name": "TheLemonsInvest", "location": "", "description": "", "url": null, "entities": {"description": {"urls": []}}, "protected": false, "followers_count": 40, "friends_count": 77, "listed_count": 0, "created_at": "Fri May 25 08:25:11 +0000 2018", "favourites_count": 8, "utc_offset": null, "time_zone": null, "geo_enabled": false, "verified": false, "statuses_count": 5113, "lang": null, "contributors_enabled": false, "is_translator": false, "is_translation_enabled": false, "profile_background_color": "F5F8FA", "profile_background_image_url": null, "profile_background_image_url_https": null, "profile_background_tile": false, "profile_image_url": "http://pbs.twimg.com/profile_images/999933233130233856/lu_jrbrT_normal.jpg", "profile_image_url_https": "https://pbs.twimg.com/profile_images/999933233130233856/lu_jrbrT_normal.jpg", "profile_banner_url": "https://pbs.twimg.com/profile_banners/999929359153750016/1527237531", "profile_link_color": "1DA1F2", "profile_sidebar_border_color": "C0DEED", "profile_sidebar_fill_color": "DDEEF6", "profile_text_color": "333333", "profile_use_background_image": true, "has_extended_profile": false, "default_profile": true, "default_profile_image": false, "following": false, "follow_request_sent": false, "notifications": false, "translator_type": "none"}, "geo": null, "coordinates": null, "place": null, "contributors": null, "is_quote_status": false, "retweet_count": 0, "favorite_count": 0, "favorited": false, "retweeted": false, "possibly_sensitive": false, "lang": "en"}