{"created_at": "Tue Dec 04 20:52:02 +0000 2018", "id": 1070058168124792832, "id_str": "1070058168124792832", "text": "@lemire Steve Jobs very much understood the technical details on software and hardware level. For reference, look a\u2026 https://t.co/n56jxqN4fp", "truncated": true, "entities": {"hashtags": [], "symbols": [], "user_mentions": [{"screen_name": "lemire", "name": "Daniel Lemire", "id": 10695152, "id_str": "10695152", "indices": [0, 7]}], "urls": [{"url": "https://t.co/n56jxqN4fp", "expanded_url": "https://twitter.com/i/web/status/1070058168124792832", "display_url": "twitter.com/i/web/status/1\u2026", "indices": [117, 140]}]}, "source": "<a href=\"http://twitter.com\" rel=\"nofollow\">Twitter Web Client</a>", "in_reply_to_status_id": 1070051756858597377, "in_reply_to_status_id_str": "1070051756858597377", "in_reply_to_user_id": 10695152, "in_reply_to_user_id_str": "10695152", "in_reply_to_screen_name": "lemire", "user": {"id": 227858116, "id_str": "227858116", "name": "Mo Kurabi", "screen_name": "mkurabi", "location": "San Diego, CA", "description": "Grower of Fig. @FigHQ", "url": "https://t.co/mniOtXTpQ0", "entities": {"url": {"urls": [{"url": "https://t.co/mniOtXTpQ0", "expanded_url": "https://www.fighq.io", "display_url": "fighq.io", "indices": [0, 23]}]}, "description": {"urls": []}}, "protected": false, "followers_count": 104, "friends_count": 289, "listed_count": 6, "created_at": "Sat Dec 18 01:04:44 +0000 2010", "favourites_count": 334, "utc_offset": null, "time_zone": null, "geo_enabled": false, "verified": false, "statuses_count": 1442, "lang": null, "contributors_enabled": false, "is_translator": false, "is_translation_enabled": false, "profile_background_color": "C0DEED", "profile_background_image_url": "http://abs.twimg.com/images/themes/theme1/bg.png", "profile_background_image_url_https": "https://abs.twimg.com/images/themes/theme1/bg.png", "profile_background_tile": false, "profile_image_url": "http://pbs.twimg.com/profile_images/1171896956462882816/53uEIGMJ_normal.jpg", "profile_image_url_https": "https://pbs.twimg.com/profile_images/1171896956462882816/53uEIGMJ_normal.jpg", "profile_link_color": "1DA1F2", "profile_sidebar_border_color": "C0DEED", "profile_sidebar_fill_color": "DDEEF6", "profile_text_color": "333333", "profile_use_background_image": true, "has_extended_profile": false, "default_profile": true, "default_profile_image": false, "following": false, "follow_request_sent": false, "notifications": false, "translator_type": "none"}, "geo": null, "coordinates": null, "place": null, "contributors": null, "is_quote_status": false, "retweet_count": 0, "favorite_count": 1, "favorited": false, "retweeted": false, "lang": "en"}