{"created_at": "Sun Dec 09 15:34:42 +0000 2018", "id": 1071790246939942912, "id_str": "1071790246939942912", "text": "\u201cHalf of student loan borrowers haven't paid even $1 toward their debt's principal five years into repayment, accor\u2026 https://t.co/aDniW5k2e1", "truncated": true, "entities": {"hashtags": [], "symbols": [], "user_mentions": [], "urls": [{"url": "https://t.co/aDniW5k2e1", "expanded_url": "https://twitter.com/i/web/status/1071790246939942912", "display_url": "twitter.com/i/web/status/1\u2026", "indices": [117, 140]}]}, "source": "<a href=\"http://twitter.com/download/iphone\" rel=\"nofollow\">Twitter for iPhone</a>", "in_reply_to_status_id": null, "in_reply_to_status_id_str": null, "in_reply_to_user_id": null, "in_reply_to_user_id_str": null, "in_reply_to_screen_name": null, "user": {"id": 221838349, "id_str": "221838349", "name": "Austen Allred", "screen_name": "Austen", "location": "The Oasis", "description": "CEO @LambdaSchool: A CS education with no tuition until you get a job. I have seen the \u201cMemes\u201d and I think they\u2019re very good.", "url": "https://t.co/SIpIDf8Uvw", "entities": {"url": {"urls": [{"url": "https://t.co/SIpIDf8Uvw", "expanded_url": "http://austenallred.com", "display_url": "austenallred.com", "indices": [0, 23]}]}, "description": {"urls": []}}, "protected": false, "followers_count": 139359, "friends_count": 627, "listed_count": 2670, "created_at": "Wed Dec 01 19:13:23 +0000 2010", "favourites_count": 57280, "utc_offset": null, "time_zone": null, "geo_enabled": true, "verified": false, "statuses_count": 16894, "lang": null, "contributors_enabled": false, "is_translator": false, "is_translation_enabled": false, "profile_background_color": "1A1B1F", "profile_background_image_url": "http://abs.twimg.com/images/themes/theme9/bg.gif", "profile_background_image_url_https": "https://abs.twimg.com/images/themes/theme9/bg.gif", "profile_background_tile": true, "profile_image_url": "http://pbs.twimg.com/profile_images/1298871483310190593/Bev51BER_normal.jpg", "profile_image_url_https": "https://pbs.twimg.com/profile_images/1298871483310190593/Bev51BER_normal.jpg", "profile_banner_url": "https://pbs.twimg.com/profile_banners/221838349/1408222178", "profile_link_color": "2FC2EF", "profile_sidebar_border_color": "FFFFFF", "profile_sidebar_fill_color": "252429", "profile_text_color": "666666", "profile_use_background_image": true, "has_extended_profile": false, "default_profile": false, "default_profile_image": false, "following": false, "follow_request_sent": false, "notifications": false, "translator_type": "regular"}, "geo": null, "coordinates": null, "place": null, "contributors": null, "is_quote_status": false, "retweet_count": 46, "favorite_count": 172, "favorited": false, "retweeted": false, "possibly_sensitive": false, "lang": "en"}