{"created_at": "Thu Dec 13 22:08:57 +0000 2018", "id": 1073339014806159369, "id_str": "1073339014806159369", "text": "The U.S. Department of Education is investing $2.5 million in a new project called Virtual Reality Opportunities to\u2026 https://t.co/Xsf3Wx7Oun", "truncated": true, "entities": {"hashtags": [], "symbols": [], "user_mentions": [], "urls": [{"url": "https://t.co/Xsf3Wx7Oun", "expanded_url": "https://twitter.com/i/web/status/1073339014806159369", "display_url": "twitter.com/i/web/status/1\u2026", "indices": [117, 140]}]}, "source": "<a href=\"http://www.hubspot.com/\" rel=\"nofollow\">HubSpot</a>", "in_reply_to_status_id": null, "in_reply_to_status_id_str": null, "in_reply_to_user_id": null, "in_reply_to_user_id_str": null, "in_reply_to_screen_name": null, "user": {"id": 179542197, "id_str": "179542197", "name": "zSpace", "screen_name": "zSpace", "location": "San Jose, CA (Silicon Valley)", "description": "Inspire curiosity, boost engagement, and deepen understanding for #K12, #CareerTech, and #HigherEd through immersive Augmented and Virtual Reality (#AR #VR).", "url": "https://t.co/JsL8lgjeHe", "entities": {"url": {"urls": [{"url": "https://t.co/JsL8lgjeHe", "expanded_url": "https://zspace.com/", "display_url": "zspace.com", "indices": [0, 23]}]}, "description": {"urls": []}}, "protected": false, "followers_count": 11326, "friends_count": 5993, "listed_count": 381, "created_at": "Tue Aug 17 15:06:54 +0000 2010", "favourites_count": 5910, "utc_offset": null, "time_zone": null, "geo_enabled": true, "verified": false, "statuses_count": 8945, "lang": null, "contributors_enabled": false, "is_translator": false, "is_translation_enabled": false, "profile_background_color": "FCFCFC", "profile_background_image_url": "http://abs.twimg.com/images/themes/theme4/bg.gif", "profile_background_image_url_https": "https://abs.twimg.com/images/themes/theme4/bg.gif", "profile_background_tile": false, "profile_image_url": "http://pbs.twimg.com/profile_images/928766861839183874/PFfvL6ZC_normal.jpg", "profile_image_url_https": "https://pbs.twimg.com/profile_images/928766861839183874/PFfvL6ZC_normal.jpg", "profile_banner_url": "https://pbs.twimg.com/profile_banners/179542197/1513290876", "profile_link_color": "0099B9", "profile_sidebar_border_color": "FFFFFF", "profile_sidebar_fill_color": "95E8EC", "profile_text_color": "3C3940", "profile_use_background_image": true, "has_extended_profile": false, "default_profile": false, "default_profile_image": false, "following": false, "follow_request_sent": false, "notifications": false, "translator_type": "none"}, "geo": null, "coordinates": null, "place": null, "contributors": null, "is_quote_status": false, "retweet_count": 0, "favorite_count": 10, "favorited": false, "retweeted": false, "possibly_sensitive": false, "lang": "en"}