{"created_at": "Sat Dec 15 17:01:19 +0000 2018", "id": 1073986370450964481, "id_str": "1073986370450964481", "text": "https://t.co/0QapxArayu\n#Weltkarten #Weltanschauungen #Projektion #K\u00fcnstlerischeForschung #Design #Bild #Kunst\u2026 https://t.co/NlVjzdXDAr", "truncated": true, "entities": {"hashtags": [{"text": "Weltkarten", "indices": [24, 35]}, {"text": "Weltanschauungen", "indices": [36, 53]}, {"text": "Projektion", "indices": [54, 65]}, {"text": "K\u00fcnstlerischeForschung", "indices": [66, 89]}, {"text": "Design", "indices": [90, 97]}, {"text": "Bild", "indices": [98, 103]}, {"text": "Kunst", "indices": [104, 110]}], "symbols": [], "user_mentions": [], "urls": [{"url": "https://t.co/0QapxArayu", "expanded_url": "http://www.transcript-verlag.de/978-3-8376-4611-5", "display_url": "transcript-verlag.de/978-3-8376-461\u2026", "indices": [0, 23]}, {"url": "https://t.co/NlVjzdXDAr", "expanded_url": "https://twitter.com/i/web/status/1073986370450964481", "display_url": "twitter.com/i/web/status/1\u2026", "indices": [112, 135]}]}, "source": "<a href=\"https://www.hootsuite.com\" rel=\"nofollow\">Hootsuite Inc.</a>", "in_reply_to_status_id": null, "in_reply_to_status_id_str": null, "in_reply_to_user_id": null, "in_reply_to_user_id_str": null, "in_reply_to_screen_name": null, "user": {"id": 50284267, "id_str": "50284267", "name": "transcript Verlag", "screen_name": "transcriptweb", "location": "Bielefeld, Germany", "description": "Independent Academic Publishing https://t.co/DyBAzXcoiY", "url": "https://t.co/7vBvf2LF1y", "entities": {"url": {"urls": [{"url": "https://t.co/7vBvf2LF1y", "expanded_url": "https://www.transcript-verlag.de", "display_url": "transcript-verlag.de", "indices": [0, 23]}]}, "description": {"urls": [{"url": "https://t.co/DyBAzXcoiY", "expanded_url": "https://www.transcript-verlag.de/impressum", "display_url": "transcript-verlag.de/impressum", "indices": [32, 55]}]}}, "protected": false, "followers_count": 2589, "friends_count": 535, "listed_count": 114, "created_at": "Wed Jun 24 11:55:02 +0000 2009", "favourites_count": 1826, "utc_offset": null, "time_zone": null, "geo_enabled": false, "verified": false, "statuses_count": 5688, "lang": null, "contributors_enabled": false, "is_translator": false, "is_translation_enabled": false, "profile_background_color": "FFFFFF", "profile_background_image_url": "http://abs.twimg.com/images/themes/theme15/bg.png", "profile_background_image_url_https": "https://abs.twimg.com/images/themes/theme15/bg.png", "profile_background_tile": false, "profile_image_url": "http://pbs.twimg.com/profile_images/882135674677334017/t9-08ZgA_normal.jpg", "profile_image_url_https": "https://pbs.twimg.com/profile_images/882135674677334017/t9-08ZgA_normal.jpg", "profile_banner_url": "https://pbs.twimg.com/profile_banners/50284267/1550057254", "profile_link_color": "0084B4", "profile_sidebar_border_color": "A8C7F7", "profile_sidebar_fill_color": "C0DFEC", "profile_text_color": "333333", "profile_use_background_image": false, "has_extended_profile": false, "default_profile": false, "default_profile_image": false, "following": false, "follow_request_sent": false, "notifications": false, "translator_type": "none"}, "geo": null, "coordinates": null, "place": null, "contributors": null, "is_quote_status": false, "retweet_count": 0, "favorite_count": 0, "favorited": false, "retweeted": false, "possibly_sensitive": false, "lang": "und"}