{"created_at": "Sat Dec 15 14:42:01 +0000 2018", "id": 1073951314382544896, "id_str": "1073951314382544896", "text": "Wow. Would love to read, or better listen to, the untranslated transcript of this interview. https://t.co/qh0lJImcvJ", "truncated": false, "entities": {"hashtags": [], "symbols": [], "user_mentions": [], "urls": [{"url": "https://t.co/qh0lJImcvJ", "expanded_url": "https://twitter.com/RaunaqMangottil/status/1073575837625049088", "display_url": "twitter.com/RaunaqMangotti\u2026", "indices": [93, 116]}]}, "source": "<a href=\"http://twitter.com\" rel=\"nofollow\">Twitter Web Client</a>", "in_reply_to_status_id": null, "in_reply_to_status_id_str": null, "in_reply_to_user_id": null, "in_reply_to_user_id_str": null, "in_reply_to_screen_name": null, "user": {"id": 47884124, "id_str": "47884124", "name": "Nitin Sundar", "screen_name": "knittins", "location": "Bangalore", "description": "Cyberdyne Systems Model 101", "url": null, "entities": {"description": {"urls": []}}, "protected": false, "followers_count": 6315, "friends_count": 764, "listed_count": 167, "created_at": "Wed Jun 17 07:00:24 +0000 2009", "favourites_count": 4998, "utc_offset": null, "time_zone": null, "geo_enabled": true, "verified": false, "statuses_count": 37969, "lang": null, "contributors_enabled": false, "is_translator": false, "is_translation_enabled": false, "profile_background_color": "131516", "profile_background_image_url": "http://abs.twimg.com/images/themes/theme14/bg.gif", "profile_background_image_url_https": "https://abs.twimg.com/images/themes/theme14/bg.gif", "profile_background_tile": true, "profile_image_url": "http://pbs.twimg.com/profile_images/1278298816492367873/a5gEeDgs_normal.jpg", "profile_image_url_https": "https://pbs.twimg.com/profile_images/1278298816492367873/a5gEeDgs_normal.jpg", "profile_banner_url": "https://pbs.twimg.com/profile_banners/47884124/1572677119", "profile_link_color": "009999", "profile_sidebar_border_color": "EEEEEE", "profile_sidebar_fill_color": "EFEFEF", "profile_text_color": "333333", "profile_use_background_image": true, "has_extended_profile": true, "default_profile": false, "default_profile_image": false, "following": false, "follow_request_sent": false, "notifications": false, "translator_type": "none"}, "geo": null, "coordinates": null, "place": null, "contributors": null, "is_quote_status": true, "quoted_status_id": 1073575837625049088, "quoted_status_id_str": "1073575837625049088", "quoted_status": {"created_at": "Fri Dec 14 13:50:00 +0000 2018", "id": 1073575837625049088, "id_str": "1073575837625049088", "text": "The best interview of the year is not a video one. Damn, @sudhirsrinivasn. This is deep yet simple, dark yet hopefu\u2026 https://t.co/0UY59pJ8bf", "truncated": true, "entities": {"hashtags": [], "symbols": [], "user_mentions": [{"screen_name": "sudhirsrinivasn", "name": "Sudhir Srinivasan", "id": 166227445, "id_str": "166227445", "indices": [57, 73]}], "urls": [{"url": "https://t.co/0UY59pJ8bf", "expanded_url": "https://twitter.com/i/web/status/1073575837625049088", "display_url": "twitter.com/i/web/status/1\u2026", "indices": [117, 140]}]}, "source": "<a href=\"http://twitter.com/download/android\" rel=\"nofollow\">Twitter for Android</a>", "in_reply_to_status_id": null, "in_reply_to_status_id_str": null, "in_reply_to_user_id": null, "in_reply_to_user_id_str": null, "in_reply_to_screen_name": null, "user": {"id": 2931891295, "id_str": "2931891295", "name": "Raunaq Mangottil", "screen_name": "RaunaqMangottil", "location": "Chennai", "description": "CCO & Co-Founder, @fullyfilmy_in | 90s 'kid' who writes garbage in the hope of turning it into gold", "url": "https://t.co/X4TgLKnkcZ", "entities": {"url": {"urls": [{"url": "https://t.co/X4TgLKnkcZ", "expanded_url": "https://www.instagram.com/raunaqmangottil/", "display_url": "instagram.com/raunaqmangotti\u2026", "indices": [0, 23]}]}, "description": {"urls": []}}, "protected": false, "followers_count": 16704, "friends_count": 257, "listed_count": 34, "created_at": "Tue Dec 16 05:21:52 +0000 2014", "favourites_count": 8307, "utc_offset": null, "time_zone": null, "geo_enabled": true, "verified": false, "statuses_count": 23328, "lang": null, "contributors_enabled": false, "is_translator": false, "is_translation_enabled": false, "profile_background_color": "000000", "profile_background_image_url": "http://abs.twimg.com/images/themes/theme1/bg.png", "profile_background_image_url_https": "https://abs.twimg.com/images/themes/theme1/bg.png", "profile_background_tile": false, "profile_image_url": "http://pbs.twimg.com/profile_images/1300396392666378240/a9OBNWxp_normal.jpg", "profile_image_url_https": "https://pbs.twimg.com/profile_images/1300396392666378240/a9OBNWxp_normal.jpg", "profile_banner_url": "https://pbs.twimg.com/profile_banners/2931891295/1558440599", "profile_link_color": "FFCC4D", "profile_sidebar_border_color": "000000", "profile_sidebar_fill_color": "000000", "profile_text_color": "000000", "profile_use_background_image": false, "has_extended_profile": true, "default_profile": false, "default_profile_image": false, "following": false, "follow_request_sent": false, "notifications": false, "translator_type": "none"}, "geo": null, "coordinates": null, "place": null, "contributors": null, "is_quote_status": false, "retweet_count": 43, "favorite_count": 196, "favorited": false, "retweeted": false, "possibly_sensitive": false, "lang": "en"}, "retweet_count": 0, "favorite_count": 0, "favorited": false, "retweeted": false, "possibly_sensitive": false, "lang": "en"}