{"created_at": "Sun Dec 16 03:07:50 +0000 2018", "id": 1074139008970551297, "id_str": "1074139008970551297", "text": "PS: every Buffy transcript exists online, in a standard format.\n\nhttps://t.co/TEGFFSBXY3\n\n(you're welcome) https://t.co/qceIYNCuvN", "truncated": false, "entities": {"hashtags": [], "symbols": [], "user_mentions": [], "urls": [{"url": "https://t.co/TEGFFSBXY3", "expanded_url": "http://www.buffyworld.com/buffy/transcripts/004_tran.html", "display_url": "buffyworld.com/buffy/transcri\u2026", "indices": [65, 88]}], "media": [{"id": 1074138058822303744, "id_str": "1074138058822303744", "indices": [107, 130], "media_url": "http://pbs.twimg.com/tweet_video_thumb/Duga35vUwAAcuon.jpg", "media_url_https": "https://pbs.twimg.com/tweet_video_thumb/Duga35vUwAAcuon.jpg", "url": "https://t.co/qceIYNCuvN", "display_url": "pic.twitter.com/qceIYNCuvN", "expanded_url": "https://twitter.com/DynamicWebPaige/status/1074139008970551297/photo/1", "type": "photo", "sizes": {"thumb": {"w": 150, "h": 150, "resize": "crop"}, "medium": {"w": 244, "h": 160, "resize": "fit"}, "small": {"w": 244, "h": 160, "resize": "fit"}, "large": {"w": 244, "h": 160, "resize": "fit"}}}]}, "extended_entities": {"media": [{"id": 1074138058822303744, "id_str": "1074138058822303744", "indices": [107, 130], "media_url": "http://pbs.twimg.com/tweet_video_thumb/Duga35vUwAAcuon.jpg", "media_url_https": "https://pbs.twimg.com/tweet_video_thumb/Duga35vUwAAcuon.jpg", "url": "https://t.co/qceIYNCuvN", "display_url": "pic.twitter.com/qceIYNCuvN", "expanded_url": "https://twitter.com/DynamicWebPaige/status/1074139008970551297/photo/1", "type": "animated_gif", "sizes": {"thumb": {"w": 150, "h": 150, "resize": "crop"}, "medium": {"w": 244, "h": 160, "resize": "fit"}, "small": {"w": 244, "h": 160, "resize": "fit"}, "large": {"w": 244, "h": 160, "resize": "fit"}}, "video_info": {"aspect_ratio": [61, 40], "variants": [{"bitrate": 0, "content_type": "video/mp4", "url": "https://video.twimg.com/tweet_video/Duga35vUwAAcuon.mp4"}]}}]}, "source": "<a href=\"http://twitter.com\" rel=\"nofollow\">Twitter Web Client</a>", "in_reply_to_status_id": 1074121797052723200, "in_reply_to_status_id_str": "1074121797052723200", "in_reply_to_user_id": 18104734, "in_reply_to_user_id_str": "18104734", "in_reply_to_screen_name": "DynamicWebPaige", "user": {"id": 18104734, "id_str": "18104734", "name": "\ud83d\udc69\u200d\ud83d\udcbb DynamicWebPaige @ 127.0.0.1 \ud83c\udfe0", "screen_name": "DynamicWebPaige", "location": "179\u00b056\u203239.4\u2033, +0\u00b02\u203246.2\u2033 8k pc", "description": "Empowering others to build models + understand systems @GoogleAI. There has never been a more exciting time to be a compiler nerd who is into machine learning.", "url": "https://t.co/9mVw6maHZV", "entities": {"url": {"urls": [{"url": "https://t.co/9mVw6maHZV", "expanded_url": "http://paigevie.ws", "display_url": "paigevie.ws", "indices": [0, 23]}]}, "description": {"urls": []}}, "protected": false, "followers_count": 35069, "friends_count": 1283, "listed_count": 901, "created_at": "Sat Dec 13 20:54:27 +0000 2008", "favourites_count": 53104, "utc_offset": null, "time_zone": null, "geo_enabled": true, "verified": false, "statuses_count": 45775, "lang": null, "contributors_enabled": false, "is_translator": false, "is_translation_enabled": false, "profile_background_color": "010303", "profile_background_image_url": "http://abs.twimg.com/images/themes/theme13/bg.gif", "profile_background_image_url_https": "https://abs.twimg.com/images/themes/theme13/bg.gif", "profile_background_tile": false, "profile_image_url": "http://pbs.twimg.com/profile_images/626762747330457600/X3Bx503W_normal.jpg", "profile_image_url_https": "https://pbs.twimg.com/profile_images/626762747330457600/X3Bx503W_normal.jpg", "profile_banner_url": "https://pbs.twimg.com/profile_banners/18104734/1403920287", "profile_link_color": "471212", "profile_sidebar_border_color": "FFFFFF", "profile_sidebar_fill_color": "FFFFFF", "profile_text_color": "333333", "profile_use_background_image": true, "has_extended_profile": true, "default_profile": false, "default_profile_image": false, "following": false, "follow_request_sent": false, "notifications": false, "translator_type": "none"}, "geo": null, "coordinates": null, "place": null, "contributors": null, "is_quote_status": false, "retweet_count": 2, "favorite_count": 22, "favorited": false, "retweeted": false, "possibly_sensitive": false, "lang": "en"}