{"created_at": "Sat Dec 15 19:17:35 +0000 2018", "id": 1074020665752215557, "id_str": "1074020665752215557", "text": "@mikweir @GovernorVA @realDonaldTrump That\u2019s EXACTLY what they did yesterday. Ruled it unconstitutional because Tru\u2026 https://t.co/3sZe4tPl1o", "truncated": true, "entities": {"hashtags": [], "symbols": [], "user_mentions": [{"screen_name": "mikweir", "name": "Michael Weir", "id": 23216053, "id_str": "23216053", "indices": [0, 8]}, {"screen_name": "GovernorVA", "name": "Ralph Northam", "id": 104198706, "id_str": "104198706", "indices": [9, 20]}, {"screen_name": "realDonaldTrump", "name": "Donald J. Trump", "id": 25073877, "id_str": "25073877", "indices": [21, 37]}], "urls": [{"url": "https://t.co/3sZe4tPl1o", "expanded_url": "https://twitter.com/i/web/status/1074020665752215557", "display_url": "twitter.com/i/web/status/1\u2026", "indices": [117, 140]}]}, "source": "<a href=\"http://twitter.com/download/iphone\" rel=\"nofollow\">Twitter for iPhone</a>", "in_reply_to_status_id": 1074020081573744640, "in_reply_to_status_id_str": "1074020081573744640", "in_reply_to_user_id": 23216053, "in_reply_to_user_id_str": "23216053", "in_reply_to_screen_name": "mikweir", "user": {"id": 2291608788, "id_str": "2291608788", "name": "Margie O. \ud83c\udf0a\ud83d\udc99 \ud83c\udf51", "screen_name": "bellmardesigns", "location": "Works from home", "description": "Graphic Designer, Upcycler, Entrepreneur and Freelancer. If I follow you, it\u2019s because you are like minded. if you are a guy hunting women, go elsewhere.", "url": null, "entities": {"description": {"urls": []}}, "protected": false, "followers_count": 293, "friends_count": 529, "listed_count": 5, "created_at": "Tue Jan 14 19:44:59 +0000 2014", "favourites_count": 15165, "utc_offset": null, "time_zone": null, "geo_enabled": false, "verified": false, "statuses_count": 16563, "lang": null, "contributors_enabled": false, "is_translator": false, "is_translation_enabled": false, "profile_background_color": "000000", "profile_background_image_url": "http://abs.twimg.com/images/themes/theme1/bg.png", "profile_background_image_url_https": "https://abs.twimg.com/images/themes/theme1/bg.png", "profile_background_tile": false, "profile_image_url": "http://pbs.twimg.com/profile_images/503385505161957376/AHFZmGq__normal.jpeg", "profile_image_url_https": "https://pbs.twimg.com/profile_images/503385505161957376/AHFZmGq__normal.jpeg", "profile_banner_url": "https://pbs.twimg.com/profile_banners/2291608788/1552555209", "profile_link_color": "145924", "profile_sidebar_border_color": "000000", "profile_sidebar_fill_color": "000000", "profile_text_color": "000000", "profile_use_background_image": false, "has_extended_profile": false, "default_profile": false, "default_profile_image": false, "following": false, "follow_request_sent": false, "notifications": false, "translator_type": "none"}, "geo": null, "coordinates": null, "place": null, "contributors": null, "is_quote_status": false, "retweet_count": 0, "favorite_count": 2, "favorited": false, "retweeted": false, "lang": "en"}