{"created_at": "Sat Dec 15 22:18:57 +0000 2018", "id": 1074066305270071296, "id_str": "1074066305270071296", "text": "@AndrewCMcCarthy @NRO Andy, it might sound to you like Flynn lied, but without the transcripts of his conversations\u2026 https://t.co/oy5bdIORTD", "truncated": true, "entities": {"hashtags": [], "symbols": [], "user_mentions": [{"screen_name": "AndrewCMcCarthy", "name": "Andy McCarthy", "id": 130684893, "id_str": "130684893", "indices": [0, 16]}, {"screen_name": "NRO", "name": "National Review", "id": 19417492, "id_str": "19417492", "indices": [17, 21]}], "urls": [{"url": "https://t.co/oy5bdIORTD", "expanded_url": "https://twitter.com/i/web/status/1074066305270071296", "display_url": "twitter.com/i/web/status/1\u2026", "indices": [117, 140]}]}, "source": "<a href=\"http://twitter.com\" rel=\"nofollow\">Twitter Web Client</a>", "in_reply_to_status_id": 1074044879523770369, "in_reply_to_status_id_str": "1074044879523770369", "in_reply_to_user_id": 130684893, "in_reply_to_user_id_str": "130684893", "in_reply_to_screen_name": "AndrewCMcCarthy", "user": {"id": 2190549734, "id_str": "2190549734", "name": "Sonny Masterson", "screen_name": "sunmaster14", "location": "USA", "description": "A \"hater\" who doesn't actually hate anybody, even those who hate me for being a \"hater.\" Used to post at JREF/ISF. Got some good stuff there, FWIW.", "url": null, "entities": {"description": {"urls": []}}, "protected": false, "followers_count": 246, "friends_count": 121, "listed_count": 6, "created_at": "Tue Nov 12 15:26:38 +0000 2013", "favourites_count": 1239, "utc_offset": null, "time_zone": null, "geo_enabled": false, "verified": false, "statuses_count": 7187, "lang": null, "contributors_enabled": false, "is_translator": false, "is_translation_enabled": false, "profile_background_color": "C0DEED", "profile_background_image_url": "http://abs.twimg.com/images/themes/theme1/bg.png", "profile_background_image_url_https": "https://abs.twimg.com/images/themes/theme1/bg.png", "profile_background_tile": false, "profile_image_url": "http://pbs.twimg.com/profile_images/1031554348256358402/xMPpgD3y_normal.jpg", "profile_image_url_https": "https://pbs.twimg.com/profile_images/1031554348256358402/xMPpgD3y_normal.jpg", "profile_link_color": "1DA1F2", "profile_sidebar_border_color": "C0DEED", "profile_sidebar_fill_color": "DDEEF6", "profile_text_color": "333333", "profile_use_background_image": true, "has_extended_profile": false, "default_profile": true, "default_profile_image": false, "following": false, "follow_request_sent": false, "notifications": false, "translator_type": "none"}, "geo": null, "coordinates": null, "place": null, "contributors": null, "is_quote_status": false, "retweet_count": 0, "favorite_count": 4, "favorited": false, "retweeted": false, "lang": "en"}