{"created_at": "Sat Dec 15 21:09:43 +0000 2018", "id": 1074048885016924160, "id_str": "1074048885016924160", "text": "I still haven't seen my transcript LMAO", "truncated": false, "entities": {"hashtags": [], "symbols": [], "user_mentions": [], "urls": []}, "source": "<a href=\"http://twitter.com\" rel=\"nofollow\">Twitter Web Client</a>", "in_reply_to_status_id": null, "in_reply_to_status_id_str": null, "in_reply_to_user_id": null, "in_reply_to_user_id_str": null, "in_reply_to_screen_name": null, "user": {"id": 1349402785, "id_str": "1349402785", "name": "June", "screen_name": "_june1917", "location": "Pietermaritzburg, Africa", "description": "Socialist Internationalist. Fighter. \n\nHe/him/they/them", "url": null, "entities": {"description": {"urls": []}}, "protected": false, "followers_count": 1341, "friends_count": 801, "listed_count": 2, "created_at": "Sat Apr 13 14:35:35 +0000 2013", "favourites_count": 148772, "utc_offset": null, "time_zone": null, "geo_enabled": true, "verified": false, "statuses_count": 35225, "lang": null, "contributors_enabled": false, "is_translator": false, "is_translation_enabled": false, "profile_background_color": "000000", "profile_background_image_url": "http://abs.twimg.com/images/themes/theme1/bg.png", "profile_background_image_url_https": "https://abs.twimg.com/images/themes/theme1/bg.png", "profile_background_tile": false, "profile_image_url": "http://pbs.twimg.com/profile_images/1275189268294615045/d-tZbwDR_normal.jpg", "profile_image_url_https": "https://pbs.twimg.com/profile_images/1275189268294615045/d-tZbwDR_normal.jpg", "profile_banner_url": "https://pbs.twimg.com/profile_banners/1349402785/1578473186", "profile_link_color": "981CEB", "profile_sidebar_border_color": "000000", "profile_sidebar_fill_color": "000000", "profile_text_color": "000000", "profile_use_background_image": false, "has_extended_profile": true, "default_profile": false, "default_profile_image": false, "following": false, "follow_request_sent": false, "notifications": false, "translator_type": "regular"}, "geo": null, "coordinates": null, "place": null, "contributors": null, "is_quote_status": false, "retweet_count": 0, "favorite_count": 1, "favorited": false, "retweeted": false, "lang": "en"}