{"created_at": "Sun Dec 16 00:06:54 +0000 2018", "id": 1074093475321266177, "id_str": "1074093475321266177", "text": "@KoenSwinkels @mtracey Story on Don Jr said he testified to something false but he didnt include the whole transcri\u2026 https://t.co/YDL6HrJs7q", "truncated": true, "entities": {"hashtags": [], "symbols": [], "user_mentions": [{"screen_name": "KoenSwinkels", "name": "Koen", "id": 201463757, "id_str": "201463757", "indices": [0, 13]}, {"screen_name": "mtracey", "name": "Michael Tracey", "id": 24127811, "id_str": "24127811", "indices": [14, 22]}], "urls": [{"url": "https://t.co/YDL6HrJs7q", "expanded_url": "https://twitter.com/i/web/status/1074093475321266177", "display_url": "twitter.com/i/web/status/1\u2026", "indices": [117, 140]}]}, "source": "<a href=\"http://twitter.com\" rel=\"nofollow\">Twitter Web Client</a>", "in_reply_to_status_id": 1074091349597655040, "in_reply_to_status_id_str": "1074091349597655040", "in_reply_to_user_id": 201463757, "in_reply_to_user_id_str": "201463757", "in_reply_to_screen_name": "KoenSwinkels", "user": {"id": 966179015789891585, "id_str": "966179015789891585", "name": "arik", "screen_name": "arikarikari", "location": "New York, NY", "description": "", "url": null, "entities": {"description": {"urls": []}}, "protected": false, "followers_count": 156, "friends_count": 259, "listed_count": 0, "created_at": "Wed Feb 21 05:13:22 +0000 2018", "favourites_count": 10281, "utc_offset": null, "time_zone": null, "geo_enabled": false, "verified": false, "statuses_count": 19776, "lang": null, "contributors_enabled": false, "is_translator": false, "is_translation_enabled": false, "profile_background_color": "F5F8FA", "profile_background_image_url": null, "profile_background_image_url_https": null, "profile_background_tile": false, "profile_image_url": "http://pbs.twimg.com/profile_images/1137457405116203008/lZVEs7u2_normal.png", "profile_image_url_https": "https://pbs.twimg.com/profile_images/1137457405116203008/lZVEs7u2_normal.png", "profile_link_color": "1DA1F2", "profile_sidebar_border_color": "C0DEED", "profile_sidebar_fill_color": "DDEEF6", "profile_text_color": "333333", "profile_use_background_image": true, "has_extended_profile": true, "default_profile": true, "default_profile_image": false, "following": false, "follow_request_sent": false, "notifications": false, "translator_type": "none"}, "geo": null, "coordinates": null, "place": null, "contributors": null, "is_quote_status": false, "retweet_count": 0, "favorite_count": 1, "favorited": false, "retweeted": false, "lang": "en"}