{"created_at": "Sat Dec 15 23:34:30 +0000 2018", "id": 1074085320369586176, "id_str": "1074085320369586176", "text": "@RobbyKuester @SenJeffMerkley Please visit #IndividualNumber1 's or most any repubs feed. There are 100's of exampl\u2026 https://t.co/hhjBRy0ZSD", "truncated": true, "entities": {"hashtags": [{"text": "IndividualNumber1", "indices": [43, 61]}], "symbols": [], "user_mentions": [{"screen_name": "RobbyKuester", "name": "Robby Kuester", "id": 3854203454, "id_str": "3854203454", "indices": [0, 13]}, {"screen_name": "SenJeffMerkley", "name": "Senator Jeff Merkley", "id": 29201047, "id_str": "29201047", "indices": [14, 29]}], "urls": [{"url": "https://t.co/hhjBRy0ZSD", "expanded_url": "https://twitter.com/i/web/status/1074085320369586176", "display_url": "twitter.com/i/web/status/1\u2026", "indices": [117, 140]}]}, "source": "<a href=\"https://mobile.twitter.com\" rel=\"nofollow\">Twitter Web App</a>", "in_reply_to_status_id": 1074083496077885440, "in_reply_to_status_id_str": "1074083496077885440", "in_reply_to_user_id": 3854203454, "in_reply_to_user_id_str": "3854203454", "in_reply_to_screen_name": "RobbyKuester", "user": {"id": 1024819092941955082, "id_str": "1024819092941955082", "name": "TJohn\ud83c\udf0a\ud83c\udf0a\ud83c\udf0a", "screen_name": "TJohn321mine", "location": "Texas (We're getting better)", "description": "Mother, grandmother, lover of animals and defender of nature. Free of religious baloney, believer of science and fighter for truth. \ud83c\udfc4\u200d\u2640\ufe0f\ud83c\udf0a Riden with Biden", "url": "https://t.co/8aH6w8LBNM", "entities": {"url": {"urls": [{"url": "https://t.co/8aH6w8LBNM", "expanded_url": "http://G20.in", "display_url": "G20.in", "indices": [0, 23]}]}, "description": {"urls": []}}, "protected": false, "followers_count": 6992, "friends_count": 7688, "listed_count": 7, "created_at": "Thu Aug 02 00:48:06 +0000 2018", "favourites_count": 286451, "utc_offset": null, "time_zone": null, "geo_enabled": false, "verified": false, "statuses_count": 85964, "lang": null, "contributors_enabled": false, "is_translator": false, "is_translation_enabled": false, "profile_background_color": "F5F8FA", "profile_background_image_url": null, "profile_background_image_url_https": null, "profile_background_tile": false, "profile_image_url": "http://pbs.twimg.com/profile_images/1293312089214324740/pdqhKSjm_normal.jpg", "profile_image_url_https": "https://pbs.twimg.com/profile_images/1293312089214324740/pdqhKSjm_normal.jpg", "profile_banner_url": "https://pbs.twimg.com/profile_banners/1024819092941955082/1597184480", "profile_link_color": "1DA1F2", "profile_sidebar_border_color": "C0DEED", "profile_sidebar_fill_color": "DDEEF6", "profile_text_color": "333333", "profile_use_background_image": true, "has_extended_profile": false, "default_profile": true, "default_profile_image": false, "following": false, "follow_request_sent": false, "notifications": false, "translator_type": "none"}, "geo": null, "coordinates": null, "place": null, "contributors": null, "is_quote_status": false, "retweet_count": 0, "favorite_count": 1, "favorited": false, "retweeted": false, "lang": "en"}