{"created_at": "Sun Dec 16 07:04:21 +0000 2018", "id": 1074198528845537282, "id_str": "1074198528845537282", "text": "A Researcher Asks: Are Dolphins Self-Aware?\n(Guests: Diana Reiss)\nhttps://t.co/ToJpNDNH0Y\nTranscripts:\nhttps://t.co/rD5VcbTqiI", "truncated": false, "entities": {"hashtags": [], "symbols": [], "user_mentions": [], "urls": [{"url": "https://t.co/ToJpNDNH0Y", "expanded_url": "http://bit.ly/usbK8e", "display_url": "bit.ly/usbK8e", "indices": [66, 89]}, {"url": "https://t.co/rD5VcbTqiI", "expanded_url": "http://n.pr/s3GtET", "display_url": "n.pr/s3GtET", "indices": [103, 126]}]}, "source": "<a href=\"http://twittbot.net/\" rel=\"nofollow\">twittbot.net</a>", "in_reply_to_status_id": null, "in_reply_to_status_id_str": null, "in_reply_to_user_id": null, "in_reply_to_user_id_str": null, "in_reply_to_screen_name": null, "user": {"id": 228325602, "id_str": "228325602", "name": "\u975e\u516c\u5f0fSciFri Bot", "screen_name": "scifri_bot", "location": "", "description": "\u30a2\u30e1\u30ea\u30ab\u306eNational Public Radio\u3068\u3044\u3046\u30e9\u30b8\u30aa\u5c40\u306e\u300cScience Friday\u300d\u3068\u3044\u3046\u756a\u7d44\u306eBot\u3092\u4f5c\u3063\u3066\u307f\u307e\u3057\u305f\u3002\u6bd4\u8f03\u7684\u6700\u8fd1\u653e\u9001\u3055\u308c\u305f\u756a\u7d44\u306e\u30bf\u30a4\u30c8\u30eb\u3092\uff11\u65e5\u6570\u56de\u3064\u3076\u3084\u304d\u307e\u3059\u3002\u4e0d\u5177\u5408\u7b49\u3042\u308a\u307e\u3057\u305f\u3089@jotun82\u307e\u3067\u3054\u9023\u7d61\u3092\u3002", "url": "http://t.co/kVsD3bfC2W", "entities": {"url": {"urls": [{"url": "http://t.co/kVsD3bfC2W", "expanded_url": "http://www.sciencefriday.com/", "display_url": "sciencefriday.com", "indices": [0, 22]}]}, "description": {"urls": []}}, "protected": false, "followers_count": 886, "friends_count": 1382, "listed_count": 33, "created_at": "Sun Dec 19 11:34:36 +0000 2010", "favourites_count": 0, "utc_offset": null, "time_zone": null, "geo_enabled": false, "verified": false, "statuses_count": 20451, "lang": null, "contributors_enabled": false, "is_translator": false, "is_translation_enabled": false, "profile_background_color": "C0DEED", "profile_background_image_url": "http://abs.twimg.com/images/themes/theme1/bg.png", "profile_background_image_url_https": "https://abs.twimg.com/images/themes/theme1/bg.png", "profile_background_tile": false, "profile_image_url": "http://pbs.twimg.com/profile_images/1316790056/logo1_normal.jpg", "profile_image_url_https": "https://pbs.twimg.com/profile_images/1316790056/logo1_normal.jpg", "profile_link_color": "1DA1F2", "profile_sidebar_border_color": "C0DEED", "profile_sidebar_fill_color": "DDEEF6", "profile_text_color": "333333", "profile_use_background_image": true, "has_extended_profile": false, "default_profile": true, "default_profile_image": false, "following": false, "follow_request_sent": false, "notifications": false, "translator_type": "none"}, "geo": null, "coordinates": null, "place": null, "contributors": null, "is_quote_status": false, "retweet_count": 0, "favorite_count": 0, "favorited": false, "retweeted": false, "possibly_sensitive": false, "lang": "en"}