{"created_at": "Sun Dec 16 06:45:51 +0000 2018", "id": 1074193873033981952, "id_str": "1074193873033981952", "text": "Transcript Sports: #OKCThunder bounce back to winning ways with victory over Clippers, from @clayhorning. #Sooners\u2026 https://t.co/XuBQHBB1PU", "truncated": true, "entities": {"hashtags": [{"text": "OKCThunder", "indices": [19, 30]}, {"text": "Sooners", "indices": [106, 114]}], "symbols": [], "user_mentions": [{"screen_name": "clayhorning", "name": "Clay Horning", "id": 46720050, "id_str": "46720050", "indices": [92, 104]}], "urls": [{"url": "https://t.co/XuBQHBB1PU", "expanded_url": "https://twitter.com/i/web/status/1074193873033981952", "display_url": "twitter.com/i/web/status/1\u2026", "indices": [116, 139]}]}, "source": "<a href=\"https://about.twitter.com/products/tweetdeck\" rel=\"nofollow\">TweetDeck</a>", "in_reply_to_status_id": null, "in_reply_to_status_id_str": null, "in_reply_to_user_id": null, "in_reply_to_user_id_str": null, "in_reply_to_screen_name": null, "user": {"id": 823738046709383168, "id_str": "823738046709383168", "name": "J. Dillon Hart", "screen_name": "J_Dillon_Hart", "location": "Norman, OK", "description": "Writer / Copy Editor, The Norman Transcript", "url": "https://t.co/awTGhIYEHI", "entities": {"url": {"urls": [{"url": "https://t.co/awTGhIYEHI", "expanded_url": "https://www.facebook.com/normantranscript/", "display_url": "facebook.com/normantranscri\u2026", "indices": [0, 23]}]}, "description": {"urls": []}}, "protected": false, "followers_count": 63, "friends_count": 139, "listed_count": 0, "created_at": "Tue Jan 24 03:43:49 +0000 2017", "favourites_count": 36, "utc_offset": null, "time_zone": null, "geo_enabled": false, "verified": false, "statuses_count": 496, "lang": null, "contributors_enabled": false, "is_translator": false, "is_translation_enabled": false, "profile_background_color": "000000", "profile_background_image_url": "http://abs.twimg.com/images/themes/theme1/bg.png", "profile_background_image_url_https": "https://abs.twimg.com/images/themes/theme1/bg.png", "profile_background_tile": false, "profile_image_url": "http://pbs.twimg.com/profile_images/824743549346291712/1AieFc2L_normal.jpg", "profile_image_url_https": "https://pbs.twimg.com/profile_images/824743549346291712/1AieFc2L_normal.jpg", "profile_link_color": "19CF86", "profile_sidebar_border_color": "000000", "profile_sidebar_fill_color": "000000", "profile_text_color": "000000", "profile_use_background_image": false, "has_extended_profile": true, "default_profile": false, "default_profile_image": false, "following": false, "follow_request_sent": false, "notifications": false, "translator_type": "none"}, "geo": null, "coordinates": null, "place": null, "contributors": null, "is_quote_status": false, "retweet_count": 0, "favorite_count": 0, "favorited": false, "retweeted": false, "possibly_sensitive": false, "lang": "en"}