{"created_at": "Sun Dec 16 03:40:34 +0000 2018", "id": 1074147244968837120, "id_str": "1074147244968837120", "text": "Tailored Brands, Inc. Q3 2018 Results - Earnings Call Transcript.  $TLRD  https://t.co/wjWEojVduX", "truncated": false, "entities": {"hashtags": [], "symbols": [{"text": "TLRD", "indices": [67, 72]}], "user_mentions": [], "urls": [{"url": "https://t.co/wjWEojVduX", "expanded_url": "https://blueequity.io/r/6099", "display_url": "blueequity.io/r/6099", "indices": [74, 97]}]}, "source": "<a href=\"https://blueequity.io\" rel=\"nofollow\">Blue Equity Now</a>", "in_reply_to_status_id": null, "in_reply_to_status_id_str": null, "in_reply_to_user_id": null, "in_reply_to_user_id_str": null, "in_reply_to_screen_name": null, "user": {"id": 1061441426838347776, "id_str": "1061441426838347776", "name": "Blue Equity", "screen_name": "BlueEquityNow", "location": "", "description": "Learn, Invest and Grow", "url": "https://t.co/EGxa5gykCE", "entities": {"url": {"urls": [{"url": "https://t.co/EGxa5gykCE", "expanded_url": "http://blueequity.io", "display_url": "blueequity.io", "indices": [0, 23]}]}, "description": {"urls": []}}, "protected": false, "followers_count": 59, "friends_count": 1, "listed_count": 0, "created_at": "Sun Nov 11 02:12:11 +0000 2018", "favourites_count": 4, "utc_offset": null, "time_zone": null, "geo_enabled": false, "verified": false, "statuses_count": 8508, "lang": null, "contributors_enabled": false, "is_translator": false, "is_translation_enabled": false, "profile_background_color": "000000", "profile_background_image_url": "http://abs.twimg.com/images/themes/theme1/bg.png", "profile_background_image_url_https": "https://abs.twimg.com/images/themes/theme1/bg.png", "profile_background_tile": false, "profile_image_url": "http://pbs.twimg.com/profile_images/1076156153757745152/NBGNiH79_normal.jpg", "profile_image_url_https": "https://pbs.twimg.com/profile_images/1076156153757745152/NBGNiH79_normal.jpg", "profile_banner_url": "https://pbs.twimg.com/profile_banners/1061441426838347776/1541902648", "profile_link_color": "1B95E0", "profile_sidebar_border_color": "000000", "profile_sidebar_fill_color": "000000", "profile_text_color": "000000", "profile_use_background_image": false, "has_extended_profile": false, "default_profile": false, "default_profile_image": false, "following": false, "follow_request_sent": false, "notifications": false, "translator_type": "none"}, "geo": null, "coordinates": null, "place": null, "contributors": null, "is_quote_status": false, "retweet_count": 0, "favorite_count": 0, "favorited": false, "retweeted": false, "possibly_sensitive": false, "lang": "en"}