{"created_at": "Sun Dec 16 01:45:50 +0000 2018", "id": 1074118373015937025, "id_str": "1074118373015937025", "text": "@EagleEye1906 admissions. transcript processing. easy. but not sure I wanna do it for any more than 3 years.", "truncated": false, "entities": {"hashtags": [], "symbols": [], "user_mentions": [{"screen_name": "EagleEye1906", "name": "Eternegus", "id": 42554709, "id_str": "42554709", "indices": [0, 13]}], "urls": []}, "source": "<a href=\"http://twitter.com\" rel=\"nofollow\">Twitter Web Client</a>", "in_reply_to_status_id": 1074117825063735296, "in_reply_to_status_id_str": "1074117825063735296", "in_reply_to_user_id": 42554709, "in_reply_to_user_id_str": "42554709", "in_reply_to_screen_name": "EagleEye1906", "user": {"id": 2432851274, "id_str": "2432851274", "name": "\ud83c\udf39Cyrus Smith\ud83c\udfc6", "screen_name": "CoolCyWrites", "location": "Denver, CO", "description": "Coolest kid out baby word to Chuck Inglsih. @FloridaAtlantic alum. Screenwriter. Vinyl. #GoDucks #RollOwls", "url": "https://t.co/wlHUcdNbni", "entities": {"url": {"urls": [{"url": "https://t.co/wlHUcdNbni", "expanded_url": "http://www.underdogdynasty.com/authors/cyrus-smith", "display_url": "underdogdynasty.com/authors/cyrus-\u2026", "indices": [0, 23]}]}, "description": {"urls": []}}, "protected": false, "followers_count": 714, "friends_count": 518, "listed_count": 20, "created_at": "Tue Apr 08 01:35:25 +0000 2014", "favourites_count": 15329, "utc_offset": null, "time_zone": null, "geo_enabled": true, "verified": false, "statuses_count": 22482, "lang": null, "contributors_enabled": false, "is_translator": false, "is_translation_enabled": true, "profile_background_color": "000000", "profile_background_image_url": "http://abs.twimg.com/images/themes/theme1/bg.png", "profile_background_image_url_https": "https://abs.twimg.com/images/themes/theme1/bg.png", "profile_background_tile": true, "profile_image_url": "http://pbs.twimg.com/profile_images/1282121277914755072/Gx99FJe2_normal.jpg", "profile_image_url_https": "https://pbs.twimg.com/profile_images/1282121277914755072/Gx99FJe2_normal.jpg", "profile_banner_url": "https://pbs.twimg.com/profile_banners/2432851274/1513286948", "profile_link_color": "19CF86", "profile_sidebar_border_color": "000000", "profile_sidebar_fill_color": "DDEEF6", "profile_text_color": "333333", "profile_use_background_image": true, "has_extended_profile": false, "default_profile": false, "default_profile_image": false, "following": false, "follow_request_sent": false, "notifications": false, "translator_type": "none"}, "geo": null, "coordinates": null, "place": null, "contributors": null, "is_quote_status": false, "retweet_count": 0, "favorite_count": 0, "favorited": false, "retweeted": false, "lang": "en"}