{"created_at": "Sat Dec 15 23:54:59 +0000 2018", "id": 1074090475949219842, "id_str": "1074090475949219842", "text": "@djkocisi2 @AndrewCMcCarthy @NRO 1.  1001 exists to protect integrity of federal criminal process.  \n\n2.  302s are\u2026 https://t.co/Y9OMFifMte", "truncated": true, "entities": {"hashtags": [], "symbols": [], "user_mentions": [{"screen_name": "djkocisi2", "name": "djkocisi politics", "id": 846904458470600707, "id_str": "846904458470600707", "indices": [0, 10]}, {"screen_name": "AndrewCMcCarthy", "name": "Andy McCarthy", "id": 130684893, "id_str": "130684893", "indices": [11, 27]}, {"screen_name": "NRO", "name": "National Review", "id": 19417492, "id_str": "19417492", "indices": [28, 32]}], "urls": [{"url": "https://t.co/Y9OMFifMte", "expanded_url": "https://twitter.com/i/web/status/1074090475949219842", "display_url": "twitter.com/i/web/status/1\u2026", "indices": [116, 139]}]}, "source": "<a href=\"http://twitter.com/download/iphone\" rel=\"nofollow\">Twitter for iPhone</a>", "in_reply_to_status_id": 1074087603622866946, "in_reply_to_status_id_str": "1074087603622866946", "in_reply_to_user_id": 846904458470600707, "in_reply_to_user_id_str": "846904458470600707", "in_reply_to_screen_name": "djkocisi2", "user": {"id": 134438261, "id_str": "134438261", "name": "Bigdan", "screen_name": "bdcowboyup", "location": "", "description": "Attorney. Member of A Few Good Bars. Believes the Earth was without Form and Void until God created baseball.", "url": null, "entities": {"description": {"urls": []}}, "protected": false, "followers_count": 238, "friends_count": 232, "listed_count": 6, "created_at": "Sun Apr 18 12:15:54 +0000 2010", "favourites_count": 2881, "utc_offset": null, "time_zone": null, "geo_enabled": true, "verified": false, "statuses_count": 20085, "lang": null, "contributors_enabled": false, "is_translator": false, "is_translation_enabled": false, "profile_background_color": "C0DEED", "profile_background_image_url": "http://abs.twimg.com/images/themes/theme1/bg.png", "profile_background_image_url_https": "https://abs.twimg.com/images/themes/theme1/bg.png", "profile_background_tile": false, "profile_image_url": "http://pbs.twimg.com/profile_images/1000894748893241344/FsEQqL5q_normal.jpg", "profile_image_url_https": "https://pbs.twimg.com/profile_images/1000894748893241344/FsEQqL5q_normal.jpg", "profile_link_color": "1DA1F2", "profile_sidebar_border_color": "C0DEED", "profile_sidebar_fill_color": "DDEEF6", "profile_text_color": "333333", "profile_use_background_image": true, "has_extended_profile": false, "default_profile": true, "default_profile_image": false, "following": false, "follow_request_sent": false, "notifications": false, "translator_type": "none"}, "geo": null, "coordinates": null, "place": null, "contributors": null, "is_quote_status": false, "retweet_count": 0, "favorite_count": 6, "favorited": false, "retweeted": false, "lang": "en"}