{"created_at": "Mon Sep 19 16:09:16 +0000 2011", "id": 115819756698873856, "id_str": "115819756698873856", "text": "Happy Birthday to our founder and Chairman of the Board, Samuel B. Segar, Jr.!", "truncated": false, "entities": {"hashtags": [], "symbols": [], "user_mentions": [], "urls": []}, "source": "<a href=\"http://www.facebook.com/twitter\" rel=\"nofollow\">Facebook</a>", "in_reply_to_status_id": null, "in_reply_to_status_id_str": null, "in_reply_to_user_id": null, "in_reply_to_user_id_str": null, "in_reply_to_screen_name": null, "user": {"id": 313533002, "id_str": "313533002", "name": "Sam Segar & Assocs.", "screen_name": "samsegar315", "location": "Virginia Beach, Virginia", "description": "Sam Segar & Associates, Inc. was formed 31 years ago, in May 1983, and is extremely active in the Tidewater area commercial/industrial real estate market.", "url": null, "entities": {"description": {"urls": []}}, "protected": false, "followers_count": 10, "friends_count": 6, "listed_count": 0, "created_at": "Wed Jun 08 20:10:56 +0000 2011", "favourites_count": 0, "utc_offset": null, "time_zone": null, "geo_enabled": false, "verified": false, "statuses_count": 30, "lang": null, "contributors_enabled": false, "is_translator": false, "is_translation_enabled": false, "profile_background_color": "C0DEED", "profile_background_image_url": "http://abs.twimg.com/images/themes/theme1/bg.png", "profile_background_image_url_https": "https://abs.twimg.com/images/themes/theme1/bg.png", "profile_background_tile": false, "profile_image_url": "http://pbs.twimg.com/profile_images/1387620287/attachment__1__normal.jpg", "profile_image_url_https": "https://pbs.twimg.com/profile_images/1387620287/attachment__1__normal.jpg", "profile_link_color": "0084B4", "profile_sidebar_border_color": "FFFFFF", "profile_sidebar_fill_color": "DDEEF6", "profile_text_color": "333333", "profile_use_background_image": true, "has_extended_profile": false, "default_profile": false, "default_profile_image": false, "following": false, "follow_request_sent": false, "notifications": false, "translator_type": "none"}, "geo": null, "coordinates": null, "place": null, "contributors": null, "is_quote_status": false, "retweet_count": 1, "favorite_count": 0, "favorited": false, "retweeted": false, "lang": "en"}