{"created_at": "Sat Apr 10 00:21:03 +0000 2010", "id": 11909504242, "id_str": "11909504242", "text": "twaboutMCCAIN&gt; Sen. John McCain Interview: Immigration|The Star editorial board met with Arizona Republican Sen. J... http://bit.ly/aLpFN4", "truncated": false, "entities": {"hashtags": [], "symbols": [], "user_mentions": [], "urls": []}, "source": "<a href=\"http://twitter.com\" rel=\"nofollow\">Twitter Web Client</a>", "in_reply_to_status_id": null, "in_reply_to_status_id_str": null, "in_reply_to_user_id": null, "in_reply_to_user_id_str": null, "in_reply_to_screen_name": null, "user": {"id": 14646765, "id_str": "14646765", "name": "twaboutMCCAIN", "screen_name": "twaboutMCCAIN", "location": "twitter", "description": "Twitter users about John McCain", "url": "http://t.co/7Ugv8pkcEw", "entities": {"url": {"urls": [{"url": "http://t.co/7Ugv8pkcEw", "expanded_url": "http://www.franktentler.com/", "display_url": "franktentler.com", "indices": [0, 22]}]}, "description": {"urls": []}}, "protected": false, "followers_count": 293, "friends_count": 201, "listed_count": 20, "created_at": "Sun May 04 10:32:04 +0000 2008", "favourites_count": 0, "utc_offset": null, "time_zone": null, "geo_enabled": false, "verified": false, "statuses_count": 167430, "lang": null, "contributors_enabled": false, "is_translator": false, "is_translation_enabled": false, "profile_background_color": "FFFFFF", "profile_background_image_url": "http://abs.twimg.com/images/themes/theme1/bg.png", "profile_background_image_url_https": "https://abs.twimg.com/images/themes/theme1/bg.png", "profile_background_tile": false, "profile_image_url": "http://pbs.twimg.com/profile_images/53727101/USA_normal.gif", "profile_image_url_https": "https://pbs.twimg.com/profile_images/53727101/USA_normal.gif", "profile_link_color": "0000FF", "profile_sidebar_border_color": "FFFFFF", "profile_sidebar_fill_color": "FFFFFF", "profile_text_color": "000000", "profile_use_background_image": false, "has_extended_profile": false, "default_profile": false, "default_profile_image": false, "following": false, "follow_request_sent": false, "notifications": false, "translator_type": "none"}, "geo": null, "coordinates": null, "place": null, "contributors": null, "is_quote_status": false, "retweet_count": 0, "favorite_count": 0, "favorited": false, "retweeted": false, "lang": "en"}