{"created_at": "Thu Sep 29 17:52:59 +0000 2011", "id": 119469736949071874, "id_str": "119469736949071874", "text": "Hey all! I will be in Chicago tomorrow night at the Apostolic Church of God with VaShawn Mitchell! If you are in... http://t.co/icbR35rJ", "truncated": false, "entities": {"hashtags": [], "symbols": [], "user_mentions": [], "urls": [{"url": "http://t.co/icbR35rJ", "expanded_url": "http://fb.me/VCdkqECW", "display_url": "fb.me/VCdkqECW", "indices": [116, 136]}]}, "source": "<a href=\"http://www.facebook.com/twitter\" rel=\"nofollow\">Facebook</a>", "in_reply_to_status_id": null, "in_reply_to_status_id_str": null, "in_reply_to_user_id": null, "in_reply_to_user_id_str": null, "in_reply_to_screen_name": null, "user": {"id": 130936217, "id_str": "130936217", "name": "Stevia Hunes", "screen_name": "SteviaMusic", "location": "Orlando and beyone!", "description": "I love God. I love people.", "url": "http://t.co/1rvxpkkqUo", "entities": {"url": {"urls": [{"url": "http://t.co/1rvxpkkqUo", "expanded_url": "http://www.facebook.com/steviamusic", "display_url": "facebook.com/steviamusic", "indices": [0, 22]}]}, "description": {"urls": []}}, "protected": false, "followers_count": 731, "friends_count": 505, "listed_count": 1, "created_at": "Thu Apr 08 19:51:18 +0000 2010", "favourites_count": 89, "utc_offset": null, "time_zone": null, "geo_enabled": false, "verified": false, "statuses_count": 5072, "lang": null, "contributors_enabled": false, "is_translator": false, "is_translation_enabled": false, "profile_background_color": "8B542B", "profile_background_image_url": "http://abs.twimg.com/images/themes/theme8/bg.gif", "profile_background_image_url_https": "https://abs.twimg.com/images/themes/theme8/bg.gif", "profile_background_tile": false, "profile_image_url": "http://pbs.twimg.com/profile_images/378800000212875787/88fccb9d97e5c7f992590fa383583881_normal.jpeg", "profile_image_url_https": "https://pbs.twimg.com/profile_images/378800000212875787/88fccb9d97e5c7f992590fa383583881_normal.jpeg", "profile_link_color": "9D582E", "profile_sidebar_border_color": "D9B17E", "profile_sidebar_fill_color": "EADEAA", "profile_text_color": "333333", "profile_use_background_image": true, "has_extended_profile": false, "default_profile": false, "default_profile_image": false, "following": false, "follow_request_sent": false, "notifications": false, "translator_type": "none"}, "geo": null, "coordinates": null, "place": null, "contributors": null, "is_quote_status": false, "retweet_count": 0, "favorite_count": 0, "favorited": false, "retweeted": false, "possibly_sensitive": false, "lang": "en"}