{"created_at": "Sat Oct 01 00:22:54 +0000 2011", "id": 119930248224710658, "id_str": "119930248224710658", "text": "My serious face!!! #letsgo! Apostolic Church of God (6320 Dorchester Ave, Chicago, I'll 60637). http://t.co/eqJOLaMI", "truncated": false, "entities": {"hashtags": [{"text": "letsgo", "indices": [19, 26]}], "symbols": [], "user_mentions": [], "urls": [{"url": "http://t.co/eqJOLaMI", "expanded_url": "http://lockerz.com/s/143275526", "display_url": "lockerz.com/s/143275526", "indices": [96, 116]}]}, "source": "<a href=\"http://ubersocial.com\" rel=\"nofollow\">UberSocial for BlackBerry</a>", "in_reply_to_status_id": null, "in_reply_to_status_id_str": null, "in_reply_to_user_id": null, "in_reply_to_user_id_str": null, "in_reply_to_screen_name": null, "user": {"id": 40774939, "id_str": "40774939", "name": "Clifton Ross III", "screen_name": "CliftonRossIII", "location": "In Your Heart", "description": "Detroit. \u2708\ufe0f DC. Howard University. BET Sunday Best. Debut #IBELIEVEGODEP available NOW! [iTunes] https://t.co/DzsSq55IG6 cliftonrossbooking@gmail.com", "url": "https://t.co/ew0GRMdDp9", "entities": {"url": {"urls": [{"url": "https://t.co/ew0GRMdDp9", "expanded_url": "http://cliftonrossiii.com", "display_url": "cliftonrossiii.com", "indices": [0, 23]}]}, "description": {"urls": [{"url": "https://t.co/DzsSq55IG6", "expanded_url": "http://hyperurl.co/IBelieveGodEP", "display_url": "hyperurl.co/IBelieveGodEP", "indices": [97, 120]}]}}, "protected": false, "followers_count": 4608, "friends_count": 986, "listed_count": 36, "created_at": "Mon May 18 00:50:37 +0000 2009", "favourites_count": 1126, "utc_offset": null, "time_zone": null, "geo_enabled": false, "verified": false, "statuses_count": 29331, "lang": null, "contributors_enabled": false, "is_translator": false, "is_translation_enabled": false, "profile_background_color": "9AE4E8", "profile_background_image_url": "http://abs.twimg.com/images/themes/theme1/bg.png", "profile_background_image_url_https": "https://abs.twimg.com/images/themes/theme1/bg.png", "profile_background_tile": true, "profile_image_url": "http://pbs.twimg.com/profile_images/641274222057246720/m1R6QE6W_normal.jpg", "profile_image_url_https": "https://pbs.twimg.com/profile_images/641274222057246720/m1R6QE6W_normal.jpg", "profile_banner_url": "https://pbs.twimg.com/profile_banners/40774939/1479259508", "profile_link_color": "0084B4", "profile_sidebar_border_color": "BDDCAD", "profile_sidebar_fill_color": "DDFFCC", "profile_text_color": "333333", "profile_use_background_image": true, "has_extended_profile": false, "default_profile": false, "default_profile_image": false, "following": false, "follow_request_sent": false, "notifications": false, "translator_type": "none"}, "geo": null, "coordinates": null, "place": null, "contributors": null, "is_quote_status": false, "retweet_count": 0, "favorite_count": 0, "favorited": false, "retweeted": false, "possibly_sensitive": false, "lang": "en"}