{"created_at": "Thu Oct 06 18:20:31 +0000 2011", "id": 122013380163805185, "id_str": "122013380163805185", "text": "LM Blog: An icon passes: Burton Sperber, FASLA, founder and chairman of the board of directors of The ValleyCres... http://t.co/LQe43YXc #fb", "truncated": false, "entities": {"hashtags": [{"text": "fb", "indices": [137, 140]}], "symbols": [], "user_mentions": [], "urls": [{"url": "http://t.co/LQe43YXc", "expanded_url": "http://bit.ly/oEXpWG", "display_url": "bit.ly/oEXpWG", "indices": [116, 136]}]}, "source": "<a href=\"http://twitterfeed.com\" rel=\"nofollow\">twitterfeed</a>", "in_reply_to_status_id": null, "in_reply_to_status_id_str": null, "in_reply_to_user_id": null, "in_reply_to_user_id_str": null, "in_reply_to_screen_name": null, "user": {"id": 68418304, "id_str": "68418304", "name": "LM", "screen_name": "LMmag", "location": "", "description": "", "url": null, "entities": {"description": {"urls": []}}, "protected": false, "followers_count": 19, "friends_count": 0, "listed_count": 3, "created_at": "Mon Aug 24 14:20:46 +0000 2009", "favourites_count": 0, "utc_offset": null, "time_zone": null, "geo_enabled": false, "verified": false, "statuses_count": 778, "lang": null, "contributors_enabled": false, "is_translator": false, "is_translation_enabled": false, "profile_background_color": "C0DEED", "profile_background_image_url": "http://abs.twimg.com/images/themes/theme1/bg.png", "profile_background_image_url_https": "https://abs.twimg.com/images/themes/theme1/bg.png", "profile_background_tile": false, "profile_image_url": "http://abs.twimg.com/sticky/default_profile_images/default_profile_normal.png", "profile_image_url_https": "https://abs.twimg.com/sticky/default_profile_images/default_profile_normal.png", "profile_link_color": "1DA1F2", "profile_sidebar_border_color": "C0DEED", "profile_sidebar_fill_color": "DDEEF6", "profile_text_color": "333333", "profile_use_background_image": true, "has_extended_profile": false, "default_profile": true, "default_profile_image": true, "following": false, "follow_request_sent": false, "notifications": false, "translator_type": "none"}, "geo": null, "coordinates": null, "place": null, "contributors": null, "is_quote_status": false, "retweet_count": 0, "favorite_count": 0, "favorited": false, "retweeted": false, "possibly_sensitive": false, "lang": "en"}