{"created_at": "Sun Oct 09 03:45:46 +0000 2011", "id": 122880404872114177, "id_str": "122880404872114177", "text": "If you're in the Chicago area, meet @Mmoorejr at Apostolic Church of God at 4pm tomorrow! You'll be blessed!", "truncated": false, "entities": {"hashtags": [], "symbols": [], "user_mentions": [{"screen_name": "Mmoorejr", "name": "Mark Moore", "id": 35833776, "id_str": "35833776", "indices": [36, 45]}], "urls": []}, "source": "<a href=\"http://twitter.com/download/android\" rel=\"nofollow\">Twitter for Android</a>", "in_reply_to_status_id": null, "in_reply_to_status_id_str": null, "in_reply_to_user_id": null, "in_reply_to_user_id_str": null, "in_reply_to_screen_name": null, "user": {"id": 37242775, "id_str": "37242775", "name": "Ap. Joshua P. Smith", "screen_name": "ProphetJSmith", "location": "Biloxi, Mississippi", "description": "Author \ud83d\udcdaTherapist\ud83d\udc68\ud83c\udffd\u200d\u2695\ufe0fEmotional Health Expert \ud83d\udc68\ud83c\udffd\u200d\ud83c\udfeb Speaker \ud83c\udfa4Coach \ud83d\uddddConsultant \ud83d\udc68\ud83c\udffd\u200d\ud83d\udcbbDoctoral Student \ud83d\udc68\ud83c\udffd\u200d\ud83c\udf93Founder/Lead Pastor: @hohcaonline \u26ea\ufe0f #Jesus", "url": "https://t.co/7KMUsIP06J", "entities": {"url": {"urls": [{"url": "https://t.co/7KMUsIP06J", "expanded_url": "http://www.thejoshuasmith.com", "display_url": "thejoshuasmith.com", "indices": [0, 23]}]}, "description": {"urls": []}}, "protected": false, "followers_count": 11200, "friends_count": 1265, "listed_count": 114, "created_at": "Sat May 02 17:40:10 +0000 2009", "favourites_count": 4718, "utc_offset": null, "time_zone": null, "geo_enabled": false, "verified": false, "statuses_count": 79184, "lang": null, "contributors_enabled": false, "is_translator": false, "is_translation_enabled": false, "profile_background_color": "022330", "profile_background_image_url": "http://abs.twimg.com/images/themes/theme15/bg.png", "profile_background_image_url_https": "https://abs.twimg.com/images/themes/theme15/bg.png", "profile_background_tile": true, "profile_image_url": "http://pbs.twimg.com/profile_images/1077284607102459907/8-NcimB__normal.jpg", "profile_image_url_https": "https://pbs.twimg.com/profile_images/1077284607102459907/8-NcimB__normal.jpg", "profile_banner_url": "https://pbs.twimg.com/profile_banners/37242775/1545679641", "profile_link_color": "0084B4", "profile_sidebar_border_color": "A8C7F7", "profile_sidebar_fill_color": "C0DFEC", "profile_text_color": "333333", "profile_use_background_image": true, "has_extended_profile": true, "default_profile": false, "default_profile_image": false, "following": false, "follow_request_sent": false, "notifications": false, "translator_type": "none"}, "geo": null, "coordinates": null, "place": null, "contributors": null, "is_quote_status": false, "retweet_count": 2, "favorite_count": 0, "favorited": false, "retweeted": false, "lang": "en"}