{"created_at": "Tue May 04 17:38:15 +0000 2010", "id": 13375478473, "id_str": "13375478473", "text": "The JAKKS Pacific family is mourning the loss of the Company's founder and Chairman of the Board, Jack Friedman,... http://bit.ly/bxz5IC", "truncated": false, "entities": {"hashtags": [], "symbols": [], "user_mentions": [], "urls": []}, "source": "<a href=\"http://www.facebook.com/twitter\" rel=\"nofollow\">Facebook</a>", "in_reply_to_status_id": null, "in_reply_to_status_id_str": null, "in_reply_to_user_id": null, "in_reply_to_user_id_str": null, "in_reply_to_screen_name": null, "user": {"id": 81750005, "id_str": "81750005", "name": "JAKKS Pacific", "screen_name": "UFCActionFigs", "location": "Malibu, CA", "description": "", "url": "http://t.co/WfgCza4Ggl", "entities": {"url": {"urls": [{"url": "http://t.co/WfgCza4Ggl", "expanded_url": "http://www.facebook.com/UFCtoys", "display_url": "facebook.com/UFCtoys", "indices": [0, 22]}]}, "description": {"urls": []}}, "protected": false, "followers_count": 50, "friends_count": 5, "listed_count": 22, "created_at": "Mon Oct 12 03:14:37 +0000 2009", "favourites_count": 0, "utc_offset": null, "time_zone": null, "geo_enabled": false, "verified": false, "statuses_count": 163, "lang": null, "contributors_enabled": false, "is_translator": false, "is_translation_enabled": false, "profile_background_color": "C0DEED", "profile_background_image_url": "http://abs.twimg.com/images/themes/theme1/bg.png", "profile_background_image_url_https": "https://abs.twimg.com/images/themes/theme1/bg.png", "profile_background_tile": false, "profile_image_url": "http://pbs.twimg.com/profile_images/993966363/UFC_Action_Figures-_JAKKS_Pacific_normal.jpg", "profile_image_url_https": "https://pbs.twimg.com/profile_images/993966363/UFC_Action_Figures-_JAKKS_Pacific_normal.jpg", "profile_link_color": "1DA1F2", "profile_sidebar_border_color": "C0DEED", "profile_sidebar_fill_color": "DDEEF6", "profile_text_color": "333333", "profile_use_background_image": true, "has_extended_profile": false, "default_profile": true, "default_profile_image": false, "following": false, "follow_request_sent": false, "notifications": false, "translator_type": "none"}, "geo": null, "coordinates": null, "place": null, "contributors": null, "is_quote_status": false, "retweet_count": 0, "favorite_count": 0, "favorited": false, "retweeted": false, "lang": "en"}