{"created_at": "Fri Dec 23 12:49:03 +0000 2011", "id": 150196218578993153, "id_str": "150196218578993153", "text": "GRAPHISOFT Founder and Chairman of the Board, Gabor Bojar, details: \u201cApple's support included cash and computers... http://t.co/OHkuGR81", "truncated": false, "entities": {"hashtags": [], "symbols": [], "user_mentions": [], "urls": [{"url": "http://t.co/OHkuGR81", "expanded_url": "http://bit.ly/rZCQqC", "display_url": "bit.ly/rZCQqC", "indices": [116, 136]}]}, "source": "<a href=\"http://twitterfeed.com\" rel=\"nofollow\">twitterfeed</a>", "in_reply_to_status_id": null, "in_reply_to_status_id_str": null, "in_reply_to_user_id": null, "in_reply_to_user_id_str": null, "in_reply_to_screen_name": null, "user": {"id": 162166668, "id_str": "162166668", "name": "Arianna Giovanni", "screen_name": "ariannagiovanni", "location": "United States", "description": "I enjoy entertaining, reading, hiking, cooking, shopping, and learning new things.", "url": null, "entities": {"description": {"urls": []}}, "protected": false, "followers_count": 335, "friends_count": 1338, "listed_count": 5, "created_at": "Fri Jul 02 22:18:15 +0000 2010", "favourites_count": 0, "utc_offset": null, "time_zone": null, "geo_enabled": false, "verified": false, "statuses_count": 44165, "lang": null, "contributors_enabled": false, "is_translator": false, "is_translation_enabled": false, "profile_background_color": "EDECE9", "profile_background_image_url": "http://abs.twimg.com/images/themes/theme3/bg.gif", "profile_background_image_url_https": "https://abs.twimg.com/images/themes/theme3/bg.gif", "profile_background_tile": false, "profile_image_url": "http://pbs.twimg.com/profile_images/1046028012/iStock_000012012780XSmall.jpg_normal.jpg", "profile_image_url_https": "https://pbs.twimg.com/profile_images/1046028012/iStock_000012012780XSmall.jpg_normal.jpg", "profile_link_color": "088253", "profile_sidebar_border_color": "D3D2CF", "profile_sidebar_fill_color": "E3E2DE", "profile_text_color": "634047", "profile_use_background_image": true, "has_extended_profile": false, "default_profile": false, "default_profile_image": false, "following": false, "follow_request_sent": false, "notifications": false, "translator_type": "none"}, "geo": null, "coordinates": null, "place": null, "contributors": null, "is_quote_status": false, "retweet_count": 0, "favorite_count": 0, "favorited": false, "retweeted": false, "possibly_sensitive": false, "lang": "en"}