{"created_at": "Sun Jan 01 03:14:41 +0000 2012", "id": 153313164371570688, "id_str": "153313164371570688", "text": "Part 10 of 10 \u2013 Third and Final Presidential Debate \u2013 John McCain and Barack Obama, October 15, 2008 http://t.co/qauLVBz9", "truncated": false, "entities": {"hashtags": [], "symbols": [], "user_mentions": [], "urls": [{"url": "http://t.co/qauLVBz9", "expanded_url": "http://p.ost.im/p/ePsgtY", "display_url": "p.ost.im/p/ePsgtY", "indices": [101, 121]}]}, "source": "<a href=\"http://www.linksalpha.com/\" rel=\"nofollow\">LinksAlpha</a>", "in_reply_to_status_id": null, "in_reply_to_status_id_str": null, "in_reply_to_user_id": null, "in_reply_to_user_id_str": null, "in_reply_to_screen_name": null, "user": {"id": 121664677, "id_str": "121664677", "name": "Gokil Abiz", "screen_name": "krisnhap", "location": "indonesia", "description": "", "url": null, "entities": {"description": {"urls": []}}, "protected": false, "followers_count": 330, "friends_count": 0, "listed_count": 1, "created_at": "Wed Mar 10 05:59:40 +0000 2010", "favourites_count": 7, "utc_offset": null, "time_zone": null, "geo_enabled": true, "verified": false, "statuses_count": 47066, "lang": null, "contributors_enabled": false, "is_translator": false, "is_translation_enabled": false, "profile_background_color": "0099B9", "profile_background_image_url": "http://abs.twimg.com/images/themes/theme4/bg.gif", "profile_background_image_url_https": "https://abs.twimg.com/images/themes/theme4/bg.gif", "profile_background_tile": false, "profile_image_url": "http://pbs.twimg.com/profile_images/845987392871804928/mFZTu1vX_normal.jpg", "profile_image_url_https": "https://pbs.twimg.com/profile_images/845987392871804928/mFZTu1vX_normal.jpg", "profile_banner_url": "https://pbs.twimg.com/profile_banners/121664677/1418869792", "profile_link_color": "0099B9", "profile_sidebar_border_color": "5ED4DC", "profile_sidebar_fill_color": "95E8EC", "profile_text_color": "3C3940", "profile_use_background_image": true, "has_extended_profile": false, "default_profile": false, "default_profile_image": false, "following": false, "follow_request_sent": false, "notifications": false, "translator_type": "none"}, "geo": null, "coordinates": null, "place": null, "contributors": null, "is_quote_status": false, "retweet_count": 0, "favorite_count": 0, "favorited": false, "retweeted": false, "possibly_sensitive": false, "lang": "en"}