{"created_at": "Thu Jan 26 22:48:07 +0000 2012", "id": 162668166537940992, "id_str": "162668166537940992", "text": "Pocono track founder Mattioli dies: Dr #teamfollowback Joseph Mattioli, the founder and chairman of the board of Pocono Raceway, passed...", "truncated": false, "entities": {"hashtags": [{"text": "teamfollowback", "indices": [39, 54]}], "symbols": [], "user_mentions": [], "urls": []}, "source": "<a href=\"https://dlvrit.com/\" rel=\"nofollow\">dlvr.it</a>", "in_reply_to_status_id": null, "in_reply_to_status_id_str": null, "in_reply_to_user_id": null, "in_reply_to_user_id_str": null, "in_reply_to_screen_name": null, "user": {"id": 438494130, "id_str": "438494130", "name": "WA", "screen_name": "ChasingIndia", "location": " India", "description": ".", "url": null, "entities": {"description": {"urls": []}}, "protected": false, "followers_count": 151, "friends_count": 210, "listed_count": 1, "created_at": "Fri Dec 16 17:12:00 +0000 2011", "favourites_count": 3, "utc_offset": null, "time_zone": null, "geo_enabled": false, "verified": false, "statuses_count": 82326, "lang": null, "contributors_enabled": false, "is_translator": false, "is_translation_enabled": false, "profile_background_color": "C0DEED", "profile_background_image_url": "http://abs.twimg.com/images/themes/theme1/bg.png", "profile_background_image_url_https": "https://abs.twimg.com/images/themes/theme1/bg.png", "profile_background_tile": false, "profile_image_url": "http://pbs.twimg.com/profile_images/1728865916/5804311-men-with-flag-india-3d_normal.jpg", "profile_image_url_https": "https://pbs.twimg.com/profile_images/1728865916/5804311-men-with-flag-india-3d_normal.jpg", "profile_link_color": "1DA1F2", "profile_sidebar_border_color": "C0DEED", "profile_sidebar_fill_color": "DDEEF6", "profile_text_color": "333333", "profile_use_background_image": true, "has_extended_profile": false, "default_profile": true, "default_profile_image": false, "following": false, "follow_request_sent": false, "notifications": false, "translator_type": "none"}, "geo": null, "coordinates": null, "place": null, "contributors": null, "is_quote_status": false, "retweet_count": 0, "favorite_count": 0, "favorited": false, "retweeted": false, "lang": "en"}