{"created_at": "Thu Jun 24 23:13:36 +0000 2010", "id": 16968682130, "id_str": "16968682130", "text": "SYNNEX Corporation Announces the Retirement of Founder and Chairman of the Board ... - Forbes http://tinyurl.com/23xax6n", "truncated": false, "entities": {"hashtags": [], "symbols": [], "user_mentions": [], "urls": []}, "source": "<a href=\"http://twitter.com\" rel=\"nofollow\">Twitter Web Client</a>", "in_reply_to_status_id": null, "in_reply_to_status_id_str": null, "in_reply_to_user_id": null, "in_reply_to_user_id_str": null, "in_reply_to_screen_name": null, "user": {"id": 138148126, "id_str": "138148126", "name": "Safe Step Tub Co", "screen_name": "Safesteptubmn", "location": "MN,W,IA,IL,MIUP,IN,KS,MO", "description": "We are the exclusive franchise in MN,WI,IA,IL,ND,SD,NE,KS,MO,MIUP for Safe Step Walk In Tubs For Seniors. Are you affraid to take a regular shower or bath?", "url": "http://t.co/hNxYLxT6Ay", "entities": {"url": {"urls": [{"url": "http://t.co/hNxYLxT6Ay", "expanded_url": "http://thesafesteptub.com", "display_url": "thesafesteptub.com", "indices": [0, 22]}]}, "description": {"urls": []}}, "protected": false, "followers_count": 317, "friends_count": 379, "listed_count": 3, "created_at": "Wed Apr 28 19:15:48 +0000 2010", "favourites_count": 0, "utc_offset": null, "time_zone": null, "geo_enabled": true, "verified": false, "statuses_count": 16368, "lang": null, "contributors_enabled": false, "is_translator": false, "is_translation_enabled": false, "profile_background_color": "C0DEED", "profile_background_image_url": "http://abs.twimg.com/images/themes/theme1/bg.png", "profile_background_image_url_https": "https://abs.twimg.com/images/themes/theme1/bg.png", "profile_background_tile": true, "profile_image_url": "http://pbs.twimg.com/profile_images/860418108/SST_Pic_normal.jpg", "profile_image_url_https": "https://pbs.twimg.com/profile_images/860418108/SST_Pic_normal.jpg", "profile_link_color": "0084B4", "profile_sidebar_border_color": "C0DEED", "profile_sidebar_fill_color": "DDEEF6", "profile_text_color": "333333", "profile_use_background_image": true, "has_extended_profile": false, "default_profile": false, "default_profile_image": false, "following": false, "follow_request_sent": false, "notifications": false, "translator_type": "none"}, "geo": null, "coordinates": null, "place": null, "contributors": null, "is_quote_status": false, "retweet_count": 0, "favorite_count": 0, "favorited": false, "retweeted": false, "lang": "en"}