{"created_at": "Thu Mar 15 17:44:30 +0000 2012", "id": 180348762105987072, "id_str": "180348762105987072", "text": "Second Amendment http://t.co/whqWAdKh DrPaul wants to repeal the \u201cBrady Bill\u201d and the so-called \u201cAssault Weapons Ban.\u201dhttp://t.co/L5Difehx", "truncated": false, "entities": {"hashtags": [], "symbols": [], "user_mentions": [], "urls": [{"url": "http://t.co/whqWAdKh", "expanded_url": "http://shar.es/bkuR2", "display_url": "shar.es/bkuR2", "indices": [17, 37]}, {"url": "http://t.co/L5Difehx", "expanded_url": "http://ronpaul2012.com", "display_url": "ronpaul2012.com", "indices": [118, 138]}]}, "source": "<a href=\"http://twitter.com\" rel=\"nofollow\">Twitter Web Client</a>", "in_reply_to_status_id": null, "in_reply_to_status_id_str": null, "in_reply_to_user_id": null, "in_reply_to_user_id_str": null, "in_reply_to_screen_name": null, "user": {"id": 182301577, "id_str": "182301577", "name": "IWantFacts", "screen_name": "sjh2222", "location": "", "description": "100% Trump #NoDACA #NoAmnesty #BuidlTheWall #AmericaFirst #MAGA #WWG1WGA", "url": null, "entities": {"description": {"urls": []}}, "protected": false, "followers_count": 11583, "friends_count": 12427, "listed_count": 150, "created_at": "Tue Aug 24 08:44:10 +0000 2010", "favourites_count": 28595, "utc_offset": null, "time_zone": null, "geo_enabled": false, "verified": false, "statuses_count": 273088, "lang": null, "contributors_enabled": false, "is_translator": false, "is_translation_enabled": false, "profile_background_color": "89C9FA", "profile_background_image_url": "http://abs.twimg.com/images/themes/theme10/bg.gif", "profile_background_image_url_https": "https://abs.twimg.com/images/themes/theme10/bg.gif", "profile_background_tile": true, "profile_image_url": "http://pbs.twimg.com/profile_images/1563144919/Hawk_-_01_normal.jpg", "profile_image_url_https": "https://pbs.twimg.com/profile_images/1563144919/Hawk_-_01_normal.jpg", "profile_link_color": "981CEB", "profile_sidebar_border_color": "FFFFFF", "profile_sidebar_fill_color": "7AC3EE", "profile_text_color": "3D1957", "profile_use_background_image": true, "has_extended_profile": false, "default_profile": false, "default_profile_image": false, "following": false, "follow_request_sent": false, "notifications": false, "translator_type": "none"}, "geo": null, "coordinates": null, "place": null, "contributors": null, "is_quote_status": false, "retweet_count": 0, "favorite_count": 0, "favorited": false, "retweeted": false, "possibly_sensitive": false, "lang": "en"}