{"created_at": "Thu Mar 29 16:36:03 +0000 2012", "id": 185404967971069952, "id_str": "185404967971069952", "text": "Alejandro Alves: Which America Are the Troops Fighting to Defend? No Campaign Slogan Can Answer That: Candidates... http://t.co/zIpgWAhy", "truncated": false, "entities": {"hashtags": [], "symbols": [], "user_mentions": [], "urls": [{"url": "http://t.co/zIpgWAhy", "expanded_url": "http://huff.to/Ho7pPO", "display_url": "huff.to/Ho7pPO", "indices": [116, 136]}]}, "source": "<a href=\"http://twitterfeed.com\" rel=\"nofollow\">twitterfeed</a>", "in_reply_to_status_id": null, "in_reply_to_status_id_str": null, "in_reply_to_user_id": null, "in_reply_to_user_id_str": null, "in_reply_to_screen_name": null, "user": {"id": 45049172, "id_str": "45049172", "name": "Vinney Arora", "screen_name": "Vinney4Change", "location": "San Francisco", "description": "Founder of The Arora Collective: Consulting for Social Good.\ud83d\udc99\nExecutive Director @mydigitaltat2. Working to #ForwardKindness & #DeleteHate", "url": "https://t.co/FVcYkCarX6", "entities": {"url": {"urls": [{"url": "https://t.co/FVcYkCarX6", "expanded_url": "http://www.linkedin.com/in/arora", "display_url": "linkedin.com/in/arora", "indices": [0, 23]}]}, "description": {"urls": []}}, "protected": false, "followers_count": 411, "friends_count": 261, "listed_count": 13, "created_at": "Sat Jun 06 01:14:50 +0000 2009", "favourites_count": 404, "utc_offset": null, "time_zone": null, "geo_enabled": true, "verified": false, "statuses_count": 6609, "lang": null, "contributors_enabled": false, "is_translator": false, "is_translation_enabled": false, "profile_background_color": "000000", "profile_background_image_url": "http://abs.twimg.com/images/themes/theme4/bg.gif", "profile_background_image_url_https": "https://abs.twimg.com/images/themes/theme4/bg.gif", "profile_background_tile": false, "profile_image_url": "http://pbs.twimg.com/profile_images/541417568775335937/LtYmHJZz_normal.jpeg", "profile_image_url_https": "https://pbs.twimg.com/profile_images/541417568775335937/LtYmHJZz_normal.jpeg", "profile_banner_url": "https://pbs.twimg.com/profile_banners/45049172/1463650954", "profile_link_color": "3B94D9", "profile_sidebar_border_color": "000000", "profile_sidebar_fill_color": "000000", "profile_text_color": "000000", "profile_use_background_image": false, "has_extended_profile": true, "default_profile": false, "default_profile_image": false, "following": false, "follow_request_sent": false, "notifications": false, "translator_type": "none"}, "geo": null, "coordinates": null, "place": null, "contributors": null, "is_quote_status": false, "retweet_count": 0, "favorite_count": 0, "favorited": false, "retweeted": false, "possibly_sensitive": false, "lang": "en"}