{"created_at": "Wed Apr 18 16:44:56 +0000 2012", "id": 192654960536715264, "id_str": "192654960536715264", "text": "@camanpour Great to see you back anchoring with CNN .Like you said in your spotlight ,now is the moment.Great interview with Sen.John Mccain", "truncated": false, "entities": {"hashtags": [], "symbols": [], "user_mentions": [{"screen_name": "camanpour", "name": "Christiane Amanpour", "id": 69181624, "id_str": "69181624", "indices": [0, 10]}], "urls": []}, "source": "<a href=\"http://twitter.com\" rel=\"nofollow\">Twitter Web Client</a>", "in_reply_to_status_id": 192650123237531648, "in_reply_to_status_id_str": "192650123237531648", "in_reply_to_user_id": 69181624, "in_reply_to_user_id_str": "69181624", "in_reply_to_screen_name": "camanpour", "user": {"id": 240649372, "id_str": "240649372", "name": "Cameroon Consultancy", "screen_name": "diplomacyAfrica", "location": "CAMEROON", "description": "CITIZEN JOURNALIST,HUMAN RIGHT ACTIVIST,PUBLIC POLICY ANALYST  AND BLOGGER ON MAJOR CNN PROGRAMS AND ANCHORS LIKE GPS,PIERS MORGAN,QUEST MEANS BUSINESS,", "url": null, "entities": {"description": {"urls": []}}, "protected": false, "followers_count": 50, "friends_count": 177, "listed_count": 2, "created_at": "Thu Jan 20 12:15:52 +0000 2011", "favourites_count": 1, "utc_offset": null, "time_zone": null, "geo_enabled": false, "verified": false, "statuses_count": 231, "lang": null, "contributors_enabled": false, "is_translator": false, "is_translation_enabled": false, "profile_background_color": "C0DEED", "profile_background_image_url": "http://abs.twimg.com/images/themes/theme1/bg.png", "profile_background_image_url_https": "https://abs.twimg.com/images/themes/theme1/bg.png", "profile_background_tile": false, "profile_image_url": "http://pbs.twimg.com/profile_images/1700037089/MAN_normal.jpg", "profile_image_url_https": "https://pbs.twimg.com/profile_images/1700037089/MAN_normal.jpg", "profile_link_color": "0084B4", "profile_sidebar_border_color": "F1F2E8", "profile_sidebar_fill_color": "F1F2E8", "profile_text_color": "3E3E3E", "profile_use_background_image": true, "has_extended_profile": false, "default_profile": false, "default_profile_image": false, "following": false, "follow_request_sent": false, "notifications": false, "translator_type": "none"}, "geo": null, "coordinates": null, "place": null, "contributors": null, "is_quote_status": false, "retweet_count": 0, "favorite_count": 0, "favorited": false, "retweeted": false, "lang": "en"}