{"created_at": "Wed May 23 10:30:10 +0000 2012", "id": 205244223056916480, "id_str": "205244223056916480", "text": "A #Solar Grand Plan - #Scientific #American #Magazine http://t.co/P4QoOsvg", "truncated": false, "entities": {"hashtags": [{"text": "Solar", "indices": [2, 8]}, {"text": "Scientific", "indices": [22, 33]}, {"text": "American", "indices": [34, 43]}, {"text": "Magazine", "indices": [44, 53]}], "symbols": [], "user_mentions": [], "urls": [{"url": "http://t.co/P4QoOsvg", "expanded_url": "http://dld.bz/SGsW", "display_url": "dld.bz/SGsW", "indices": [54, 74]}]}, "source": "<a href=\"http://ping.fm/\" rel=\"nofollow\">Ping.fm</a>", "in_reply_to_status_id": null, "in_reply_to_status_id_str": null, "in_reply_to_user_id": null, "in_reply_to_user_id_str": null, "in_reply_to_screen_name": null, "user": {"id": 21993071, "id_str": "21993071", "name": "Viking Services", "screen_name": "denversolarguy", "location": "Denver, CO", "description": "Everything related to alternative energy, solar, wind and geothermal", "url": "http://t.co/nfXEYkyzy2", "entities": {"url": {"urls": [{"url": "http://t.co/nfXEYkyzy2", "expanded_url": "http://vikingmservices.blogspot.com/", "display_url": "vikingmservices.blogspot.com", "indices": [0, 22]}]}, "description": {"urls": []}}, "protected": false, "followers_count": 71723, "friends_count": 73849, "listed_count": 2829, "created_at": "Thu Feb 26 09:17:07 +0000 2009", "favourites_count": 2, "utc_offset": null, "time_zone": null, "geo_enabled": false, "verified": false, "statuses_count": 1194858, "lang": null, "contributors_enabled": false, "is_translator": false, "is_translation_enabled": false, "profile_background_color": "9AE4E8", "profile_background_image_url": "http://abs.twimg.com/images/themes/theme1/bg.png", "profile_background_image_url_https": "https://abs.twimg.com/images/themes/theme1/bg.png", "profile_background_tile": true, "profile_image_url": "http://pbs.twimg.com/profile_images/83233153/solar_panel_normal.jpg", "profile_image_url_https": "https://pbs.twimg.com/profile_images/83233153/solar_panel_normal.jpg", "profile_link_color": "0084B4", "profile_sidebar_border_color": "BDDCAD", "profile_sidebar_fill_color": "DDFFCC", "profile_text_color": "333333", "profile_use_background_image": true, "has_extended_profile": false, "default_profile": false, "default_profile_image": false, "following": false, "follow_request_sent": false, "notifications": false, "translator_type": "none"}, "geo": null, "coordinates": null, "place": null, "contributors": null, "is_quote_status": false, "retweet_count": 0, "favorite_count": 0, "favorited": false, "retweeted": false, "possibly_sensitive": false, "lang": "en"}