{"created_at": "Sat Jun 09 13:39:10 +0000 2012", "id": 211452377721606144, "id_str": "211452377721606144", "text": "Obama campaign woos Hispanics with TV, radio ads http://t.co/f6Rd0aLB", "truncated": false, "entities": {"hashtags": [], "symbols": [], "user_mentions": [], "urls": [{"url": "http://t.co/f6Rd0aLB", "expanded_url": "http://bit.ly/LmYBvQ", "display_url": "bit.ly/LmYBvQ", "indices": [49, 69]}]}, "source": "<a href=\"http://twitterfeed.com\" rel=\"nofollow\">twitterfeed</a>", "in_reply_to_status_id": null, "in_reply_to_status_id_str": null, "in_reply_to_user_id": null, "in_reply_to_user_id_str": null, "in_reply_to_screen_name": null, "user": {"id": 77809646, "id_str": "77809646", "name": "Steve Browning", "screen_name": "imorangeman", "location": "kennewick", "description": "Just checking out twitter.", "url": "http://t.co/IcgHeJXuAb", "entities": {"url": {"urls": [{"url": "http://t.co/IcgHeJXuAb", "expanded_url": "http://tinyurl.com/celllphone", "display_url": "tinyurl.com/celllphone", "indices": [0, 22]}]}, "description": {"urls": []}}, "protected": false, "followers_count": 1034, "friends_count": 1565, "listed_count": 2, "created_at": "Sun Sep 27 19:21:39 +0000 2009", "favourites_count": 0, "utc_offset": null, "time_zone": null, "geo_enabled": false, "verified": false, "statuses_count": 12683, "lang": null, "contributors_enabled": false, "is_translator": false, "is_translation_enabled": false, "profile_background_color": "BADFCD", "profile_background_image_url": "http://abs.twimg.com/images/themes/theme12/bg.gif", "profile_background_image_url_https": "https://abs.twimg.com/images/themes/theme12/bg.gif", "profile_background_tile": false, "profile_image_url": "http://pbs.twimg.com/profile_images/441679789/manjumping_normal.jpg", "profile_image_url_https": "https://pbs.twimg.com/profile_images/441679789/manjumping_normal.jpg", "profile_link_color": "FF0000", "profile_sidebar_border_color": "F2E195", "profile_sidebar_fill_color": "FFF7CC", "profile_text_color": "0C3E53", "profile_use_background_image": true, "has_extended_profile": false, "default_profile": false, "default_profile_image": false, "following": false, "follow_request_sent": false, "notifications": false, "translator_type": "none"}, "geo": null, "coordinates": null, "place": null, "contributors": null, "is_quote_status": false, "retweet_count": 0, "favorite_count": 0, "favorited": false, "retweeted": false, "possibly_sensitive": false, "lang": "en"}