{"created_at": "Sat Jun 09 16:36:11 +0000 2012", "id": 211496927173427200, "id_str": "211496927173427200", "text": "Obama campaign woos Hispanics with TV, radio ads: Her Latin American background is clear in her speech as Lynnet... http://t.co/XtpZse6j", "truncated": false, "entities": {"hashtags": [], "symbols": [], "user_mentions": [], "urls": [{"url": "http://t.co/XtpZse6j", "expanded_url": "http://yhoo.it/LmNcfx", "display_url": "yhoo.it/LmNcfx", "indices": [116, 136]}]}, "source": "<a href=\"http://twitterfeed.com\" rel=\"nofollow\">twitterfeed</a>", "in_reply_to_status_id": null, "in_reply_to_status_id_str": null, "in_reply_to_user_id": null, "in_reply_to_user_id_str": null, "in_reply_to_screen_name": null, "user": {"id": 100856169, "id_str": "100856169", "name": "Kathy Mimms", "screen_name": "Ms_Kathy_Mimms", "location": "Miami", "description": "Just an ordinary girl with dreams that need to come true.", "url": "http://t.co/B8gllG94mD", "entities": {"url": {"urls": [{"url": "http://t.co/B8gllG94mD", "expanded_url": "http://tinyurl.com/kathywantsit", "display_url": "tinyurl.com/kathywantsit", "indices": [0, 22]}]}, "description": {"urls": []}}, "protected": false, "followers_count": 182, "friends_count": 235, "listed_count": 2, "created_at": "Thu Dec 31 22:33:15 +0000 2009", "favourites_count": 0, "utc_offset": null, "time_zone": null, "geo_enabled": false, "verified": false, "statuses_count": 42187, "lang": null, "contributors_enabled": false, "is_translator": false, "is_translation_enabled": false, "profile_background_color": "914B1A", "profile_background_image_url": "http://abs.twimg.com/images/themes/theme1/bg.png", "profile_background_image_url_https": "https://abs.twimg.com/images/themes/theme1/bg.png", "profile_background_tile": false, "profile_image_url": "http://pbs.twimg.com/profile_images/602883336/teen-girl_normal.jpg", "profile_image_url_https": "https://pbs.twimg.com/profile_images/602883336/teen-girl_normal.jpg", "profile_link_color": "914B1A", "profile_sidebar_border_color": "421B01", "profile_sidebar_fill_color": "C59D81", "profile_text_color": "000000", "profile_use_background_image": true, "has_extended_profile": false, "default_profile": false, "default_profile_image": false, "following": false, "follow_request_sent": false, "notifications": false, "translator_type": "none"}, "geo": null, "coordinates": null, "place": null, "contributors": null, "is_quote_status": false, "retweet_count": 0, "favorite_count": 0, "favorited": false, "retweeted": false, "possibly_sensitive": false, "lang": "en"}