{"created_at": "Sat Jun 09 14:15:38 +0000 2012", "id": 211461557572472834, "id_str": "211461557572472834", "text": "Obama campaign woos Hispanics with TV, radio ads http://t.co/IO14P6sN", "truncated": false, "entities": {"hashtags": [], "symbols": [], "user_mentions": [], "urls": [{"url": "http://t.co/IO14P6sN", "expanded_url": "http://goo.gl/HdmyZ", "display_url": "goo.gl/HdmyZ", "indices": [49, 69]}]}, "source": "<a href=\"http://www.sharedby.co\" rel=\"nofollow\">SharedBy</a>", "in_reply_to_status_id": null, "in_reply_to_status_id_str": null, "in_reply_to_user_id": null, "in_reply_to_user_id_str": null, "in_reply_to_screen_name": null, "user": {"id": 148450312, "id_str": "148450312", "name": "News One", "screen_name": "newsoneservice", "location": "", "description": "NewsOne is a collection of news services.", "url": null, "entities": {"description": {"urls": []}}, "protected": false, "followers_count": 1070, "friends_count": 1651, "listed_count": 1, "created_at": "Wed May 26 18:44:43 +0000 2010", "favourites_count": 0, "utc_offset": null, "time_zone": null, "geo_enabled": false, "verified": false, "statuses_count": 60768, "lang": null, "contributors_enabled": false, "is_translator": false, "is_translation_enabled": false, "profile_background_color": "C0DEED", "profile_background_image_url": "http://abs.twimg.com/images/themes/theme1/bg.png", "profile_background_image_url_https": "https://abs.twimg.com/images/themes/theme1/bg.png", "profile_background_tile": false, "profile_image_url": "http://pbs.twimg.com/profile_images/933306095/newsone_logo_small_normal.jpg", "profile_image_url_https": "https://pbs.twimg.com/profile_images/933306095/newsone_logo_small_normal.jpg", "profile_link_color": "0084B4", "profile_sidebar_border_color": "C0DEED", "profile_sidebar_fill_color": "DDEEF6", "profile_text_color": "333333", "profile_use_background_image": true, "has_extended_profile": false, "default_profile": false, "default_profile_image": false, "following": false, "follow_request_sent": false, "notifications": false, "translator_type": "none"}, "geo": null, "coordinates": null, "place": null, "contributors": null, "is_quote_status": false, "retweet_count": 0, "favorite_count": 0, "favorited": false, "retweeted": false, "possibly_sensitive": false, "lang": "en"}