{"created_at": "Sat Jun 09 13:21:21 +0000 2012", "id": 211447896392998912, "id_str": "211447896392998912", "text": "Obama campaign woos Hispanics with TV, radio ads: Her Latin American background is clear in her speech as Lynnet... http://t.co/TOTJYamO", "truncated": false, "entities": {"hashtags": [], "symbols": [], "user_mentions": [], "urls": [{"url": "http://t.co/TOTJYamO", "expanded_url": "http://bit.ly/K8Y6Ht", "display_url": "bit.ly/K8Y6Ht", "indices": [116, 136]}]}, "source": "<a href=\"http://twitterfeed.com\" rel=\"nofollow\">twitterfeed</a>", "in_reply_to_status_id": null, "in_reply_to_status_id_str": null, "in_reply_to_user_id": null, "in_reply_to_user_id_str": null, "in_reply_to_screen_name": null, "user": {"id": 215003182, "id_str": "215003182", "name": "Wilmington NewsChan", "screen_name": "ToWilmington_NC", "location": "", "description": "Updated Wilmington news,sports,\r\nweather,entertainment,politics\r\nand business information.", "url": "http://t.co/dUFgAvu5DV", "entities": {"url": {"urls": [{"url": "http://t.co/dUFgAvu5DV", "expanded_url": "http://www.WilmingtonNewsChannel.com", "display_url": "WilmingtonNewsChannel.com", "indices": [0, 22]}]}, "description": {"urls": []}}, "protected": false, "followers_count": 125, "friends_count": 149, "listed_count": 7, "created_at": "Fri Nov 12 19:28:02 +0000 2010", "favourites_count": 0, "utc_offset": null, "time_zone": null, "geo_enabled": false, "verified": false, "statuses_count": 34670, "lang": null, "contributors_enabled": false, "is_translator": false, "is_translation_enabled": false, "profile_background_color": "C0DEED", "profile_background_image_url": "http://abs.twimg.com/images/themes/theme1/bg.png", "profile_background_image_url_https": "https://abs.twimg.com/images/themes/theme1/bg.png", "profile_background_tile": false, "profile_image_url": "http://pbs.twimg.com/profile_images/1174706736/WilmingtonNewsChannelTwitterLogo_1__normal.png", "profile_image_url_https": "https://pbs.twimg.com/profile_images/1174706736/WilmingtonNewsChannelTwitterLogo_1__normal.png", "profile_link_color": "1DA1F2", "profile_sidebar_border_color": "C0DEED", "profile_sidebar_fill_color": "DDEEF6", "profile_text_color": "333333", "profile_use_background_image": true, "has_extended_profile": false, "default_profile": true, "default_profile_image": false, "following": false, "follow_request_sent": false, "notifications": false, "translator_type": "none"}, "geo": null, "coordinates": null, "place": null, "contributors": null, "is_quote_status": false, "retweet_count": 0, "favorite_count": 0, "favorited": false, "retweeted": false, "possibly_sensitive": false, "lang": "en"}