{"created_at": "Sat Jun 09 14:46:10 +0000 2012", "id": 211469240170070016, "id_str": "211469240170070016", "text": "Obama campaign wooing Hispanics with TV and radio ad campaign accentuating ... - Washington\u2026 http://t.co/6xi5RpUM", "truncated": false, "entities": {"hashtags": [], "symbols": [], "user_mentions": [], "urls": [{"url": "http://t.co/6xi5RpUM", "expanded_url": "http://goo.gl/fb/U8Ke8", "display_url": "goo.gl/fb/U8Ke8", "indices": [93, 113]}]}, "source": "<a href=\"https://www.google.com/\" rel=\"nofollow\">Google</a>", "in_reply_to_status_id": null, "in_reply_to_status_id_str": null, "in_reply_to_user_id": null, "in_reply_to_user_id_str": null, "in_reply_to_screen_name": null, "user": {"id": 15438211, "id_str": "15438211", "name": "Prestige Network", "screen_name": "anylanguage", "location": "Newbury, England", "description": "#Translation and #Interpreting Services 200 #Languages 24/7 Customer Satisfaction 96% We are not perfect!", "url": "https://t.co/SK9v9AYn8E", "entities": {"url": {"urls": [{"url": "https://t.co/SK9v9AYn8E", "expanded_url": "https://www.prestigenetwork.com/", "display_url": "prestigenetwork.com", "indices": [0, 23]}]}, "description": {"urls": []}}, "protected": false, "followers_count": 2626, "friends_count": 9, "listed_count": 76, "created_at": "Tue Jul 15 08:04:41 +0000 2008", "favourites_count": 144, "utc_offset": null, "time_zone": null, "geo_enabled": true, "verified": false, "statuses_count": 58371, "lang": null, "contributors_enabled": false, "is_translator": false, "is_translation_enabled": false, "profile_background_color": "FFFFFF", "profile_background_image_url": "http://abs.twimg.com/images/themes/theme1/bg.png", "profile_background_image_url_https": "https://abs.twimg.com/images/themes/theme1/bg.png", "profile_background_tile": false, "profile_image_url": "http://pbs.twimg.com/profile_images/1088473903301828609/3-TxfPTI_normal.jpg", "profile_image_url_https": "https://pbs.twimg.com/profile_images/1088473903301828609/3-TxfPTI_normal.jpg", "profile_banner_url": "https://pbs.twimg.com/profile_banners/15438211/1511873261", "profile_link_color": "A71056", "profile_sidebar_border_color": "E3E3E3", "profile_sidebar_fill_color": "E3E3E3", "profile_text_color": "1E1656", "profile_use_background_image": false, "has_extended_profile": false, "default_profile": false, "default_profile_image": false, "following": false, "follow_request_sent": false, "notifications": false, "translator_type": "none"}, "geo": null, "coordinates": null, "place": null, "contributors": null, "is_quote_status": false, "retweet_count": 0, "favorite_count": 0, "favorited": false, "retweeted": false, "possibly_sensitive": false, "lang": "en"}