{"created_at": "Sat Jun 09 16:31:32 +0000 2012", "id": 211495758782926849, "id_str": "211495758782926849", "text": "Obama campaign woos Hispanics with TV, radio ads: Her Latin American background is clear in her speech as ... http://t.co/klhOR5O4 #News", "truncated": false, "entities": {"hashtags": [{"text": "News", "indices": [131, 136]}], "symbols": [], "user_mentions": [], "urls": [{"url": "http://t.co/klhOR5O4", "expanded_url": "http://yhoo.it/LHcgKQ", "display_url": "yhoo.it/LHcgKQ", "indices": [110, 130]}]}, "source": "<a href=\"http://twitterfeed.com\" rel=\"nofollow\">twitterfeed</a>", "in_reply_to_status_id": null, "in_reply_to_status_id_str": null, "in_reply_to_user_id": null, "in_reply_to_user_id_str": null, "in_reply_to_screen_name": null, "user": {"id": 292596610, "id_str": "292596610", "name": "DM Lott", "screen_name": "camsllove", "location": "", "description": "I love Girls on Cam", "url": null, "entities": {"description": {"urls": []}}, "protected": false, "followers_count": 146, "friends_count": 312, "listed_count": 53, "created_at": "Tue May 03 22:30:48 +0000 2011", "favourites_count": 0, "utc_offset": null, "time_zone": null, "geo_enabled": false, "verified": false, "statuses_count": 43983, "lang": null, "contributors_enabled": false, "is_translator": false, "is_translation_enabled": false, "profile_background_color": "FFF04D", "profile_background_image_url": "http://abs.twimg.com/images/themes/theme19/bg.gif", "profile_background_image_url_https": "https://abs.twimg.com/images/themes/theme19/bg.gif", "profile_background_tile": false, "profile_image_url": "http://pbs.twimg.com/profile_images/1337765472/little-tikes-my-real-digital-camera-for-girls_normal.jpg", "profile_image_url_https": "https://pbs.twimg.com/profile_images/1337765472/little-tikes-my-real-digital-camera-for-girls_normal.jpg", "profile_link_color": "0099CC", "profile_sidebar_border_color": "FFF8AD", "profile_sidebar_fill_color": "F6FFD1", "profile_text_color": "333333", "profile_use_background_image": true, "has_extended_profile": false, "default_profile": false, "default_profile_image": false, "following": false, "follow_request_sent": false, "notifications": false, "translator_type": "none"}, "geo": null, "coordinates": null, "place": null, "contributors": null, "is_quote_status": false, "retweet_count": 0, "favorite_count": 0, "favorited": false, "retweeted": false, "possibly_sensitive": false, "lang": "en"}