{"created_at": "Sat Jun 09 16:37:54 +0000 2012", "id": 211497359169953792, "id_str": "211497359169953792", "text": "#RGP Obama Campaign Woos Hispanic Voters With Television, Radio Ads: KISSIMMEE, Fla. -- Her Latin American backg... http://t.co/9HmjUcut", "truncated": false, "entities": {"hashtags": [{"text": "RGP", "indices": [0, 4]}], "symbols": [], "user_mentions": [], "urls": [{"url": "http://t.co/9HmjUcut", "expanded_url": "http://migre.me/9q5k1", "display_url": "migre.me/9q5k1", "indices": [116, 136]}]}, "source": "<a href=\"http://twitterfeed.com\" rel=\"nofollow\">twitterfeed</a>", "in_reply_to_status_id": null, "in_reply_to_status_id_str": null, "in_reply_to_user_id": null, "in_reply_to_user_id_str": null, "in_reply_to_screen_name": null, "user": {"id": 131571364, "id_str": "131571364", "name": "Rede Geral Perfis", "screen_name": "tweets24hs", "location": "42.782,76.04", "description": "24hs information and entertainment, important facts on a daily population of the world, follow and indicate the profile. admim @Hilquiasdarcley", "url": "https://t.co/mLgQhA6BlD", "entities": {"url": {"urls": [{"url": "https://t.co/mLgQhA6BlD", "expanded_url": "http://capixabadagema.com.br", "display_url": "capixabadagema.com.br", "indices": [0, 23]}]}, "description": {"urls": []}}, "protected": false, "followers_count": 1816, "friends_count": 1544, "listed_count": 8, "created_at": "Sat Apr 10 17:35:04 +0000 2010", "favourites_count": 0, "utc_offset": null, "time_zone": null, "geo_enabled": true, "verified": false, "statuses_count": 400102, "lang": null, "contributors_enabled": false, "is_translator": false, "is_translation_enabled": false, "profile_background_color": "ACDED6", "profile_background_image_url": "http://abs.twimg.com/images/themes/theme1/bg.png", "profile_background_image_url_https": "https://abs.twimg.com/images/themes/theme1/bg.png", "profile_background_tile": true, "profile_image_url": "http://pbs.twimg.com/profile_images/812278960/perfil_normal.jpg", "profile_image_url_https": "https://pbs.twimg.com/profile_images/812278960/perfil_normal.jpg", "profile_banner_url": "https://pbs.twimg.com/profile_banners/131571364/1481632853", "profile_link_color": "168B91", "profile_sidebar_border_color": "EEEEEE", "profile_sidebar_fill_color": "B1E7E8", "profile_text_color": "ED0E0E", "profile_use_background_image": true, "has_extended_profile": false, "default_profile": false, "default_profile_image": false, "following": false, "follow_request_sent": false, "notifications": false, "translator_type": "none"}, "geo": null, "coordinates": null, "place": null, "contributors": null, "is_quote_status": false, "retweet_count": 0, "favorite_count": 0, "favorited": false, "retweeted": false, "possibly_sensitive": false, "lang": "en"}