{"created_at": "Sat Jun 09 16:38:46 +0000 2012", "id": 211497576300675073, "id_str": "211497576300675073", "text": "Obama Campaign Woos Hispanic Voters With Television, Radio Ads: KISSIMMEE, Fla. -- Her Latin American background... http://t.co/A5Jbec6c", "truncated": false, "entities": {"hashtags": [], "symbols": [], "user_mentions": [], "urls": [{"url": "http://t.co/A5Jbec6c", "expanded_url": "http://huff.to/LnshJb", "display_url": "huff.to/LnshJb", "indices": [116, 136]}]}, "source": "<a href=\"http://twitterfeed.com\" rel=\"nofollow\">twitterfeed</a>", "in_reply_to_status_id": null, "in_reply_to_status_id_str": null, "in_reply_to_user_id": null, "in_reply_to_user_id_str": null, "in_reply_to_screen_name": null, "user": {"id": 468118916, "id_str": "468118916", "name": "Noelia Hedglin", "screen_name": "NoeliaHedglin68", "location": "Allen, TX", "description": "I'm up to new stuff in 2012.  Boys.  Shopping.  Well that's old stuff.  But Twitter, here I come!", "url": null, "entities": {"description": {"urls": []}}, "protected": false, "followers_count": 121, "friends_count": 79, "listed_count": 1, "created_at": "Thu Jan 19 05:56:38 +0000 2012", "favourites_count": 1, "utc_offset": null, "time_zone": null, "geo_enabled": false, "verified": false, "statuses_count": 29446, "lang": null, "contributors_enabled": false, "is_translator": false, "is_translation_enabled": false, "profile_background_color": "642D8B", "profile_background_image_url": "http://abs.twimg.com/images/themes/theme10/bg.gif", "profile_background_image_url_https": "https://abs.twimg.com/images/themes/theme10/bg.gif", "profile_background_tile": true, "profile_image_url": "http://pbs.twimg.com/profile_images/1765785190/32352339717_normal.jpg", "profile_image_url_https": "https://pbs.twimg.com/profile_images/1765785190/32352339717_normal.jpg", "profile_link_color": "FF0000", "profile_sidebar_border_color": "65B0DA", "profile_sidebar_fill_color": "7AC3EE", "profile_text_color": "3D1957", "profile_use_background_image": true, "has_extended_profile": false, "default_profile": false, "default_profile_image": false, "following": false, "follow_request_sent": false, "notifications": false, "translator_type": "none"}, "geo": null, "coordinates": null, "place": null, "contributors": null, "is_quote_status": false, "retweet_count": 0, "favorite_count": 0, "favorited": false, "retweeted": false, "possibly_sensitive": false, "lang": "en"}