{"created_at": "Sat Jun 09 19:24:33 +0000 2012", "id": 211539296337924097, "id_str": "211539296337924097", "text": "Obama campaign woos Hispanics with TV, radio ads: Her Latin American background is clear in her speech as Lynnet... http://t.co/hlZkUOew", "truncated": false, "entities": {"hashtags": [], "symbols": [], "user_mentions": [], "urls": [{"url": "http://t.co/hlZkUOew", "expanded_url": "http://bit.ly/LnY7pi", "display_url": "bit.ly/LnY7pi", "indices": [116, 136]}]}, "source": "<a href=\"http://twitterfeed.com\" rel=\"nofollow\">twitterfeed</a>", "in_reply_to_status_id": null, "in_reply_to_status_id_str": null, "in_reply_to_user_id": null, "in_reply_to_user_id_str": null, "in_reply_to_screen_name": null, "user": {"id": 151999855, "id_str": "151999855", "name": "Tampa News", "screen_name": "tampanews", "location": "Tampa, Florida", "description": "Tampa, Florida. Organized July 15, 1887.", "url": "http://t.co/W4MKIi4WCZ", "entities": {"url": {"urls": [{"url": "http://t.co/W4MKIi4WCZ", "expanded_url": "https://twitter.com/tampanews", "display_url": "twitter.com/tampanews", "indices": [0, 22]}]}, "description": {"urls": []}}, "protected": false, "followers_count": 536, "friends_count": 1, "listed_count": 33, "created_at": "Fri Jun 04 20:22:48 +0000 2010", "favourites_count": 0, "utc_offset": null, "time_zone": null, "geo_enabled": false, "verified": false, "statuses_count": 37500, "lang": null, "contributors_enabled": false, "is_translator": false, "is_translation_enabled": false, "profile_background_color": "C0DEED", "profile_background_image_url": "http://abs.twimg.com/images/themes/theme1/bg.png", "profile_background_image_url_https": "https://abs.twimg.com/images/themes/theme1/bg.png", "profile_background_tile": false, "profile_image_url": "http://pbs.twimg.com/profile_images/960079757/twitter_normal.jpg", "profile_image_url_https": "https://pbs.twimg.com/profile_images/960079757/twitter_normal.jpg", "profile_link_color": "1DA1F2", "profile_sidebar_border_color": "C0DEED", "profile_sidebar_fill_color": "DDEEF6", "profile_text_color": "333333", "profile_use_background_image": true, "has_extended_profile": false, "default_profile": true, "default_profile_image": false, "following": false, "follow_request_sent": false, "notifications": false, "translator_type": "none"}, "geo": null, "coordinates": null, "place": null, "contributors": null, "is_quote_status": false, "retweet_count": 0, "favorite_count": 0, "favorited": false, "retweeted": false, "possibly_sensitive": false, "lang": "en"}