{"created_at": "Sat Jun 09 18:16:17 +0000 2012", "id": 211522116451971075, "id_str": "211522116451971075", "text": "\"@HuffPostPol: The Obama campaign is wooing Hispanic voters with feelgood TV and radio ads http://t.co/WnuO6gD6\" #teampolitics #votebehavior", "truncated": false, "entities": {"hashtags": [{"text": "teampolitics", "indices": [113, 126]}, {"text": "votebehavior", "indices": [127, 140]}], "symbols": [], "user_mentions": [{"screen_name": "HuffPostPol", "name": "HuffPost Politics", "id": 15458694, "id_str": "15458694", "indices": [1, 13]}], "urls": [{"url": "http://t.co/WnuO6gD6", "expanded_url": "http://huff.to/KjqYOG", "display_url": "huff.to/KjqYOG", "indices": [91, 111]}]}, "source": "<a href=\"http://twitter.com/download/android\" rel=\"nofollow\">Twitter for Android</a>", "in_reply_to_status_id": null, "in_reply_to_status_id_str": null, "in_reply_to_user_id": null, "in_reply_to_user_id_str": null, "in_reply_to_screen_name": null, "user": {"id": 20384296, "id_str": "20384296", "name": "Pip Howard", "screen_name": "piphoward", "location": "Liverpool", "description": "Rugby mad University of Liverpool student, studying Avionics, and first ever try scorer for #rugbyunited .....fascinating i know", "url": null, "entities": {"description": {"urls": []}}, "protected": false, "followers_count": 250, "friends_count": 484, "listed_count": 9, "created_at": "Sun Feb 08 18:55:06 +0000 2009", "favourites_count": 409, "utc_offset": null, "time_zone": null, "geo_enabled": true, "verified": false, "statuses_count": 18785, "lang": null, "contributors_enabled": false, "is_translator": false, "is_translation_enabled": false, "profile_background_color": "000000", "profile_background_image_url": "http://abs.twimg.com/images/themes/theme1/bg.png", "profile_background_image_url_https": "https://abs.twimg.com/images/themes/theme1/bg.png", "profile_background_tile": true, "profile_image_url": "http://pbs.twimg.com/profile_images/587928803697123328/5SiQDbml_normal.jpg", "profile_image_url_https": "https://pbs.twimg.com/profile_images/587928803697123328/5SiQDbml_normal.jpg", "profile_banner_url": "https://pbs.twimg.com/profile_banners/20384296/1367948416", "profile_link_color": "133CC3", "profile_sidebar_border_color": "FFFFFF", "profile_sidebar_fill_color": "B11616", "profile_text_color": "000000", "profile_use_background_image": true, "has_extended_profile": false, "default_profile": false, "default_profile_image": false, "following": false, "follow_request_sent": false, "notifications": false, "translator_type": "none"}, "geo": {"type": "Point", "coordinates": [51.8786149, -2.1675575]}, "coordinates": {"type": "Point", "coordinates": [-2.1675575, 51.8786149]}, "place": {"id": "e5f7f305ac6ab2f2", "url": "https://api.twitter.com/1.1/geo/id/e5f7f305ac6ab2f2.json", "place_type": "city", "name": "Tewkesbury", "full_name": "Tewkesbury, England", "country_code": "GB", "country": "United Kingdom", "contained_within": [], "bounding_box": {"type": "Polygon", "coordinates": [[[-2.352755, 51.819306], [-1.801447, 51.819306], [-1.801447, 52.050562], [-2.352755, 52.050562]]]}, "attributes": {}}, "contributors": null, "is_quote_status": false, "retweet_count": 0, "favorite_count": 0, "favorited": false, "retweeted": false, "possibly_sensitive": false, "lang": "en"}