{"created_at": "Mon Jun 11 21:05:04 +0000 2012", "id": 212289370588327937, "id_str": "212289370588327937", "text": "Barack, We Have Your Back!: President Obama's campaign has released its latest radio ad, the first ad of the cam... http://t.co/H88K8B7M", "truncated": false, "entities": {"hashtags": [], "symbols": [], "user_mentions": [], "urls": [{"url": "http://t.co/H88K8B7M", "expanded_url": "http://somd.me/OlmSDl", "display_url": "somd.me/OlmSDl", "indices": [116, 136]}]}, "source": "<a href=\"http://twitterfeed.com\" rel=\"nofollow\">twitterfeed</a>", "in_reply_to_status_id": null, "in_reply_to_status_id_str": null, "in_reply_to_user_id": null, "in_reply_to_user_id_str": null, "in_reply_to_screen_name": null, "user": {"id": 267422255, "id_str": "267422255", "name": "So. Maryland Forums", "screen_name": "somdcomforums", "location": "Southern Maryland", "description": "Where southern Marylanders go to speak their mind. (User posts are not necessarily the opinion of https://t.co/PdgU9YC3nT)", "url": "https://t.co/LH6vFGkXxB", "entities": {"url": {"urls": [{"url": "https://t.co/LH6vFGkXxB", "expanded_url": "https://forums.somd.com/", "display_url": "forums.somd.com", "indices": [0, 23]}]}, "description": {"urls": [{"url": "https://t.co/PdgU9YC3nT", "expanded_url": "http://somd.com", "display_url": "somd.com", "indices": [98, 121]}]}}, "protected": false, "followers_count": 939, "friends_count": 194, "listed_count": 16, "created_at": "Wed Mar 16 22:52:01 +0000 2011", "favourites_count": 0, "utc_offset": null, "time_zone": null, "geo_enabled": false, "verified": false, "statuses_count": 72493, "lang": null, "contributors_enabled": false, "is_translator": false, "is_translation_enabled": false, "profile_background_color": "000000", "profile_background_image_url": "http://abs.twimg.com/images/themes/theme1/bg.png", "profile_background_image_url_https": "https://abs.twimg.com/images/themes/theme1/bg.png", "profile_background_tile": false, "profile_image_url": "http://pbs.twimg.com/profile_images/1325095634/forum_junkies_325x334_normal.png", "profile_image_url_https": "https://pbs.twimg.com/profile_images/1325095634/forum_junkies_325x334_normal.png", "profile_banner_url": "https://pbs.twimg.com/profile_banners/267422255/1448683131", "profile_link_color": "FA743E", "profile_sidebar_border_color": "000000", "profile_sidebar_fill_color": "000000", "profile_text_color": "000000", "profile_use_background_image": false, "has_extended_profile": true, "default_profile": false, "default_profile_image": false, "following": false, "follow_request_sent": false, "notifications": false, "translator_type": "none"}, "geo": null, "coordinates": null, "place": null, "contributors": null, "is_quote_status": false, "retweet_count": 0, "favorite_count": 0, "favorited": false, "retweeted": false, "possibly_sensitive": false, "lang": "en"}