{"created_at": "Mon Jun 11 22:32:44 +0000 2012", "id": 212311429586493440, "id_str": "212311429586493440", "text": "Obama campaign going up with first radio ad targeting African Americans: As the general election ramps up, the O... http://t.co/KPc20QQq", "truncated": false, "entities": {"hashtags": [], "symbols": [], "user_mentions": [], "urls": [{"url": "http://t.co/KPc20QQq", "expanded_url": "http://bit.ly/LSR1G1", "display_url": "bit.ly/LSR1G1", "indices": [116, 136]}]}, "source": "<a href=\"http://twitterfeed.com\" rel=\"nofollow\">twitterfeed</a>", "in_reply_to_status_id": null, "in_reply_to_status_id_str": null, "in_reply_to_user_id": null, "in_reply_to_user_id_str": null, "in_reply_to_screen_name": null, "user": {"id": 19192409, "id_str": "19192409", "name": "Marcus Holmes", "screen_name": "marcusholmes", "location": "Hagerstown, MD", "description": "\u201cIf YOU change the way YOU look at things, the THINGS you look at CHANGE.\u201d - Dr. Wayne Dyer", "url": "https://t.co/93m7064NFT", "entities": {"url": {"urls": [{"url": "https://t.co/93m7064NFT", "expanded_url": "https://www.mwrfinancial.com/home/membership/142595", "display_url": "mwrfinancial.com/home/membershi\u2026", "indices": [0, 23]}]}, "description": {"urls": []}}, "protected": false, "followers_count": 2834, "friends_count": 3201, "listed_count": 11, "created_at": "Mon Jan 19 17:35:33 +0000 2009", "favourites_count": 102, "utc_offset": null, "time_zone": null, "geo_enabled": false, "verified": false, "statuses_count": 23160, "lang": null, "contributors_enabled": false, "is_translator": false, "is_translation_enabled": false, "profile_background_color": "131516", "profile_background_image_url": "http://abs.twimg.com/images/themes/theme1/bg.png", "profile_background_image_url_https": "https://abs.twimg.com/images/themes/theme1/bg.png", "profile_background_tile": true, "profile_image_url": "http://pbs.twimg.com/profile_images/1235651867755110400/EJMvVpxJ_normal.jpg", "profile_image_url_https": "https://pbs.twimg.com/profile_images/1235651867755110400/EJMvVpxJ_normal.jpg", "profile_banner_url": "https://pbs.twimg.com/profile_banners/19192409/1494303797", "profile_link_color": "4A913C", "profile_sidebar_border_color": "FFFFFF", "profile_sidebar_fill_color": "EFEFEF", "profile_text_color": "333333", "profile_use_background_image": true, "has_extended_profile": true, "default_profile": false, "default_profile_image": false, "following": false, "follow_request_sent": false, "notifications": false, "translator_type": "none"}, "geo": null, "coordinates": null, "place": null, "contributors": null, "is_quote_status": false, "retweet_count": 0, "favorite_count": 0, "favorited": false, "retweeted": false, "possibly_sensitive": false, "lang": "en"}