{"created_at": "Thu Jun 14 21:48:11 +0000 2012", "id": 213387385432571904, "id_str": "213387385432571904", "text": "Meh. RT @cbellantoni: Tune in to @NewsHour for @JudyWoodruff's full interview with Sen. John McCain tonight at 6 p.m.", "truncated": false, "entities": {"hashtags": [], "symbols": [], "user_mentions": [{"screen_name": "cbellantoni", "name": "Christina Bellantoni", "id": 15689503, "id_str": "15689503", "indices": [8, 20]}, {"screen_name": "NewsHour", "name": "PBS NewsHour", "id": 14437914, "id_str": "14437914", "indices": [33, 42]}, {"screen_name": "JudyWoodruff", "name": "Judy Woodruff", "id": 48144950, "id_str": "48144950", "indices": [47, 60]}], "urls": []}, "source": "<a href=\"http://twitter.com/download/iphone\" rel=\"nofollow\">Twitter for iPhone</a>", "in_reply_to_status_id": null, "in_reply_to_status_id_str": null, "in_reply_to_user_id": null, "in_reply_to_user_id_str": null, "in_reply_to_screen_name": null, "user": {"id": 101304929, "id_str": "101304929", "name": "olliander", "screen_name": "ollieblog", "location": "Houston, TX", "description": "Might get out of hell soon. You must wear the ribbon. #bqhatevwr", "url": null, "entities": {"description": {"urls": []}}, "protected": false, "followers_count": 2493, "friends_count": 659, "listed_count": 129, "created_at": "Sat Jan 02 20:21:44 +0000 2010", "favourites_count": 93, "utc_offset": null, "time_zone": null, "geo_enabled": true, "verified": false, "statuses_count": 170286, "lang": null, "contributors_enabled": false, "is_translator": false, "is_translation_enabled": false, "profile_background_color": "C0DEED", "profile_background_image_url": "http://abs.twimg.com/images/themes/theme1/bg.png", "profile_background_image_url_https": "https://abs.twimg.com/images/themes/theme1/bg.png", "profile_background_tile": false, "profile_image_url": "http://pbs.twimg.com/profile_images/2014861677/Twitter2_normal.jpg", "profile_image_url_https": "https://pbs.twimg.com/profile_images/2014861677/Twitter2_normal.jpg", "profile_banner_url": "https://pbs.twimg.com/profile_banners/101304929/1518482772", "profile_link_color": "0084B4", "profile_sidebar_border_color": "C0DEED", "profile_sidebar_fill_color": "DDEEF6", "profile_text_color": "333333", "profile_use_background_image": true, "has_extended_profile": false, "default_profile": false, "default_profile_image": false, "following": false, "follow_request_sent": false, "notifications": false, "translator_type": "none"}, "geo": null, "coordinates": null, "place": null, "contributors": null, "is_quote_status": false, "retweet_count": 0, "favorite_count": 0, "favorited": false, "retweeted": false, "lang": "en"}