{"created_at": "Tue Jul 10 16:18:16 +0000 2012", "id": 222726443673718787, "id_str": "222726443673718787", "text": "The House is expected to vote tomorrow/Wednesday on Republican-sponsored legislation (HR 6079) to repeal the health care reform law.", "truncated": false, "entities": {"hashtags": [], "symbols": [], "user_mentions": [], "urls": []}, "source": "<a href=\"http://blackberry.com/twitter\" rel=\"nofollow\">Twitter for BlackBerry\u00ae</a>", "in_reply_to_status_id": null, "in_reply_to_status_id_str": null, "in_reply_to_user_id": null, "in_reply_to_user_id_str": null, "in_reply_to_screen_name": null, "user": {"id": 568506489, "id_str": "568506489", "name": "AST on Capitol Hill", "screen_name": "ASTonCapHill", "location": "Washington, D.C.", "description": "", "url": "http://t.co/opBjf7yZRV", "entities": {"url": {"urls": [{"url": "http://t.co/opBjf7yZRV", "expanded_url": "http://www.a-s-t.org", "display_url": "a-s-t.org", "indices": [0, 22]}]}, "description": {"urls": []}}, "protected": false, "followers_count": 47, "friends_count": 105, "listed_count": 0, "created_at": "Tue May 01 18:23:05 +0000 2012", "favourites_count": 0, "utc_offset": null, "time_zone": null, "geo_enabled": false, "verified": false, "statuses_count": 37, "lang": null, "contributors_enabled": false, "is_translator": false, "is_translation_enabled": false, "profile_background_color": "C0DEED", "profile_background_image_url": "http://abs.twimg.com/images/themes/theme1/bg.png", "profile_background_image_url_https": "https://abs.twimg.com/images/themes/theme1/bg.png", "profile_background_tile": false, "profile_image_url": "http://pbs.twimg.com/profile_images/2184807385/ASTonCapHill_normal.png", "profile_image_url_https": "https://pbs.twimg.com/profile_images/2184807385/ASTonCapHill_normal.png", "profile_link_color": "0084B4", "profile_sidebar_border_color": "C0DEED", "profile_sidebar_fill_color": "DDEEF6", "profile_text_color": "333333", "profile_use_background_image": false, "has_extended_profile": false, "default_profile": false, "default_profile_image": false, "following": false, "follow_request_sent": false, "notifications": false, "translator_type": "none"}, "geo": null, "coordinates": null, "place": null, "contributors": null, "is_quote_status": false, "retweet_count": 0, "favorite_count": 0, "favorited": false, "retweeted": false, "lang": "en"}