{"created_at": "Sun Aug 12 18:28:17 +0000 2012", "id": 234717960047063041, "id_str": "234717960047063041", "text": "\u201cIn 1994 Senate race, Romney backed Brady bill and assault weapons ban, saying \u2018I don\u2019t line up with the NRA\u2019...\"", "truncated": false, "entities": {"hashtags": [], "symbols": [], "user_mentions": [], "urls": []}, "source": "<a href=\"http://twitter.com\" rel=\"nofollow\">Twitter Web Client</a>", "in_reply_to_status_id": null, "in_reply_to_status_id_str": null, "in_reply_to_user_id": null, "in_reply_to_user_id_str": null, "in_reply_to_screen_name": null, "user": {"id": 125487569, "id_str": "125487569", "name": "John Matta", "screen_name": "whatzamatta", "location": "Chicago, IL", "description": "I agree, I just think you lack nuance. https://t.co/JWnLmT2lfo", "url": null, "entities": {"description": {"urls": [{"url": "https://t.co/JWnLmT2lfo", "expanded_url": "http://facebook.com/whatzamatta", "display_url": "facebook.com/whatzamatta", "indices": [39, 62]}]}}, "protected": false, "followers_count": 179, "friends_count": 361, "listed_count": 1, "created_at": "Tue Mar 23 00:05:39 +0000 2010", "favourites_count": 3059, "utc_offset": null, "time_zone": null, "geo_enabled": true, "verified": false, "statuses_count": 7511, "lang": null, "contributors_enabled": false, "is_translator": false, "is_translation_enabled": false, "profile_background_color": "C0DEED", "profile_background_image_url": "http://abs.twimg.com/images/themes/theme1/bg.png", "profile_background_image_url_https": "https://abs.twimg.com/images/themes/theme1/bg.png", "profile_background_tile": false, "profile_image_url": "http://pbs.twimg.com/profile_images/1290354622197043201/pBdojx98_normal.jpg", "profile_image_url_https": "https://pbs.twimg.com/profile_images/1290354622197043201/pBdojx98_normal.jpg", "profile_link_color": "1DA1F2", "profile_sidebar_border_color": "C0DEED", "profile_sidebar_fill_color": "DDEEF6", "profile_text_color": "333333", "profile_use_background_image": true, "has_extended_profile": false, "default_profile": true, "default_profile_image": false, "following": false, "follow_request_sent": false, "notifications": false, "translator_type": "none"}, "geo": null, "coordinates": null, "place": null, "contributors": null, "is_quote_status": false, "retweet_count": 0, "favorite_count": 0, "favorited": false, "retweeted": false, "lang": "en"}