{"created_at": "Mon Aug 20 21:06:59 +0000 2012", "id": 237657004338999296, "id_str": "237657004338999296", "text": "President Obama's campaign released eight new negative radio ads today targeted to the eight states it has inves... http://t.co/ajP4cDCj", "truncated": false, "entities": {"hashtags": [], "symbols": [], "user_mentions": [], "urls": [{"url": "http://t.co/ajP4cDCj", "expanded_url": "http://usat.ly/Qj4Vnd", "display_url": "usat.ly/Qj4Vnd", "indices": [116, 136]}]}, "source": "<a href=\"http://twitterfeed.com\" rel=\"nofollow\">twitterfeed</a>", "in_reply_to_status_id": null, "in_reply_to_status_id_str": null, "in_reply_to_user_id": null, "in_reply_to_user_id_str": null, "in_reply_to_screen_name": null, "user": {"id": 32480859, "id_str": "32480859", "name": "In USA", "screen_name": "in_usa", "location": "", "description": "", "url": null, "entities": {"description": {"urls": []}}, "protected": false, "followers_count": 71, "friends_count": 2, "listed_count": 0, "created_at": "Fri Apr 17 17:05:17 +0000 2009", "favourites_count": 0, "utc_offset": null, "time_zone": null, "geo_enabled": false, "verified": false, "statuses_count": 128808, "lang": null, "contributors_enabled": false, "is_translator": false, "is_translation_enabled": false, "profile_background_color": "D57786", "profile_background_image_url": "http://abs.twimg.com/images/themes/theme1/bg.png", "profile_background_image_url_https": "https://abs.twimg.com/images/themes/theme1/bg.png", "profile_background_tile": false, "profile_image_url": "http://pbs.twimg.com/profile_images/512899439/in_usa2_normal.jpg", "profile_image_url_https": "https://pbs.twimg.com/profile_images/512899439/in_usa2_normal.jpg", "profile_link_color": "4EC4D4", "profile_sidebar_border_color": "000000", "profile_sidebar_fill_color": "D57786", "profile_text_color": "000000", "profile_use_background_image": true, "has_extended_profile": false, "default_profile": false, "default_profile_image": false, "following": false, "follow_request_sent": false, "notifications": false, "translator_type": "none"}, "geo": null, "coordinates": null, "place": null, "contributors": null, "is_quote_status": false, "retweet_count": 0, "favorite_count": 0, "favorited": false, "retweeted": false, "possibly_sensitive": false, "lang": "en"}