{"created_at": "Mon Aug 20 21:27:32 +0000 2012", "id": 237662172996579328, "id_str": "237662172996579328", "text": "Obama Radio Ads Target \u2018Ryan-Romney\u2019 Ticket: How heavily does the Obama campaign plan to lean on th... http://t.co/bQ0dGz6Q @Ahaku_Kiddo", "truncated": false, "entities": {"hashtags": [], "symbols": [], "user_mentions": [], "urls": [{"url": "http://t.co/bQ0dGz6Q", "expanded_url": "http://on.wsj.com/SK83KX", "display_url": "on.wsj.com/SK83KX", "indices": [103, 123]}]}, "source": "<a href=\"http://twitterfeed.com\" rel=\"nofollow\">twitterfeed</a>", "in_reply_to_status_id": null, "in_reply_to_status_id_str": null, "in_reply_to_user_id": null, "in_reply_to_user_id_str": null, "in_reply_to_screen_name": null, "user": {"id": 46606101, "id_str": "46606101", "name": "Dennis de Jesus", "screen_name": "realDJtheWriter", "location": "Worldwide", "description": "I #write things that don't #matter, using #intricate #words to appear they do, for #arcane #reasons that don't exist; w/ #advice, & #attitude in #equal measure.", "url": "https://t.co/yqGVCBU5G9", "entities": {"url": {"urls": [{"url": "https://t.co/yqGVCBU5G9", "expanded_url": "https://write.as/dennis-dejesus/", "display_url": "write.as/dennis-dejesus/", "indices": [0, 23]}]}, "description": {"urls": []}}, "protected": false, "followers_count": 10376, "friends_count": 6362, "listed_count": 76, "created_at": "Fri Jun 12 07:39:16 +0000 2009", "favourites_count": 10017, "utc_offset": null, "time_zone": null, "geo_enabled": false, "verified": false, "statuses_count": 198634, "lang": null, "contributors_enabled": false, "is_translator": false, "is_translation_enabled": false, "profile_background_color": "0D0303", "profile_background_image_url": "http://abs.twimg.com/images/themes/theme10/bg.gif", "profile_background_image_url_https": "https://abs.twimg.com/images/themes/theme10/bg.gif", "profile_background_tile": false, "profile_image_url": "http://pbs.twimg.com/profile_images/864687572710080513/n4FpCeS0_normal.jpg", "profile_image_url_https": "https://pbs.twimg.com/profile_images/864687572710080513/n4FpCeS0_normal.jpg", "profile_banner_url": "https://pbs.twimg.com/profile_banners/46606101/1508035194", "profile_link_color": "91D2FA", "profile_sidebar_border_color": "19324A", "profile_sidebar_fill_color": "C43E19", "profile_text_color": "1C2496", "profile_use_background_image": true, "has_extended_profile": true, "default_profile": false, "default_profile_image": false, "following": false, "follow_request_sent": false, "notifications": false, "translator_type": "none"}, "geo": null, "coordinates": null, "place": null, "contributors": null, "is_quote_status": false, "retweet_count": 0, "favorite_count": 0, "favorited": false, "retweeted": false, "possibly_sensitive": false, "lang": "en"}