{"created_at": "Mon Jun 29 17:21:50 +0000 2009", "id": 2390295099, "id_str": "2390295099", "text": "Quality Systems, Inc. Chairman of the Board and Founder Wins 2009 ... http://u.mavrev.com/fgt1", "truncated": false, "entities": {"hashtags": [], "symbols": [], "user_mentions": [], "urls": []}, "source": "<a href=\"http://twitterfeed.com\" rel=\"nofollow\">twitterfeed</a>", "in_reply_to_status_id": null, "in_reply_to_status_id_str": null, "in_reply_to_user_id": null, "in_reply_to_user_id_str": null, "in_reply_to_screen_name": null, "user": {"id": 41963215, "id_str": "41963215", "name": "Russ Falls", "screen_name": "russfalls", "location": "Palmdale CA USA", "description": "Professional Dodgers Fan, Chess player, Professional Networker Marketer.  Jesus follower.", "url": "http://t.co/E4pHxW92", "entities": {"url": {"urls": [{"url": "http://t.co/E4pHxW92", "expanded_url": "http://GBGExpert.com", "display_url": "GBGExpert.com", "indices": [0, 20]}]}, "description": {"urls": []}}, "protected": false, "followers_count": 1813, "friends_count": 2320, "listed_count": 12, "created_at": "Sat May 23 03:13:03 +0000 2009", "favourites_count": 1, "utc_offset": null, "time_zone": null, "geo_enabled": true, "verified": false, "statuses_count": 8013, "lang": null, "contributors_enabled": false, "is_translator": false, "is_translation_enabled": false, "profile_background_color": "9AE4E8", "profile_background_image_url": "http://abs.twimg.com/images/themes/theme1/bg.png", "profile_background_image_url_https": "https://abs.twimg.com/images/themes/theme1/bg.png", "profile_background_tile": false, "profile_image_url": "http://pbs.twimg.com/profile_images/638431056161406976/yqB2t_n9_normal.jpg", "profile_image_url_https": "https://pbs.twimg.com/profile_images/638431056161406976/yqB2t_n9_normal.jpg", "profile_link_color": "0084B4", "profile_sidebar_border_color": "BDDCAD", "profile_sidebar_fill_color": "DDFFCC", "profile_text_color": "333333", "profile_use_background_image": true, "has_extended_profile": false, "default_profile": false, "default_profile_image": false, "following": false, "follow_request_sent": false, "notifications": false, "translator_type": "none"}, "geo": null, "coordinates": null, "place": null, "contributors": null, "is_quote_status": false, "retweet_count": 0, "favorite_count": 0, "favorited": false, "retweeted": false, "lang": "en"}