{"created_at": "Wed Oct 17 03:21:40 +0000 2012", "id": 258407401634533376, "id_str": "258407401634533376", "text": "@SincerelyAmanda I don't know. I'm old enough to remember when he signed the assault weapons ban in Mass. Romney also supported Brady Bill.", "truncated": false, "entities": {"hashtags": [], "symbols": [], "user_mentions": [{"screen_name": "SincerelyAmanda", "name": "Amanda Read Sheik", "id": 15832775, "id_str": "15832775", "indices": [0, 16]}], "urls": []}, "source": "<a href=\"http://twitter.com\" rel=\"nofollow\">Twitter Web Client</a>", "in_reply_to_status_id": 258406063483805696, "in_reply_to_status_id_str": "258406063483805696", "in_reply_to_user_id": 15832775, "in_reply_to_user_id_str": "15832775", "in_reply_to_screen_name": "SincerelyAmanda", "user": {"id": 89216493, "id_str": "89216493", "name": "Ray Nothstine", "screen_name": "RayNothstine", "location": "North Carolina", "description": "Writer & Editor @NCCivitas. History, Theology, Roots music. Ole Miss & Asbury Seminary Alum. Continually working towards turning truth into story.", "url": null, "entities": {"description": {"urls": []}}, "protected": false, "followers_count": 1355, "friends_count": 938, "listed_count": 27, "created_at": "Wed Nov 11 16:04:15 +0000 2009", "favourites_count": 54126, "utc_offset": null, "time_zone": null, "geo_enabled": true, "verified": false, "statuses_count": 22380, "lang": null, "contributors_enabled": false, "is_translator": false, "is_translation_enabled": false, "profile_background_color": "EBEBEB", "profile_background_image_url": "http://abs.twimg.com/images/themes/theme1/bg.png", "profile_background_image_url_https": "https://abs.twimg.com/images/themes/theme1/bg.png", "profile_background_tile": false, "profile_image_url": "http://pbs.twimg.com/profile_images/626912999119327232/xvS-2w-L_normal.jpg", "profile_image_url_https": "https://pbs.twimg.com/profile_images/626912999119327232/xvS-2w-L_normal.jpg", "profile_banner_url": "https://pbs.twimg.com/profile_banners/89216493/1548038674", "profile_link_color": "990000", "profile_sidebar_border_color": "DFDFDF", "profile_sidebar_fill_color": "F3F3F3", "profile_text_color": "333333", "profile_use_background_image": true, "has_extended_profile": false, "default_profile": false, "default_profile_image": false, "following": false, "follow_request_sent": false, "notifications": false, "translator_type": "none"}, "geo": null, "coordinates": null, "place": null, "contributors": null, "is_quote_status": false, "retweet_count": 0, "favorite_count": 0, "favorited": false, "retweeted": false, "lang": "en"}