{"created_at": "Wed Oct 24 14:31:42 +0000 2012", "id": 261112738456162304, "id_str": "261112738456162304", "text": "EWI: EWI Leader: Haifa AlKaylani - EWI board member Haifa Al-Kaylani, founder and chairman of the Arab... http://t.co/Kaesvoxv", "truncated": false, "entities": {"hashtags": [], "symbols": [], "user_mentions": [], "urls": [{"url": "http://t.co/Kaesvoxv", "expanded_url": "http://wp.me/p2AOqK-177", "display_url": "wp.me/p2AOqK-177", "indices": [106, 126]}]}, "source": "<a href=\"http://publicize.wp.com/\" rel=\"nofollow\">WordPress.com</a>", "in_reply_to_status_id": null, "in_reply_to_status_id_str": null, "in_reply_to_user_id": null, "in_reply_to_user_id_str": null, "in_reply_to_screen_name": null, "user": {"id": 392636701, "id_str": "392636701", "name": "Bruce K. Anderson", "screen_name": "BruceKAnderson", "location": "Washington, DC area", "description": "Army retiree and federal employee interested in national security. Posting does not = agreement. Opinions my own, not necessarily my employer's.", "url": "http://t.co/93HBXKOS7Q", "entities": {"url": {"urls": [{"url": "http://t.co/93HBXKOS7Q", "expanded_url": "http://www.brucekanderson.com", "display_url": "brucekanderson.com", "indices": [0, 22]}]}, "description": {"urls": []}}, "protected": false, "followers_count": 1529, "friends_count": 1673, "listed_count": 34, "created_at": "Mon Oct 17 10:40:58 +0000 2011", "favourites_count": 112, "utc_offset": null, "time_zone": null, "geo_enabled": false, "verified": false, "statuses_count": 67922, "lang": null, "contributors_enabled": false, "is_translator": false, "is_translation_enabled": false, "profile_background_color": "0A0A0A", "profile_background_image_url": "http://abs.twimg.com/images/themes/theme1/bg.png", "profile_background_image_url_https": "https://abs.twimg.com/images/themes/theme1/bg.png", "profile_background_tile": false, "profile_image_url": "http://pbs.twimg.com/profile_images/1835858754/profile_close_normal.jpg", "profile_image_url_https": "https://pbs.twimg.com/profile_images/1835858754/profile_close_normal.jpg", "profile_link_color": "385B7D", "profile_sidebar_border_color": "FFFFFF", "profile_sidebar_fill_color": "DDEEF6", "profile_text_color": "333333", "profile_use_background_image": true, "has_extended_profile": false, "default_profile": false, "default_profile_image": false, "following": false, "follow_request_sent": false, "notifications": false, "translator_type": "none"}, "geo": null, "coordinates": null, "place": null, "contributors": null, "is_quote_status": false, "retweet_count": 0, "favorite_count": 0, "favorited": false, "retweeted": false, "possibly_sensitive": false, "lang": "cy"}