{"created_at": "Wed Oct 24 23:11:29 +0000 2012", "id": 261243545132875777, "id_str": "261243545132875777", "text": "Obama's new glossy brochure, AFTER debate cause he hadn't prep'd to defend it?  Is this why the $15m campaign loan from Bank of America?", "truncated": false, "entities": {"hashtags": [], "symbols": [], "user_mentions": [], "urls": []}, "source": "<a href=\"http://twitter.com/download/android\" rel=\"nofollow\">Twitter for Android</a>", "in_reply_to_status_id": null, "in_reply_to_status_id_str": null, "in_reply_to_user_id": null, "in_reply_to_user_id_str": null, "in_reply_to_screen_name": null, "user": {"id": 403468694, "id_str": "403468694", "name": "Annoyin Conservative", "screen_name": "_saveUSA", "location": "United States", "description": "Does this count as annoying? \ud83e\udd14", "url": null, "entities": {"description": {"urls": []}}, "protected": false, "followers_count": 1436, "friends_count": 1790, "listed_count": 18, "created_at": "Wed Nov 02 14:58:44 +0000 2011", "favourites_count": 18231, "utc_offset": null, "time_zone": null, "geo_enabled": false, "verified": false, "statuses_count": 30492, "lang": null, "contributors_enabled": false, "is_translator": false, "is_translation_enabled": false, "profile_background_color": "022330", "profile_background_image_url": "http://abs.twimg.com/images/themes/theme15/bg.png", "profile_background_image_url_https": "https://abs.twimg.com/images/themes/theme15/bg.png", "profile_background_tile": false, "profile_image_url": "http://pbs.twimg.com/profile_images/3372669899/f31c9896f9bbfde21b30e203f30aea4e_normal.jpeg", "profile_image_url_https": "https://pbs.twimg.com/profile_images/3372669899/f31c9896f9bbfde21b30e203f30aea4e_normal.jpeg", "profile_banner_url": "https://pbs.twimg.com/profile_banners/403468694/1485014693", "profile_link_color": "0084B4", "profile_sidebar_border_color": "A8C7F7", "profile_sidebar_fill_color": "C0DFEC", "profile_text_color": "333333", "profile_use_background_image": true, "has_extended_profile": false, "default_profile": false, "default_profile_image": false, "following": false, "follow_request_sent": false, "notifications": false, "translator_type": "none"}, "geo": null, "coordinates": null, "place": null, "contributors": null, "is_quote_status": false, "retweet_count": 1, "favorite_count": 0, "favorited": false, "retweeted": false, "lang": "en"}