{"created_at": "Thu Oct 25 16:08:34 +0000 2012", "id": 261499504124112896, "id_str": "261499504124112896", "text": "Press Release: Zion Oil and Gas, Inc. Names New Interim CEO, John Brown, the founder and Chairman of the Board.... http://t.co/dsC27Gh1", "truncated": false, "entities": {"hashtags": [], "symbols": [], "user_mentions": [], "urls": [{"url": "http://t.co/dsC27Gh1", "expanded_url": "http://fb.me/1EvA7b4F9", "display_url": "fb.me/1EvA7b4F9", "indices": [115, 135]}]}, "source": "<a href=\"http://www.facebook.com/twitter\" rel=\"nofollow\">Facebook</a>", "in_reply_to_status_id": null, "in_reply_to_status_id_str": null, "in_reply_to_user_id": null, "in_reply_to_user_id_str": null, "in_reply_to_screen_name": null, "user": {"id": 13950832, "id_str": "13950832", "name": "Zion Oil & Gas, Inc.", "screen_name": "zionoil", "location": "Caesarea, Israel & Dallas, TX", "description": "Zion Oil & Gas, Inc. NASDAQ: ZN #israel #oil #gas #zionoil", "url": "http://t.co/1tsPvKxbx9", "entities": {"url": {"urls": [{"url": "http://t.co/1tsPvKxbx9", "expanded_url": "http://www.zionoil.com", "display_url": "zionoil.com", "indices": [0, 22]}]}, "description": {"urls": []}}, "protected": false, "followers_count": 3825, "friends_count": 75, "listed_count": 88, "created_at": "Mon Feb 25 17:42:05 +0000 2008", "favourites_count": 132, "utc_offset": null, "time_zone": null, "geo_enabled": true, "verified": false, "statuses_count": 4179, "lang": null, "contributors_enabled": false, "is_translator": false, "is_translation_enabled": false, "profile_background_color": "0D0E12", "profile_background_image_url": "http://abs.twimg.com/images/themes/theme1/bg.png", "profile_background_image_url_https": "https://abs.twimg.com/images/themes/theme1/bg.png", "profile_background_tile": false, "profile_image_url": "http://pbs.twimg.com/profile_images/3222088323/71781aa6ec88887ad82425932f2a3b59_normal.png", "profile_image_url_https": "https://pbs.twimg.com/profile_images/3222088323/71781aa6ec88887ad82425932f2a3b59_normal.png", "profile_banner_url": "https://pbs.twimg.com/profile_banners/13950832/1388440044", "profile_link_color": "0084B4", "profile_sidebar_border_color": "BDDCAD", "profile_sidebar_fill_color": "DDFFCC", "profile_text_color": "333333", "profile_use_background_image": true, "has_extended_profile": false, "default_profile": false, "default_profile_image": false, "following": false, "follow_request_sent": false, "notifications": false, "translator_type": "none"}, "geo": null, "coordinates": null, "place": null, "contributors": null, "is_quote_status": false, "retweet_count": 1, "favorite_count": 0, "favorited": false, "retweeted": false, "possibly_sensitive": false, "lang": "en"}