{"created_at": "Wed Oct 31 02:45:00 +0000 2012", "id": 263471606989475840, "id_str": "263471606989475840", "text": "Awesome Performance!!! Apostolic Church Of God Chicago Ron Phillips and Choir sing My Mind Is M...: http://t.co/63qo3XsY via @youtube", "truncated": false, "entities": {"hashtags": [], "symbols": [], "user_mentions": [{"screen_name": "YouTube", "name": "YouTube", "id": 10228272, "id_str": "10228272", "indices": [125, 133]}], "urls": [{"url": "http://t.co/63qo3XsY", "expanded_url": "http://youtu.be/68HWgWIHZ2c", "display_url": "youtu.be/68HWgWIHZ2c", "indices": [100, 120]}]}, "source": "<a href=\"https://dev.twitter.com/docs/tfw\" rel=\"nofollow\">Twitter for Websites</a>", "in_reply_to_status_id": null, "in_reply_to_status_id_str": null, "in_reply_to_user_id": null, "in_reply_to_user_id_str": null, "in_reply_to_screen_name": null, "user": {"id": 38196575, "id_str": "38196575", "name": "Educatedblksista", "screen_name": "Educatedsista2", "location": "Chicago, IL", "description": "I'm fun, outgoing, funny, spontaneous and working on my PHd in Education. I am a proud mother of two daughters whom I love very much.", "url": "https://t.co/dFXkqtYWoY", "entities": {"url": {"urls": [{"url": "https://t.co/dFXkqtYWoY", "expanded_url": "http://www.facebook.com/#!/Educatedblksista", "display_url": "facebook.com/#!/Educatedblk\u2026", "indices": [0, 23]}]}, "description": {"urls": []}}, "protected": false, "followers_count": 384, "friends_count": 1627, "listed_count": 0, "created_at": "Wed May 06 15:09:25 +0000 2009", "favourites_count": 327, "utc_offset": null, "time_zone": null, "geo_enabled": false, "verified": false, "statuses_count": 1255, "lang": null, "contributors_enabled": false, "is_translator": false, "is_translation_enabled": false, "profile_background_color": "F011A9", "profile_background_image_url": "http://abs.twimg.com/images/themes/theme1/bg.png", "profile_background_image_url_https": "https://abs.twimg.com/images/themes/theme1/bg.png", "profile_background_tile": true, "profile_image_url": "http://pbs.twimg.com/profile_images/978251853996740608/mAjZIvt-_normal.jpg", "profile_image_url_https": "https://pbs.twimg.com/profile_images/978251853996740608/mAjZIvt-_normal.jpg", "profile_banner_url": "https://pbs.twimg.com/profile_banners/38196575/1522068393", "profile_link_color": "3A1DAD", "profile_sidebar_border_color": "FFFFFF", "profile_sidebar_fill_color": "C613D6", "profile_text_color": "040F33", "profile_use_background_image": true, "has_extended_profile": true, "default_profile": false, "default_profile_image": false, "following": false, "follow_request_sent": false, "notifications": false, "translator_type": "none"}, "geo": null, "coordinates": null, "place": null, "contributors": null, "is_quote_status": false, "retweet_count": 0, "favorite_count": 0, "favorited": false, "retweeted": false, "possibly_sensitive": false, "lang": "en"}