{"created_at": "Sun Jan 13 18:28:39 +0000 2013", "id": 290525786522390529, "id_str": "290525786522390529", "text": "ASEA Management - Team      \n\nVerdis Norton - Founder and Chairman of the Board\nTyler Norton - Founder and Chief Executive Officer", "truncated": false, "entities": {"hashtags": [], "symbols": [], "user_mentions": [], "urls": []}, "source": "<a href=\"http://twitter.com\" rel=\"nofollow\">Twitter Web Client</a>", "in_reply_to_status_id": null, "in_reply_to_status_id_str": null, "in_reply_to_user_id": null, "in_reply_to_user_id_str": null, "in_reply_to_screen_name": null, "user": {"id": 298737646, "id_str": "298737646", "name": "Csilla Schromm", "screen_name": "CsillaSchromm", "location": "67547 Worms", "description": "Networker Thomas Schromm", "url": "http://t.co/wpIkzVPeKu", "entities": {"url": {"urls": [{"url": "http://t.co/wpIkzVPeKu", "expanded_url": "http://7minutelift.net", "display_url": "7minutelift.net", "indices": [0, 22]}]}, "description": {"urls": []}}, "protected": false, "followers_count": 1751, "friends_count": 2317, "listed_count": 6, "created_at": "Sat May 14 21:02:43 +0000 2011", "favourites_count": 0, "utc_offset": null, "time_zone": null, "geo_enabled": true, "verified": false, "statuses_count": 5762, "lang": null, "contributors_enabled": false, "is_translator": false, "is_translation_enabled": false, "profile_background_color": "131516", "profile_background_image_url": "http://abs.twimg.com/images/themes/theme14/bg.gif", "profile_background_image_url_https": "https://abs.twimg.com/images/themes/theme14/bg.gif", "profile_background_tile": true, "profile_image_url": "http://pbs.twimg.com/profile_images/1818002536/abw21100_6734_normal.jpg", "profile_image_url_https": "https://pbs.twimg.com/profile_images/1818002536/abw21100_6734_normal.jpg", "profile_link_color": "009999", "profile_sidebar_border_color": "EEEEEE", "profile_sidebar_fill_color": "EFEFEF", "profile_text_color": "333333", "profile_use_background_image": true, "has_extended_profile": false, "default_profile": false, "default_profile_image": false, "following": false, "follow_request_sent": false, "notifications": false, "translator_type": "regular"}, "geo": null, "coordinates": null, "place": null, "contributors": null, "is_quote_status": false, "retweet_count": 0, "favorite_count": 0, "favorited": false, "retweeted": false, "lang": "en"}