{"created_at": "Wed Jan 30 20:20:11 +0000 2013", "id": 296714446661894144, "id_str": "296714446661894144", "text": "New post: ZAP Affirms Dr. Priscilla Lu as Chairman of the Board and the Appointment of Wang Huai Yi, Founder of Jonway http://t.co/HAA1CGLH", "truncated": false, "entities": {"hashtags": [], "symbols": [], "user_mentions": [], "urls": [{"url": "http://t.co/HAA1CGLH", "expanded_url": "http://www.nationalnewsnow.com/zap-affirms-dr-priscilla-lu-as-chairman-of-the-board-and-the-appointment-of-wang-huai-yi-founder-of-jonway-group-to-replace-alex-wang-who-resigned-as-director-of-zap-board/", "display_url": "nationalnewsnow.com/zap-affirms-dr\u2026", "indices": [119, 139]}]}, "source": "<a href=\"http://www.nationalnewsnow.com\" rel=\"nofollow\">National News 247 Tweets</a>", "in_reply_to_status_id": null, "in_reply_to_status_id_str": null, "in_reply_to_user_id": null, "in_reply_to_user_id_str": null, "in_reply_to_screen_name": null, "user": {"id": 870021000, "id_str": "870021000", "name": "National News Now", "screen_name": "NationalNews247", "location": "", "description": "Follow for immediate updates on everything from breaking news to entertainment news.", "url": "http://t.co/YMOri1lF7R", "entities": {"url": {"urls": [{"url": "http://t.co/YMOri1lF7R", "expanded_url": "http://www.nationalnewsnow.com/", "display_url": "nationalnewsnow.com", "indices": [0, 22]}]}, "description": {"urls": []}}, "protected": false, "followers_count": 519, "friends_count": 56, "listed_count": 28, "created_at": "Tue Oct 09 14:52:33 +0000 2012", "favourites_count": 0, "utc_offset": null, "time_zone": null, "geo_enabled": false, "verified": false, "statuses_count": 193906, "lang": null, "contributors_enabled": false, "is_translator": false, "is_translation_enabled": false, "profile_background_color": "2865DE", "profile_background_image_url": "http://abs.twimg.com/images/themes/theme1/bg.png", "profile_background_image_url_https": "https://abs.twimg.com/images/themes/theme1/bg.png", "profile_background_tile": false, "profile_image_url": "http://pbs.twimg.com/profile_images/2702095800/ba91ab7550872e09e70e6ac52a379a90_normal.png", "profile_image_url_https": "https://pbs.twimg.com/profile_images/2702095800/ba91ab7550872e09e70e6ac52a379a90_normal.png", "profile_link_color": "0084B4", "profile_sidebar_border_color": "FFFFFF", "profile_sidebar_fill_color": "DDEEF6", "profile_text_color": "333333", "profile_use_background_image": false, "has_extended_profile": false, "default_profile": false, "default_profile_image": false, "following": false, "follow_request_sent": false, "notifications": false, "translator_type": "none"}, "geo": null, "coordinates": null, "place": null, "contributors": null, "is_quote_status": false, "retweet_count": 0, "favorite_count": 0, "favorited": false, "retweeted": false, "possibly_sensitive": false, "lang": "en"}