{"created_at": "Sun Mar 10 22:04:15 +0000 2013", "id": 310873763170357250, "id_str": "310873763170357250", "text": "Help us defeat Barack Obama's radical, leftist agenda.  Support our new radio ad campaign to elect Conservative... http://t.co/1KpwxvoHcs", "truncated": false, "entities": {"hashtags": [], "symbols": [], "user_mentions": [], "urls": [{"url": "http://t.co/1KpwxvoHcs", "expanded_url": "http://fb.me/DL2RsaOP", "display_url": "fb.me/DL2RsaOP", "indices": [115, 137]}]}, "source": "<a href=\"http://www.facebook.com/twitter\" rel=\"nofollow\">Facebook</a>", "in_reply_to_status_id": null, "in_reply_to_status_id_str": null, "in_reply_to_user_id": null, "in_reply_to_user_id_str": null, "in_reply_to_screen_name": null, "user": {"id": 224704470, "id_str": "224704470", "name": "Conservative Cmte.", "screen_name": "ConservativeCCC", "location": "USA", "description": "Grassroots PAC promoting principle & supporting outstanding conservative candidates. On Facebook at https://t.co/2VjT0lpDGv", "url": "http://t.co/3gIpobr3oN", "entities": {"url": {"urls": [{"url": "http://t.co/3gIpobr3oN", "expanded_url": "http://www.ConservativeCampaign.org", "display_url": "ConservativeCampaign.org", "indices": [0, 22]}]}, "description": {"urls": [{"url": "https://t.co/2VjT0lpDGv", "expanded_url": "http://www.facebook.com/ConservativeCampaignCommittee", "display_url": "facebook.com/ConservativeCa\u2026", "indices": [100, 123]}]}}, "protected": false, "followers_count": 14386, "friends_count": 12080, "listed_count": 223, "created_at": "Thu Dec 09 17:21:07 +0000 2010", "favourites_count": 381, "utc_offset": null, "time_zone": null, "geo_enabled": false, "verified": false, "statuses_count": 13485, "lang": null, "contributors_enabled": false, "is_translator": false, "is_translation_enabled": false, "profile_background_color": "CCC7CF", "profile_background_image_url": "http://abs.twimg.com/images/themes/theme1/bg.png", "profile_background_image_url_https": "https://abs.twimg.com/images/themes/theme1/bg.png", "profile_background_tile": true, "profile_image_url": "http://pbs.twimg.com/profile_images/3698431724/43dbcda3da527ce746bd74c151955009_normal.jpeg", "profile_image_url_https": "https://pbs.twimg.com/profile_images/3698431724/43dbcda3da527ce746bd74c151955009_normal.jpeg", "profile_banner_url": "https://pbs.twimg.com/profile_banners/224704470/1472420959", "profile_link_color": "332D33", "profile_sidebar_border_color": "FFFFFF", "profile_sidebar_fill_color": "9B98AD", "profile_text_color": "0057B3", "profile_use_background_image": true, "has_extended_profile": false, "default_profile": false, "default_profile_image": false, "following": false, "follow_request_sent": false, "notifications": false, "translator_type": "none"}, "geo": null, "coordinates": null, "place": null, "contributors": null, "is_quote_status": false, "retweet_count": 2, "favorite_count": 1, "favorited": false, "retweeted": false, "possibly_sensitive": false, "lang": "en"}