{"created_at": "Sat Apr 27 02:01:23 +0000 2013", "id": 327965667389227008, "id_str": "327965667389227008", "text": "Live Broadcast | Apostolic Church of God Chicago | Internet Campus Media Portal http://t.co/m38rH5uCfS #wibiya", "truncated": false, "entities": {"hashtags": [{"text": "wibiya", "indices": [103, 110]}], "symbols": [], "user_mentions": [], "urls": [{"url": "http://t.co/m38rH5uCfS", "expanded_url": "http://acogportal.publishpath.com/#ref=Wibiya_bar2", "display_url": "acogportal.publishpath.com/#ref=Wibiya_ba\u2026", "indices": [80, 102]}]}, "source": "<a href=\"https://dev.twitter.com/docs/tfw\" rel=\"nofollow\">Twitter for Websites</a>", "in_reply_to_status_id": null, "in_reply_to_status_id_str": null, "in_reply_to_user_id": null, "in_reply_to_user_id_str": null, "in_reply_to_screen_name": null, "user": {"id": 474482854, "id_str": "474482854", "name": "Angela Mosley", "screen_name": "gabbynanyamka", "location": "", "description": "", "url": null, "entities": {"description": {"urls": []}}, "protected": false, "followers_count": 26, "friends_count": 86, "listed_count": 0, "created_at": "Thu Jan 26 01:32:09 +0000 2012", "favourites_count": 795, "utc_offset": null, "time_zone": null, "geo_enabled": true, "verified": false, "statuses_count": 3343, "lang": null, "contributors_enabled": false, "is_translator": false, "is_translation_enabled": false, "profile_background_color": "C0DEED", "profile_background_image_url": "http://abs.twimg.com/images/themes/theme1/bg.png", "profile_background_image_url_https": "https://abs.twimg.com/images/themes/theme1/bg.png", "profile_background_tile": false, "profile_image_url": "http://pbs.twimg.com/profile_images/2903477483/73cd7588d700a86a328369dca8c907e0_normal.jpeg", "profile_image_url_https": "https://pbs.twimg.com/profile_images/2903477483/73cd7588d700a86a328369dca8c907e0_normal.jpeg", "profile_banner_url": "https://pbs.twimg.com/profile_banners/474482854/1354043464", "profile_link_color": "1DA1F2", "profile_sidebar_border_color": "C0DEED", "profile_sidebar_fill_color": "DDEEF6", "profile_text_color": "333333", "profile_use_background_image": true, "has_extended_profile": false, "default_profile": true, "default_profile_image": false, "following": false, "follow_request_sent": false, "notifications": false, "translator_type": "none"}, "geo": null, "coordinates": null, "place": null, "contributors": null, "is_quote_status": false, "retweet_count": 0, "favorite_count": 0, "favorited": false, "retweeted": false, "possibly_sensitive": false, "lang": "en"}