{"created_at": "Tue Apr 30 22:19:06 +0000 2013", "id": 329359281205944320, "id_str": "329359281205944320", "text": "Ken Evoy\nFounder and Chairman of the Board\n\nKen Evoy is the Founder of SiteSell Inc. and the creator of SBI!, a... http://t.co/TQvLFdAfb6", "truncated": false, "entities": {"hashtags": [], "symbols": [], "user_mentions": [], "urls": [{"url": "http://t.co/TQvLFdAfb6", "expanded_url": "http://fb.me/CoLF7YnY", "display_url": "fb.me/CoLF7YnY", "indices": [115, 137]}]}, "source": "<a href=\"http://www.facebook.com/twitter\" rel=\"nofollow\">Facebook</a>", "in_reply_to_status_id": null, "in_reply_to_status_id_str": null, "in_reply_to_user_id": null, "in_reply_to_user_id_str": null, "in_reply_to_screen_name": null, "user": {"id": 24595511, "id_str": "24595511", "name": "~(Rub\u00e9n Nila P\u00e9rez)~", "screen_name": "rubennilap", "location": "Ciudad de M\u00e9xico", "description": "CEO Chicuelini Group E-business Success, shares his passion. #SiteBuildIt #SoloBuildIt #socialmedia #solopreneurs #passion #Ebusiness  https://t.co/vY2XjjnuuH", "url": null, "entities": {"description": {"urls": [{"url": "https://t.co/vY2XjjnuuH", "expanded_url": "http://goo.gl/2ZDtFb", "display_url": "goo.gl/2ZDtFb", "indices": [135, 158]}]}}, "protected": false, "followers_count": 534, "friends_count": 2260, "listed_count": 59, "created_at": "Sun Mar 15 22:07:35 +0000 2009", "favourites_count": 1882, "utc_offset": null, "time_zone": null, "geo_enabled": true, "verified": false, "statuses_count": 37256, "lang": null, "contributors_enabled": false, "is_translator": false, "is_translation_enabled": false, "profile_background_color": "131516", "profile_background_image_url": "http://abs.twimg.com/images/themes/theme14/bg.gif", "profile_background_image_url_https": "https://abs.twimg.com/images/themes/theme14/bg.gif", "profile_background_tile": false, "profile_image_url": "http://pbs.twimg.com/profile_images/1133946070541774848/J28tUpvA_normal.jpg", "profile_image_url_https": "https://pbs.twimg.com/profile_images/1133946070541774848/J28tUpvA_normal.jpg", "profile_banner_url": "https://pbs.twimg.com/profile_banners/24595511/1400117463", "profile_link_color": "FA743E", "profile_sidebar_border_color": "000000", "profile_sidebar_fill_color": "000000", "profile_text_color": "000000", "profile_use_background_image": true, "has_extended_profile": true, "default_profile": false, "default_profile_image": false, "following": false, "follow_request_sent": false, "notifications": false, "translator_type": "none"}, "geo": null, "coordinates": null, "place": null, "contributors": null, "is_quote_status": false, "retweet_count": 0, "favorite_count": 0, "favorited": false, "retweeted": false, "possibly_sensitive": false, "lang": "en"}