{"created_at": "Mon Aug 17 14:40:41 +0000 2009", "id": 3362348996, "id_str": "3362348996", "text": "New York: Interactive Intelligence Founder, CEO and Chairman of the Board, Dr. Don Brown to Deliver Keynote Address at  http://bit.ly/Wu3XP", "truncated": false, "entities": {"hashtags": [], "symbols": [], "user_mentions": [], "urls": []}, "source": "<a href=\"http://twitter.com\" rel=\"nofollow\">Twitter Web Client</a>", "in_reply_to_status_id": null, "in_reply_to_status_id_str": null, "in_reply_to_user_id": null, "in_reply_to_user_id_str": null, "in_reply_to_screen_name": null, "user": {"id": 53932318, "id_str": "53932318", "name": "New York Now", "screen_name": "NewYorkCP", "location": "New York", "description": "Breaking news and weather updates from New York.", "url": "https://t.co/cO3WpWNduA", "entities": {"url": {"urls": [{"url": "https://t.co/cO3WpWNduA", "expanded_url": "http://toplocalnow.com/us/new-york-city", "display_url": "toplocalnow.com/us/new-york-ci\u2026", "indices": [0, 23]}]}, "description": {"urls": []}}, "protected": false, "followers_count": 5790, "friends_count": 53, "listed_count": 233, "created_at": "Sun Jul 05 15:32:59 +0000 2009", "favourites_count": 5, "utc_offset": null, "time_zone": null, "geo_enabled": true, "verified": false, "statuses_count": 398647, "lang": null, "contributors_enabled": false, "is_translator": false, "is_translation_enabled": false, "profile_background_color": "FFFFFF", "profile_background_image_url": "http://abs.twimg.com/images/themes/theme1/bg.png", "profile_background_image_url_https": "https://abs.twimg.com/images/themes/theme1/bg.png", "profile_background_tile": false, "profile_image_url": "http://pbs.twimg.com/profile_images/706509092563582976/6Ddv10NL_normal.jpg", "profile_image_url_https": "https://pbs.twimg.com/profile_images/706509092563582976/6Ddv10NL_normal.jpg", "profile_banner_url": "https://pbs.twimg.com/profile_banners/53932318/1457279840", "profile_link_color": "465AA5", "profile_sidebar_border_color": "FFFFFF", "profile_sidebar_fill_color": "FFFFFF", "profile_text_color": "2A2C31", "profile_use_background_image": false, "has_extended_profile": false, "default_profile": false, "default_profile_image": false, "following": false, "follow_request_sent": false, "notifications": false, "translator_type": "none"}, "geo": null, "coordinates": null, "place": null, "contributors": null, "is_quote_status": false, "retweet_count": 0, "favorite_count": 0, "favorited": false, "retweeted": false, "lang": "en"}