{"created_at": "Tue Jun 25 21:10:15 +0000 2013", "id": 349635675076837376, "id_str": "349635675076837376", "text": "Verdis Norton, ASEA Founder and Chairman of the Board:\n\n\"When you put your heart and soul into sharing a product... http://t.co/BIPsKGaOFD", "truncated": false, "entities": {"hashtags": [], "symbols": [], "user_mentions": [], "urls": [{"url": "http://t.co/BIPsKGaOFD", "expanded_url": "http://fb.me/Mq4j2C7z", "display_url": "fb.me/Mq4j2C7z", "indices": [116, 138]}]}, "source": "<a href=\"http://www.facebook.com/twitter\" rel=\"nofollow\">Facebook</a>", "in_reply_to_status_id": null, "in_reply_to_status_id_str": null, "in_reply_to_user_id": null, "in_reply_to_user_id_str": null, "in_reply_to_screen_name": null, "user": {"id": 1052125070, "id_str": "1052125070", "name": "Lena Franz\u00e9n", "screen_name": "lenafranzen1", "location": "\u00c4ngelholm Sweden", "description": "ASEA Platinum Executive Indpendent Distributer. Home Based Business Owner. What else is possible?", "url": "http://t.co/1K6n91Mj5W", "entities": {"url": {"urls": [{"url": "http://t.co/1K6n91Mj5W", "expanded_url": "http://lenafranzen.teamasea.com", "display_url": "lenafranzen.teamasea.com", "indices": [0, 22]}]}, "description": {"urls": []}}, "protected": false, "followers_count": 111, "friends_count": 90, "listed_count": 6, "created_at": "Tue Jan 01 08:14:26 +0000 2013", "favourites_count": 2593, "utc_offset": null, "time_zone": null, "geo_enabled": true, "verified": false, "statuses_count": 33034, "lang": null, "contributors_enabled": false, "is_translator": false, "is_translation_enabled": false, "profile_background_color": "C0DEED", "profile_background_image_url": "http://abs.twimg.com/images/themes/theme1/bg.png", "profile_background_image_url_https": "https://abs.twimg.com/images/themes/theme1/bg.png", "profile_background_tile": false, "profile_image_url": "http://pbs.twimg.com/profile_images/483211586815791104/I5qm9kXo_normal.jpeg", "profile_image_url_https": "https://pbs.twimg.com/profile_images/483211586815791104/I5qm9kXo_normal.jpeg", "profile_banner_url": "https://pbs.twimg.com/profile_banners/1052125070/1585045925", "profile_link_color": "1DA1F2", "profile_sidebar_border_color": "C0DEED", "profile_sidebar_fill_color": "DDEEF6", "profile_text_color": "333333", "profile_use_background_image": true, "has_extended_profile": false, "default_profile": true, "default_profile_image": false, "following": false, "follow_request_sent": false, "notifications": false, "translator_type": "none"}, "geo": null, "coordinates": null, "place": null, "contributors": null, "is_quote_status": false, "retweet_count": 0, "favorite_count": 0, "favorited": false, "retweeted": false, "possibly_sensitive": true, "lang": "en"}