{"created_at": "Wed Oct 23 00:20:58 +0000 2013", "id": 392807825065246720, "id_str": "392807825065246720", "text": "#riverside#insurance The former founder and chairman of the board of The Legacy Network, an insurance brokerag... http://t.co/sQGt3pwW5H", "truncated": false, "entities": {"hashtags": [], "symbols": [], "user_mentions": [], "urls": [{"url": "http://t.co/sQGt3pwW5H", "expanded_url": "http://bit.ly/1a5IwWl", "display_url": "bit.ly/1a5IwWl", "indices": [114, 136]}]}, "source": "<a href=\"http://twitterfeed.com\" rel=\"nofollow\">twitterfeed</a>", "in_reply_to_status_id": null, "in_reply_to_status_id_str": null, "in_reply_to_user_id": null, "in_reply_to_user_id_str": null, "in_reply_to_screen_name": null, "user": {"id": 435972218, "id_str": "435972218", "name": "Pacific Security", "screen_name": "pacsecins", "location": "Riverside, CA", "description": "Pacific Security Insurance is a leading California insurance brokerage providing personal and business insurance products.", "url": "http://t.co/QlXcNYkVhI", "entities": {"url": {"urls": [{"url": "http://t.co/QlXcNYkVhI", "expanded_url": "http://www.pacificsecurityinsurance.com", "display_url": "pacificsecurityinsurance.com", "indices": [0, 22]}]}, "description": {"urls": []}}, "protected": false, "followers_count": 319, "friends_count": 264, "listed_count": 14, "created_at": "Tue Dec 13 16:59:52 +0000 2011", "favourites_count": 0, "utc_offset": null, "time_zone": null, "geo_enabled": false, "verified": false, "statuses_count": 29717, "lang": null, "contributors_enabled": false, "is_translator": false, "is_translation_enabled": false, "profile_background_color": "E3E3E3", "profile_background_image_url": "http://abs.twimg.com/images/themes/theme15/bg.png", "profile_background_image_url_https": "https://abs.twimg.com/images/themes/theme15/bg.png", "profile_background_tile": false, "profile_image_url": "http://pbs.twimg.com/profile_images/2976242819/ecb32b438f547787d8a0f8e0dbb76b3e_normal.png", "profile_image_url_https": "https://pbs.twimg.com/profile_images/2976242819/ecb32b438f547787d8a0f8e0dbb76b3e_normal.png", "profile_banner_url": "https://pbs.twimg.com/profile_banners/435972218/1355525488", "profile_link_color": "0084B4", "profile_sidebar_border_color": "A8C7F7", "profile_sidebar_fill_color": "C0DFEC", "profile_text_color": "333333", "profile_use_background_image": false, "has_extended_profile": false, "default_profile": false, "default_profile_image": false, "following": false, "follow_request_sent": false, "notifications": false, "translator_type": "none"}, "geo": null, "coordinates": null, "place": null, "contributors": null, "is_quote_status": false, "retweet_count": 0, "favorite_count": 0, "favorited": false, "retweeted": false, "possibly_sensitive": false, "lang": "en"}