{"created_at": "Wed Sep 23 21:55:00 +0000 2009", "id": 4326204841, "id_str": "4326204841", "text": "CBO\u2019s Analysis of Premiums Under the Chairman\u2019s Mark of the America\u2019s Healthy Future Act http://bit.ly/14kVbY", "truncated": false, "entities": {"hashtags": [], "symbols": [], "user_mentions": [], "urls": []}, "source": "<a href=\"http://twitter.com\" rel=\"nofollow\">Twitter Web Client</a>", "in_reply_to_status_id": null, "in_reply_to_status_id_str": null, "in_reply_to_user_id": null, "in_reply_to_user_id_str": null, "in_reply_to_screen_name": null, "user": {"id": 18244332, "id_str": "18244332", "name": "Brian Ahier", "screen_name": "ahier", "location": "Personal tweets \u2260 anyone else", "description": "Passionate about healthcare, technology, open data and government 2.0", "url": "http://t.co/t9YnezrKDg", "entities": {"url": {"urls": [{"url": "http://t.co/t9YnezrKDg", "expanded_url": "http://ahier.net/", "display_url": "ahier.net", "indices": [0, 22]}]}, "description": {"urls": []}}, "protected": false, "followers_count": 56512, "friends_count": 6371, "listed_count": 3394, "created_at": "Fri Dec 19 16:03:07 +0000 2008", "favourites_count": 59287, "utc_offset": null, "time_zone": null, "geo_enabled": true, "verified": false, "statuses_count": 63390, "lang": null, "contributors_enabled": false, "is_translator": false, "is_translation_enabled": false, "profile_background_color": "0D090F", "profile_background_image_url": "http://abs.twimg.com/images/themes/theme1/bg.png", "profile_background_image_url_https": "https://abs.twimg.com/images/themes/theme1/bg.png", "profile_background_tile": false, "profile_image_url": "http://pbs.twimg.com/profile_images/807711178000502784/QDWECQ78_normal.jpg", "profile_image_url_https": "https://pbs.twimg.com/profile_images/807711178000502784/QDWECQ78_normal.jpg", "profile_banner_url": "https://pbs.twimg.com/profile_banners/18244332/1503029196", "profile_link_color": "981CEB", "profile_sidebar_border_color": "FFFFFF", "profile_sidebar_fill_color": "42CC89", "profile_text_color": "07030A", "profile_use_background_image": false, "has_extended_profile": false, "default_profile": false, "default_profile_image": false, "following": false, "follow_request_sent": false, "notifications": false, "translator_type": "none"}, "geo": null, "coordinates": null, "place": null, "contributors": null, "is_quote_status": false, "retweet_count": 0, "favorite_count": 0, "favorited": false, "retweeted": false, "lang": "en"}