{"created_at": "Sat Sep 26 00:19:57 +0000 2009", "id": 4381951379, "id_str": "4381951379", "text": "Obituary for Kevork S. Hovnanian, Founder and Chairman of the Board of Hovnanian Enterprises: RED BANK, N.J., S.. http://bit.ly/2wLEf", "truncated": false, "entities": {"hashtags": [], "symbols": [], "user_mentions": [], "urls": []}, "source": "<a href=\"http://twitterfeed.com\" rel=\"nofollow\">twitterfeed</a>", "in_reply_to_status_id": null, "in_reply_to_status_id_str": null, "in_reply_to_user_id": null, "in_reply_to_user_id_str": null, "in_reply_to_screen_name": null, "user": {"id": 64719752, "id_str": "64719752", "name": "PR Newswire Finance", "screen_name": "PRNfinance", "location": "Global", "description": "Cision's Glenn Frates (^gf) and Scott Silvey (^ss) sharing investment news from across the web. Some paid tweets will appear here.", "url": "https://t.co/DrXfAFmUav", "entities": {"url": {"urls": [{"url": "https://t.co/DrXfAFmUav", "expanded_url": "https://www.prnewswire.com/news-releases/news-releases-list/", "display_url": "prnewswire.com/news-releases/\u2026", "indices": [0, 23]}]}, "description": {"urls": []}}, "protected": false, "followers_count": 1607, "friends_count": 129, "listed_count": 76, "created_at": "Tue Aug 11 13:57:45 +0000 2009", "favourites_count": 13, "utc_offset": null, "time_zone": null, "geo_enabled": true, "verified": false, "statuses_count": 42534, "lang": null, "contributors_enabled": false, "is_translator": false, "is_translation_enabled": false, "profile_background_color": "C0DEED", "profile_background_image_url": "http://abs.twimg.com/images/themes/theme1/bg.png", "profile_background_image_url_https": "https://abs.twimg.com/images/themes/theme1/bg.png", "profile_background_tile": true, "profile_image_url": "http://pbs.twimg.com/profile_images/946069241308041216/KStUbaBv_normal.jpg", "profile_image_url_https": "https://pbs.twimg.com/profile_images/946069241308041216/KStUbaBv_normal.jpg", "profile_link_color": "0084B4", "profile_sidebar_border_color": "FFFFFF", "profile_sidebar_fill_color": "DDEEF6", "profile_text_color": "333333", "profile_use_background_image": true, "has_extended_profile": false, "default_profile": false, "default_profile_image": false, "following": false, "follow_request_sent": false, "notifications": false, "translator_type": "none"}, "geo": null, "coordinates": null, "place": null, "contributors": null, "is_quote_status": false, "retweet_count": 0, "favorite_count": 0, "favorited": false, "retweeted": false, "lang": "en"}