{"created_at": "Mon Jun 16 16:26:37 +0000 2014", "id": 478574374715678720, "id_str": "478574374715678720", "text": "StationDigital Appoints Lou Rossi to CEO and Chairman of the Board - Founder Tim Roberts Transitioning to a Product-Focused Role ...", "truncated": false, "entities": {"hashtags": [], "symbols": [], "user_mentions": [], "urls": []}, "source": "<a href=\"https://ifttt.com\" rel=\"nofollow\">IFTTT</a>", "in_reply_to_status_id": null, "in_reply_to_status_id_str": null, "in_reply_to_user_id": null, "in_reply_to_user_id_str": null, "in_reply_to_screen_name": null, "user": {"id": 2303262378, "id_str": "2303262378", "name": "Personal Finance age", "screen_name": "Pfinanc_agent", "location": "", "description": "personal finance, finances, investing, investments, credit, credit cards, saving money, IRAs, budgets, budget, savings, savings account, bargains", "url": "http://t.co/hdG2ked7tX", "entities": {"url": {"urls": [{"url": "http://t.co/hdG2ked7tX", "expanded_url": "http://dragplus.com/browse/personalfinance", "display_url": "dragplus.com/browse/persona\u2026", "indices": [0, 22]}]}, "description": {"urls": []}}, "protected": false, "followers_count": 1132, "friends_count": 1584, "listed_count": 115, "created_at": "Tue Jan 21 15:32:37 +0000 2014", "favourites_count": 0, "utc_offset": null, "time_zone": null, "geo_enabled": false, "verified": false, "statuses_count": 159579, "lang": null, "contributors_enabled": false, "is_translator": false, "is_translation_enabled": false, "profile_background_color": "C0DEED", "profile_background_image_url": "http://abs.twimg.com/images/themes/theme1/bg.png", "profile_background_image_url_https": "https://abs.twimg.com/images/themes/theme1/bg.png", "profile_background_tile": false, "profile_image_url": "http://pbs.twimg.com/profile_images/429627289710497792/rB6XsOCE_normal.jpeg", "profile_image_url_https": "https://pbs.twimg.com/profile_images/429627289710497792/rB6XsOCE_normal.jpeg", "profile_link_color": "1DA1F2", "profile_sidebar_border_color": "C0DEED", "profile_sidebar_fill_color": "DDEEF6", "profile_text_color": "333333", "profile_use_background_image": true, "has_extended_profile": false, "default_profile": true, "default_profile_image": false, "following": false, "follow_request_sent": false, "notifications": false, "translator_type": "none"}, "geo": null, "coordinates": null, "place": null, "contributors": null, "is_quote_status": false, "retweet_count": 0, "favorite_count": 0, "favorited": false, "retweeted": false, "lang": "en"}