{"created_at": "Mon Jul 14 11:11:11 +0000 2014", "id": 488641853739511808, "id_str": "488641853739511808", "text": "The Newsosphere - Perry and Hannity Campaign to Defend America from Immigrant Children http://t.co/AJcIHtEpLd", "truncated": false, "entities": {"hashtags": [], "symbols": [], "user_mentions": [], "urls": [{"url": "http://t.co/AJcIHtEpLd", "expanded_url": "http://buff.ly/1nm73Lo", "display_url": "buff.ly/1nm73Lo", "indices": [87, 109]}]}, "source": "<a href=\"https://buffer.com\" rel=\"nofollow\">Buffer</a>", "in_reply_to_status_id": null, "in_reply_to_status_id_str": null, "in_reply_to_user_id": null, "in_reply_to_user_id_str": null, "in_reply_to_screen_name": null, "user": {"id": 2385785412, "id_str": "2385785412", "name": "HumorFeed.com", "screen_name": "HumorFeed_Com", "location": "", "description": "The web's best independent satire news and humor hub! Dishing it out since 2003!", "url": "http://t.co/RQvne9hhFf", "entities": {"url": {"urls": [{"url": "http://t.co/RQvne9hhFf", "expanded_url": "http://humorfeed.com", "display_url": "humorfeed.com", "indices": [0, 22]}]}, "description": {"urls": []}}, "protected": false, "followers_count": 406, "friends_count": 410, "listed_count": 13, "created_at": "Wed Mar 12 20:41:01 +0000 2014", "favourites_count": 86, "utc_offset": null, "time_zone": null, "geo_enabled": false, "verified": false, "statuses_count": 9804, "lang": null, "contributors_enabled": false, "is_translator": false, "is_translation_enabled": false, "profile_background_color": "C0DEED", "profile_background_image_url": "http://abs.twimg.com/images/themes/theme1/bg.png", "profile_background_image_url_https": "https://abs.twimg.com/images/themes/theme1/bg.png", "profile_background_tile": false, "profile_image_url": "http://pbs.twimg.com/profile_images/601575490755895296/GNJYt5pe_normal.png", "profile_image_url_https": "https://pbs.twimg.com/profile_images/601575490755895296/GNJYt5pe_normal.png", "profile_banner_url": "https://pbs.twimg.com/profile_banners/2385785412/1450027257", "profile_link_color": "369DC2", "profile_sidebar_border_color": "C0DEED", "profile_sidebar_fill_color": "DDEEF6", "profile_text_color": "333333", "profile_use_background_image": true, "has_extended_profile": false, "default_profile": false, "default_profile_image": false, "following": false, "follow_request_sent": false, "notifications": false, "translator_type": "none"}, "geo": null, "coordinates": null, "place": null, "contributors": null, "is_quote_status": false, "retweet_count": 1, "favorite_count": 0, "favorited": false, "retweeted": false, "possibly_sensitive": false, "lang": "en"}