{"created_at": "Fri Apr 01 01:53:06 +0000 2011", "id": 53635970200903680, "id_str": "53635970200903680", "text": "more business associates!!@mitchell_h_f my chief executive @rAmZy0149 chairman of the board and @RuVanica CEO and founder", "truncated": false, "entities": {"hashtags": [], "symbols": [], "user_mentions": [{"screen_name": "Ruvanica", "name": "Divine", "id": 4677041221, "id_str": "4677041221", "indices": [96, 105]}], "urls": []}, "source": "<a href=\"http://www.hootsuite.com\" rel=\"nofollow\">Hootsuite</a>", "in_reply_to_status_id": null, "in_reply_to_status_id_str": null, "in_reply_to_user_id": null, "in_reply_to_user_id_str": null, "in_reply_to_screen_name": null, "user": {"id": 211283590, "id_str": "211283590", "name": "Mitchell Friesen", "screen_name": "Mitchell_H_F", "location": "Brownfield Tx", "description": "Hi my name is Mitchell Friesen I live in Brownfield,TX I love playing disc golf and video games", "url": "http://t.co/5sViVoInrN", "entities": {"url": {"urls": [{"url": "http://t.co/5sViVoInrN", "expanded_url": "http://facebook.com/profile.php?id=100001058807543&m2w", "display_url": "facebook.com/profile.php?id\u2026", "indices": [0, 22]}]}, "description": {"urls": []}}, "protected": false, "followers_count": 11, "friends_count": 142, "listed_count": 0, "created_at": "Tue Nov 02 20:47:15 +0000 2010", "favourites_count": 0, "utc_offset": null, "time_zone": null, "geo_enabled": false, "verified": false, "statuses_count": 57, "lang": null, "contributors_enabled": false, "is_translator": false, "is_translation_enabled": false, "profile_background_color": "C0DEED", "profile_background_image_url": "http://abs.twimg.com/images/themes/theme1/bg.png", "profile_background_image_url_https": "https://abs.twimg.com/images/themes/theme1/bg.png", "profile_background_tile": false, "profile_image_url": "http://pbs.twimg.com/profile_images/1158344214/me_normal.jpg", "profile_image_url_https": "https://pbs.twimg.com/profile_images/1158344214/me_normal.jpg", "profile_link_color": "1DA1F2", "profile_sidebar_border_color": "C0DEED", "profile_sidebar_fill_color": "DDEEF6", "profile_text_color": "333333", "profile_use_background_image": true, "has_extended_profile": false, "default_profile": true, "default_profile_image": false, "following": false, "follow_request_sent": false, "notifications": false, "translator_type": "none"}, "geo": null, "coordinates": null, "place": null, "contributors": null, "is_quote_status": false, "retweet_count": 0, "favorite_count": 0, "favorited": false, "retweeted": false, "lang": "en"}