{"created_at": "Wed Feb 04 06:15:20 +0000 2015", "id": 562856915592806402, "id_str": "562856915592806402", "text": "Mentor in the Room: Augie Grasis, Founder and Chairman of the Board of Handmark http://t.co/Xl86sW2yjW via @alleywatch #startup", "truncated": false, "entities": {"hashtags": [{"text": "startup", "indices": [119, 127]}], "symbols": [], "user_mentions": [{"screen_name": "AlleyWatch", "name": "AlleyWatch", "id": 369334970, "id_str": "369334970", "indices": [107, 118]}], "urls": [{"url": "http://t.co/Xl86sW2yjW", "expanded_url": "http://alleywat.ch/15A1KEz", "display_url": "alleywat.ch/15A1KEz", "indices": [80, 102]}]}, "source": "<a href=\"http://www.hootsuite.com\" rel=\"nofollow\">Hootsuite</a>", "in_reply_to_status_id": null, "in_reply_to_status_id_str": null, "in_reply_to_user_id": null, "in_reply_to_user_id_str": null, "in_reply_to_screen_name": null, "user": {"id": 627845910, "id_str": "627845910", "name": "New York Startup Lab", "screen_name": "NYStartupLab", "location": "New York, New York", "description": "Have an idea but don't know where to start? We can help. Our technical and knowledge based teams will give you the expertise to turn your vision into a reality.", "url": "http://t.co/z97NGBS29l", "entities": {"url": {"urls": [{"url": "http://t.co/z97NGBS29l", "expanded_url": "http://www.nystartuplab.com", "display_url": "nystartuplab.com", "indices": [0, 22]}]}, "description": {"urls": []}}, "protected": false, "followers_count": 7772, "friends_count": 960, "listed_count": 1843, "created_at": "Thu Jul 05 21:47:03 +0000 2012", "favourites_count": 16, "utc_offset": null, "time_zone": null, "geo_enabled": false, "verified": false, "statuses_count": 245469, "lang": null, "contributors_enabled": false, "is_translator": false, "is_translation_enabled": false, "profile_background_color": "C0DEED", "profile_background_image_url": "http://abs.twimg.com/images/themes/theme1/bg.png", "profile_background_image_url_https": "https://abs.twimg.com/images/themes/theme1/bg.png", "profile_background_tile": true, "profile_image_url": "http://pbs.twimg.com/profile_images/573492869597544449/TfyASjMn_normal.png", "profile_image_url_https": "https://pbs.twimg.com/profile_images/573492869597544449/TfyASjMn_normal.png", "profile_link_color": "0084B4", "profile_sidebar_border_color": "C0DEED", "profile_sidebar_fill_color": "DDEEF6", "profile_text_color": "333333", "profile_use_background_image": true, "has_extended_profile": false, "default_profile": false, "default_profile_image": false, "following": false, "follow_request_sent": false, "notifications": false, "translator_type": "none"}, "geo": null, "coordinates": null, "place": null, "contributors": null, "is_quote_status": false, "retweet_count": 0, "favorite_count": 0, "favorited": false, "retweeted": false, "possibly_sensitive": false, "lang": "en"}