{"created_at": "Fri Mar 13 14:37:29 +0000 2015", "id": 576391634725699584, "id_str": "576391634725699584", "text": "Join us for this webinar by Elaine Orler,  the Founder and Chairman of The Talent Board and Founder and President of\u2026https://t.co/ZFKc08Df7j", "truncated": false, "entities": {"hashtags": [], "symbols": [], "user_mentions": [], "urls": [{"url": "https://t.co/ZFKc08Df7j", "expanded_url": "https://lnkd.in/ejzbYrT", "display_url": "lnkd.in/ejzbYrT", "indices": [117, 140]}]}, "source": "<a href=\"http://www.linkedin.com/\" rel=\"nofollow\">LinkedIn</a>", "in_reply_to_status_id": null, "in_reply_to_status_id_str": null, "in_reply_to_user_id": null, "in_reply_to_user_id_str": null, "in_reply_to_screen_name": null, "user": {"id": 95930916, "id_str": "95930916", "name": "susan horn", "screen_name": "sue2horn", "location": "Sandy Hook, CT", "description": "All things Talent Acquisition", "url": "http://t.co/029Vyb6SUs", "entities": {"url": {"urls": [{"url": "http://t.co/029Vyb6SUs", "expanded_url": "http://www.hireright.com", "display_url": "hireright.com", "indices": [0, 22]}]}, "description": {"urls": []}}, "protected": false, "followers_count": 52, "friends_count": 228, "listed_count": 9, "created_at": "Thu Dec 10 16:10:53 +0000 2009", "favourites_count": 77, "utc_offset": null, "time_zone": null, "geo_enabled": false, "verified": false, "statuses_count": 648, "lang": null, "contributors_enabled": false, "is_translator": false, "is_translation_enabled": false, "profile_background_color": "C0DEED", "profile_background_image_url": "http://abs.twimg.com/images/themes/theme1/bg.png", "profile_background_image_url_https": "https://abs.twimg.com/images/themes/theme1/bg.png", "profile_background_tile": false, "profile_image_url": "http://abs.twimg.com/sticky/default_profile_images/default_profile_normal.png", "profile_image_url_https": "https://abs.twimg.com/sticky/default_profile_images/default_profile_normal.png", "profile_link_color": "1DA1F2", "profile_sidebar_border_color": "C0DEED", "profile_sidebar_fill_color": "DDEEF6", "profile_text_color": "333333", "profile_use_background_image": true, "has_extended_profile": false, "default_profile": true, "default_profile_image": true, "following": false, "follow_request_sent": false, "notifications": false, "translator_type": "none"}, "geo": null, "coordinates": null, "place": null, "contributors": null, "is_quote_status": false, "retweet_count": 0, "favorite_count": 0, "favorited": false, "retweeted": false, "possibly_sensitive": false, "lang": "en"}