{"created_at": "Mon Apr 20 15:23:04 +0000 2015", "id": 590173846189252608, "id_str": "590173846189252608", "text": "CHICAGO--Meet me TONIGHT at Apostolic Church of God with Dr. Byron Brazier for the LEGENDARY Bible Conference! http://t.co/gOqZ0kzFB5", "truncated": false, "entities": {"hashtags": [], "symbols": [], "user_mentions": [], "urls": [], "media": [{"id": 590173833245495296, "id_str": "590173833245495296", "indices": [111, 133], "media_url": "http://pbs.twimg.com/media/CDC3-XZUEAAHDxb.jpg", "media_url_https": "https://pbs.twimg.com/media/CDC3-XZUEAAHDxb.jpg", "url": "http://t.co/gOqZ0kzFB5", "display_url": "pic.twitter.com/gOqZ0kzFB5", "expanded_url": "https://twitter.com/edeweysmith/status/590173846189252608/photo/1", "type": "photo", "sizes": {"thumb": {"w": 150, "h": 150, "resize": "crop"}, "medium": {"w": 1024, "h": 731, "resize": "fit"}, "large": {"w": 1024, "h": 731, "resize": "fit"}, "small": {"w": 680, "h": 485, "resize": "fit"}}}]}, "extended_entities": {"media": [{"id": 590173833245495296, "id_str": "590173833245495296", "indices": [111, 133], "media_url": "http://pbs.twimg.com/media/CDC3-XZUEAAHDxb.jpg", "media_url_https": "https://pbs.twimg.com/media/CDC3-XZUEAAHDxb.jpg", "url": "http://t.co/gOqZ0kzFB5", "display_url": "pic.twitter.com/gOqZ0kzFB5", "expanded_url": "https://twitter.com/edeweysmith/status/590173846189252608/photo/1", "type": "photo", "sizes": {"thumb": {"w": 150, "h": 150, "resize": "crop"}, "medium": {"w": 1024, "h": 731, "resize": "fit"}, "large": {"w": 1024, "h": 731, "resize": "fit"}, "small": {"w": 680, "h": 485, "resize": "fit"}}}]}, "source": "<a href=\"http://twitter.com/download/iphone\" rel=\"nofollow\">Twitter for iPhone</a>", "in_reply_to_status_id": null, "in_reply_to_status_id_str": null, "in_reply_to_user_id": null, "in_reply_to_user_id_str": null, "in_reply_to_screen_name": null, "user": {"id": 193395018, "id_str": "193395018", "name": "E. Dewey Smith", "screen_name": "edeweysmith", "location": "", "description": "Community Leader, Media & Music Producer, Lover of People & Laughter", "url": "https://t.co/64eGAQNm74", "entities": {"url": {"urls": [{"url": "https://t.co/64eGAQNm74", "expanded_url": "http://www.edeweysmith.org", "display_url": "edeweysmith.org", "indices": [0, 23]}]}, "description": {"urls": []}}, "protected": false, "followers_count": 123656, "friends_count": 7961, "listed_count": 412, "created_at": "Tue Sep 21 18:24:17 +0000 2010", "favourites_count": 66314, "utc_offset": null, "time_zone": null, "geo_enabled": false, "verified": false, "statuses_count": 127640, "lang": null, "contributors_enabled": false, "is_translator": false, "is_translation_enabled": false, "profile_background_color": "C0DEED", "profile_background_image_url": "http://abs.twimg.com/images/themes/theme1/bg.png", "profile_background_image_url_https": "https://abs.twimg.com/images/themes/theme1/bg.png", "profile_background_tile": false, "profile_image_url": "http://pbs.twimg.com/profile_images/1272024520715616256/eP35650X_normal.jpg", "profile_image_url_https": "https://pbs.twimg.com/profile_images/1272024520715616256/eP35650X_normal.jpg", "profile_link_color": "0084B4", "profile_sidebar_border_color": "FFFFFF", "profile_sidebar_fill_color": "DDEEF6", "profile_text_color": "333333", "profile_use_background_image": true, "has_extended_profile": false, "default_profile": false, "default_profile_image": false, "following": false, "follow_request_sent": false, "notifications": false, "translator_type": "none"}, "geo": null, "coordinates": null, "place": null, "contributors": null, "is_quote_status": false, "retweet_count": 6, "favorite_count": 1, "favorited": false, "retweeted": false, "possibly_sensitive": false, "lang": "en"}