{"created_at": "Wed Apr 22 01:06:50 +0000 2015", "id": 590683143289577474, "id_str": "590683143289577474", "text": "Withholding Nothing Conference (@ Apostolic Church of God in Chicago, IL) https://t.co/3CtoCnC7Vu", "truncated": false, "entities": {"hashtags": [], "symbols": [], "user_mentions": [], "urls": [{"url": "https://t.co/3CtoCnC7Vu", "expanded_url": "https://www.swarmapp.com/c/lDO2zLDolHP", "display_url": "swarmapp.com/c/lDO2zLDolHP", "indices": [74, 97]}]}, "source": "<a href=\"http://foursquare.com\" rel=\"nofollow\">Foursquare</a>", "in_reply_to_status_id": null, "in_reply_to_status_id_str": null, "in_reply_to_user_id": null, "in_reply_to_user_id_str": null, "in_reply_to_screen_name": null, "user": {"id": 108142050, "id_str": "108142050", "name": "Justice\u2019s Mother", "screen_name": "oyagotmecovered", "location": "Chicago and New York City", "description": "Taking life one day at a time. Every moment is a learning opportunity if you allow it to be.\ud83e\udd1f\ud83c\udfffPronouns: she/her/they", "url": null, "entities": {"description": {"urls": []}}, "protected": false, "followers_count": 479, "friends_count": 3816, "listed_count": 10, "created_at": "Mon Jan 25 00:27:06 +0000 2010", "favourites_count": 7774, "utc_offset": null, "time_zone": null, "geo_enabled": true, "verified": false, "statuses_count": 26643, "lang": null, "contributors_enabled": false, "is_translator": false, "is_translation_enabled": false, "profile_background_color": "642D8B", "profile_background_image_url": "http://abs.twimg.com/images/themes/theme18/bg.gif", "profile_background_image_url_https": "https://abs.twimg.com/images/themes/theme18/bg.gif", "profile_background_tile": true, "profile_image_url": "http://pbs.twimg.com/profile_images/1253078295278759936/VFmUl53J_normal.jpg", "profile_image_url_https": "https://pbs.twimg.com/profile_images/1253078295278759936/VFmUl53J_normal.jpg", "profile_banner_url": "https://pbs.twimg.com/profile_banners/108142050/1550107370", "profile_link_color": "E81C4F", "profile_sidebar_border_color": "D3D2CF", "profile_sidebar_fill_color": "E3E2DE", "profile_text_color": "634047", "profile_use_background_image": true, "has_extended_profile": true, "default_profile": false, "default_profile_image": false, "following": false, "follow_request_sent": false, "notifications": false, "translator_type": "none"}, "geo": {"type": "Point", "coordinates": [41.78003291, -87.591784]}, "coordinates": {"type": "Point", "coordinates": [-87.591784, 41.78003291]}, "place": {"id": "1d9a5370a355ab0c", "url": "https://api.twitter.com/1.1/geo/id/1d9a5370a355ab0c.json", "place_type": "city", "name": "Chicago", "full_name": "Chicago, IL", "country_code": "US", "country": "United States", "contained_within": [], "bounding_box": {"type": "Polygon", "coordinates": [[[-87.940033, 41.644102], [-87.523993, 41.644102], [-87.523993, 42.0230669], [-87.940033, 42.0230669]]]}, "attributes": {}}, "contributors": null, "is_quote_status": false, "retweet_count": 0, "favorite_count": 0, "favorited": false, "retweeted": false, "possibly_sensitive": false, "lang": "en"}