{"created_at": "Sun May 31 10:25:08 +0000 2015", "id": 604956771057303552, "id_str": "604956771057303552", "text": "Mentor in the Room: Augie Grasis, Founder and Chairman of the Board of Handmark http://t.co/t0isOET8AI via @alleywatch #TechCity", "truncated": false, "entities": {"hashtags": [{"text": "TechCity", "indices": [119, 128]}], "symbols": [], "user_mentions": [{"screen_name": "AlleyWatch", "name": "AlleyWatch", "id": 369334970, "id_str": "369334970", "indices": [107, 118]}], "urls": [{"url": "http://t.co/t0isOET8AI", "expanded_url": "http://alleywat.ch/15A1KEz", "display_url": "alleywat.ch/15A1KEz", "indices": [80, 102]}]}, "source": "<a href=\"http://www.hootsuite.com\" rel=\"nofollow\">Hootsuite</a>", "in_reply_to_status_id": null, "in_reply_to_status_id_str": null, "in_reply_to_user_id": null, "in_reply_to_user_id_str": null, "in_reply_to_screen_name": null, "user": {"id": 2422836344, "id_str": "2422836344", "name": "London TechWatch", "screen_name": "LondonTechWatch", "location": "London, England", "description": "London TechWatch is a news, culture and technology property dedicated to the creation and fostering of startups and related organizations in London #LondonTech", "url": "https://t.co/2smJKxrQWx", "entities": {"url": {"urls": [{"url": "https://t.co/2smJKxrQWx", "expanded_url": "https://www.londontechwatch.com", "display_url": "londontechwatch.com", "indices": [0, 23]}]}, "description": {"urls": []}}, "protected": false, "followers_count": 335, "friends_count": 188, "listed_count": 148, "created_at": "Wed Apr 02 00:00:12 +0000 2014", "favourites_count": 80, "utc_offset": null, "time_zone": null, "geo_enabled": false, "verified": false, "statuses_count": 16580, "lang": null, "contributors_enabled": false, "is_translator": false, "is_translation_enabled": false, "profile_background_color": "131516", "profile_background_image_url": "http://abs.twimg.com/images/themes/theme14/bg.gif", "profile_background_image_url_https": "https://abs.twimg.com/images/themes/theme14/bg.gif", "profile_background_tile": true, "profile_image_url": "http://pbs.twimg.com/profile_images/935279704508129280/cSyoTQoB_normal.jpg", "profile_image_url_https": "https://pbs.twimg.com/profile_images/935279704508129280/cSyoTQoB_normal.jpg", "profile_banner_url": "https://pbs.twimg.com/profile_banners/2422836344/1511823790", "profile_link_color": "009999", "profile_sidebar_border_color": "EEEEEE", "profile_sidebar_fill_color": "EFEFEF", "profile_text_color": "333333", "profile_use_background_image": true, "has_extended_profile": false, "default_profile": false, "default_profile_image": false, "following": false, "follow_request_sent": false, "notifications": false, "translator_type": "none"}, "geo": null, "coordinates": null, "place": null, "contributors": null, "is_quote_status": false, "retweet_count": 0, "favorite_count": 0, "favorited": false, "retweeted": false, "possibly_sensitive": false, "lang": "en"}