{"created_at": "Sun Jun 28 09:08:33 +0000 2015", "id": 615084357854720003, "id_str": "615084357854720003", "text": "Yes We Can - Barack Obama Music Video https://t.co/wiwEVLn3f1 via @YouTube", "truncated": false, "entities": {"hashtags": [], "symbols": [], "user_mentions": [{"screen_name": "YouTube", "name": "YouTube", "id": 10228272, "id_str": "10228272", "indices": [66, 74]}], "urls": [{"url": "https://t.co/wiwEVLn3f1", "expanded_url": "https://youtu.be/jjXyqcx-mYY", "display_url": "youtu.be/jjXyqcx-mYY", "indices": [38, 61]}]}, "source": "<a href=\"http://twitter.com\" rel=\"nofollow\">Twitter Web Client</a>", "in_reply_to_status_id": null, "in_reply_to_status_id_str": null, "in_reply_to_user_id": null, "in_reply_to_user_id_str": null, "in_reply_to_screen_name": null, "user": {"id": 26846548, "id_str": "26846548", "name": "Tracey Bryan", "screen_name": "traceybryan9", "location": "South Brisbane, Brisbane", "description": "Aussie lawyer, board member Queensland Council for Civil Liberties, interested in social justice, Australian politics, travel. Views my own.", "url": null, "entities": {"description": {"urls": []}}, "protected": false, "followers_count": 410, "friends_count": 1399, "listed_count": 13, "created_at": "Thu Mar 26 20:47:50 +0000 2009", "favourites_count": 7741, "utc_offset": null, "time_zone": null, "geo_enabled": true, "verified": false, "statuses_count": 5711, "lang": null, "contributors_enabled": false, "is_translator": false, "is_translation_enabled": false, "profile_background_color": "000000", "profile_background_image_url": "http://abs.twimg.com/images/themes/theme9/bg.gif", "profile_background_image_url_https": "https://abs.twimg.com/images/themes/theme9/bg.gif", "profile_background_tile": false, "profile_image_url": "http://pbs.twimg.com/profile_images/1291526661758791681/mQezsn6z_normal.jpg", "profile_image_url_https": "https://pbs.twimg.com/profile_images/1291526661758791681/mQezsn6z_normal.jpg", "profile_banner_url": "https://pbs.twimg.com/profile_banners/26846548/1542257739", "profile_link_color": "E81C4F", "profile_sidebar_border_color": "000000", "profile_sidebar_fill_color": "000000", "profile_text_color": "000000", "profile_use_background_image": false, "has_extended_profile": true, "default_profile": false, "default_profile_image": false, "following": false, "follow_request_sent": false, "notifications": false, "translator_type": "none"}, "geo": null, "coordinates": null, "place": null, "contributors": null, "is_quote_status": false, "retweet_count": 0, "favorite_count": 1, "favorited": false, "retweeted": false, "possibly_sensitive": false, "lang": "en"}