{"created_at": "Fri Jul 17 18:27:38 +0000 2015", "id": 622110427862822912, "id_str": "622110427862822912", "text": "Geez @politico Steve Stepanek, Trump\u2019s New Hampshire co-chairman, who supported Newt Gingrich in 2012 and Rudy Giuliani in 2008 = genius??", "truncated": false, "entities": {"hashtags": [], "symbols": [], "user_mentions": [{"screen_name": "politico", "name": "POLITICO", "id": 9300262, "id_str": "9300262", "indices": [5, 14]}], "urls": []}, "source": "<a href=\"http://twitter.com\" rel=\"nofollow\">Twitter Web Client</a>", "in_reply_to_status_id": 622031823783260160, "in_reply_to_status_id_str": "622031823783260160", "in_reply_to_user_id": 9300262, "in_reply_to_user_id_str": "9300262", "in_reply_to_screen_name": "politico", "user": {"id": 125068970, "id_str": "125068970", "name": "#EqualRights #BlackLivesMatter", "screen_name": "Rick_Geissal", "location": "New Orleans", "description": "Feminist ex-lawyer, ex-SAHM. Reject war, killer drones, empire, racism, sexism. Gay rights are human rights. #RealityBasedCommunity #Science @womenalsoknow", "url": null, "entities": {"description": {"urls": []}}, "protected": false, "followers_count": 1963, "friends_count": 797, "listed_count": 41, "created_at": "Sun Mar 21 15:38:01 +0000 2010", "favourites_count": 60064, "utc_offset": null, "time_zone": null, "geo_enabled": false, "verified": false, "statuses_count": 106679, "lang": null, "contributors_enabled": false, "is_translator": false, "is_translation_enabled": false, "profile_background_color": "C0DEED", "profile_background_image_url": "http://abs.twimg.com/images/themes/theme1/bg.png", "profile_background_image_url_https": "https://abs.twimg.com/images/themes/theme1/bg.png", "profile_background_tile": false, "profile_image_url": "http://pbs.twimg.com/profile_images/1041368070877372416/x2Twfnyt_normal.jpg", "profile_image_url_https": "https://pbs.twimg.com/profile_images/1041368070877372416/x2Twfnyt_normal.jpg", "profile_banner_url": "https://pbs.twimg.com/profile_banners/125068970/1353160758", "profile_link_color": "1DA1F2", "profile_sidebar_border_color": "C0DEED", "profile_sidebar_fill_color": "DDEEF6", "profile_text_color": "333333", "profile_use_background_image": true, "has_extended_profile": false, "default_profile": true, "default_profile_image": false, "following": false, "follow_request_sent": false, "notifications": false, "translator_type": "none"}, "geo": null, "coordinates": null, "place": null, "contributors": null, "is_quote_status": false, "retweet_count": 0, "favorite_count": 0, "favorited": false, "retweeted": false, "lang": "en"}