{"created_at": "Tue Dec 01 06:59:29 +0000 2009", "id": 6228285916, "id_str": "6228285916", "text": "RT @chucktodd The Pakistan angle to the president's new Afghanistan strategy is well laid out today in th... http://bit.ly/82HBKJ #PakPoint", "truncated": false, "entities": {"hashtags": [{"text": "PakPoint", "indices": [130, 139]}], "symbols": [], "user_mentions": [{"screen_name": "chucktodd", "name": "Chuck Todd", "id": 50325797, "id_str": "50325797", "indices": [3, 13]}], "urls": []}, "source": "<a href=\"http://twitterfeed.com\" rel=\"nofollow\">twitterfeed</a>", "in_reply_to_status_id": null, "in_reply_to_status_id_str": null, "in_reply_to_user_id": null, "in_reply_to_user_id_str": null, "in_reply_to_screen_name": null, "user": {"id": 57707436, "id_str": "57707436", "name": "PakBot", "screen_name": "pakbot", "location": "", "description": "", "url": null, "entities": {"description": {"urls": []}}, "protected": false, "followers_count": 655, "friends_count": 0, "listed_count": 23, "created_at": "Fri Jul 17 17:51:27 +0000 2009", "favourites_count": 0, "utc_offset": null, "time_zone": null, "geo_enabled": false, "verified": false, "statuses_count": 40075, "lang": null, "contributors_enabled": false, "is_translator": false, "is_translation_enabled": false, "profile_background_color": "9AE4E8", "profile_background_image_url": "http://abs.twimg.com/images/themes/theme1/bg.png", "profile_background_image_url_https": "https://abs.twimg.com/images/themes/theme1/bg.png", "profile_background_tile": true, "profile_image_url": "http://pbs.twimg.com/profile_images/399802177/pakbot_normal.jpg", "profile_image_url_https": "https://pbs.twimg.com/profile_images/399802177/pakbot_normal.jpg", "profile_link_color": "0084B4", "profile_sidebar_border_color": "BDDCAD", "profile_sidebar_fill_color": "DDFFCC", "profile_text_color": "333333", "profile_use_background_image": true, "has_extended_profile": false, "default_profile": false, "default_profile_image": false, "following": false, "follow_request_sent": false, "notifications": false, "translator_type": "none"}, "geo": null, "coordinates": null, "place": null, "contributors": null, "is_quote_status": false, "retweet_count": 0, "favorite_count": 0, "favorited": false, "retweeted": false, "lang": "en"}