{"created_at": "Mon Aug 17 09:47:51 +0000 2015", "id": 633213642020888576, "id_str": "633213642020888576", "text": "CIA'S FINAL REPORT NO WMD FOUND IN IRAQ&gt;http://t.co/xMHAY3Ngyw \u2026 \u2026 \u2026 \u2026 http://t.co/cdPVS9QjQ9", "truncated": false, "entities": {"hashtags": [], "symbols": [], "user_mentions": [], "urls": [{"url": "http://t.co/xMHAY3Ngyw", "expanded_url": "http://www.nbcnews.com/id/7634313/ns/world_news-mideast_n_africa/t/cias-final-report-no-wmd-found-iraq/#.VdEH4JdIkrM", "display_url": "nbcnews.com/id/7634313/ns/\u2026", "indices": [43, 65]}], "media": [{"id": 633213641085583361, "id_str": "633213641085583361", "indices": [74, 96], "media_url": "http://pbs.twimg.com/media/CMmgc5_WgAEGRMB.jpg", "media_url_https": "https://pbs.twimg.com/media/CMmgc5_WgAEGRMB.jpg", "url": "http://t.co/cdPVS9QjQ9", "display_url": "pic.twitter.com/cdPVS9QjQ9", "expanded_url": "https://twitter.com/Avitusparta/status/633213642020888576/photo/1", "type": "photo", "sizes": {"medium": {"w": 620, "h": 465, "resize": "fit"}, "thumb": {"w": 150, "h": 150, "resize": "crop"}, "large": {"w": 620, "h": 465, "resize": "fit"}, "small": {"w": 620, "h": 465, "resize": "fit"}}}]}, "extended_entities": {"media": [{"id": 633213641085583361, "id_str": "633213641085583361", "indices": [74, 96], "media_url": "http://pbs.twimg.com/media/CMmgc5_WgAEGRMB.jpg", "media_url_https": "https://pbs.twimg.com/media/CMmgc5_WgAEGRMB.jpg", "url": "http://t.co/cdPVS9QjQ9", "display_url": "pic.twitter.com/cdPVS9QjQ9", "expanded_url": "https://twitter.com/Avitusparta/status/633213642020888576/photo/1", "type": "photo", "sizes": {"medium": {"w": 620, "h": 465, "resize": "fit"}, "thumb": {"w": 150, "h": 150, "resize": "crop"}, "large": {"w": 620, "h": 465, "resize": "fit"}, "small": {"w": 620, "h": 465, "resize": "fit"}}}]}, "source": "<a href=\"http://twitter.com\" rel=\"nofollow\">Twitter Web Client</a>", "in_reply_to_status_id": null, "in_reply_to_status_id_str": null, "in_reply_to_user_id": null, "in_reply_to_user_id_str": null, "in_reply_to_screen_name": null, "user": {"id": 421047121, "id_str": "421047121", "name": "Strength and Honor", "screen_name": "Avitusparta", "location": "England, United Kingdom", "description": "Article 10 protects your right to hold your own opinions and to express them freely without government interference.https://t.co/Ex64zwe6Ij", "url": null, "entities": {"description": {"urls": [{"url": "https://t.co/Ex64zwe6Ij", "expanded_url": "https://www.equalityhumanrights.com/en/y-dde", "display_url": "equalityhumanrights.com/en/y-dde", "indices": [116, 139]}]}}, "protected": false, "followers_count": 6392, "friends_count": 3649, "listed_count": 92, "created_at": "Fri Nov 25 12:39:30 +0000 2011", "favourites_count": 56199, "utc_offset": null, "time_zone": null, "geo_enabled": false, "verified": false, "statuses_count": 360678, "lang": null, "contributors_enabled": false, "is_translator": false, "is_translation_enabled": false, "profile_background_color": "131516", "profile_background_image_url": "http://abs.twimg.com/images/themes/theme18/bg.gif", "profile_background_image_url_https": "https://abs.twimg.com/images/themes/theme18/bg.gif", "profile_background_tile": false, "profile_image_url": "http://pbs.twimg.com/profile_images/466290589659430912/h8hN-XYg_normal.jpeg", "profile_image_url_https": "https://pbs.twimg.com/profile_images/466290589659430912/h8hN-XYg_normal.jpeg", "profile_banner_url": "https://pbs.twimg.com/profile_banners/421047121/1434186914", "profile_link_color": "009999", "profile_sidebar_border_color": "FFFFFF", "profile_sidebar_fill_color": "F6F6F6", "profile_text_color": "333333", "profile_use_background_image": true, "has_extended_profile": false, "default_profile": false, "default_profile_image": false, "following": false, "follow_request_sent": false, "notifications": false, "translator_type": "none"}, "geo": null, "coordinates": null, "place": null, "contributors": null, "is_quote_status": false, "retweet_count": 0, "favorite_count": 2, "favorited": false, "retweeted": false, "possibly_sensitive": false, "lang": "en"}