{"created_at": "Sat Sep 26 05:26:37 +0000 2015", "id": 647643414373244928, "id_str": "647643414373244928", "text": "I had a blast with my Ebenezer family (@ Apostolic Church of God in Chicago, IL) https://t.co/remajRAgv9", "truncated": false, "entities": {"hashtags": [], "symbols": [], "user_mentions": [], "urls": [{"url": "https://t.co/remajRAgv9", "expanded_url": "https://www.swarmapp.com/c/eaVN3kx4JtA", "display_url": "swarmapp.com/c/eaVN3kx4JtA", "indices": [81, 104]}]}, "source": "<a href=\"http://foursquare.com\" rel=\"nofollow\">Foursquare</a>", "in_reply_to_status_id": null, "in_reply_to_status_id_str": null, "in_reply_to_user_id": null, "in_reply_to_user_id_str": null, "in_reply_to_screen_name": null, "user": {"id": 216242374, "id_str": "216242374", "name": "Charles Allen", "screen_name": "ChurchAllen", "location": "Chicago, IL", "description": "Church is a poetry name. I've been told that I take the people to church. Chicago born.", "url": "https://t.co/vOCXkem38i", "entities": {"url": {"urls": [{"url": "https://t.co/vOCXkem38i", "expanded_url": "http://theedebonairman.org", "display_url": "theedebonairman.org", "indices": [0, 23]}]}, "description": {"urls": []}}, "protected": false, "followers_count": 1846, "friends_count": 4993, "listed_count": 36, "created_at": "Tue Nov 16 04:19:50 +0000 2010", "favourites_count": 10590, "utc_offset": null, "time_zone": null, "geo_enabled": true, "verified": false, "statuses_count": 48857, "lang": null, "contributors_enabled": false, "is_translator": false, "is_translation_enabled": false, "profile_background_color": "8B542B", "profile_background_image_url": "http://abs.twimg.com/images/themes/theme8/bg.gif", "profile_background_image_url_https": "https://abs.twimg.com/images/themes/theme8/bg.gif", "profile_background_tile": false, "profile_image_url": "http://pbs.twimg.com/profile_images/1163626908594135040/U3V_zigg_normal.jpg", "profile_image_url_https": "https://pbs.twimg.com/profile_images/1163626908594135040/U3V_zigg_normal.jpg", "profile_link_color": "9D582E", "profile_sidebar_border_color": "D9B17E", "profile_sidebar_fill_color": "EADEAA", "profile_text_color": "333333", "profile_use_background_image": true, "has_extended_profile": true, "default_profile": false, "default_profile_image": false, "following": false, "follow_request_sent": false, "notifications": false, "translator_type": "none"}, "geo": {"type": "Point", "coordinates": [41.78003291, -87.591784]}, "coordinates": {"type": "Point", "coordinates": [-87.591784, 41.78003291]}, "place": {"id": "1d9a5370a355ab0c", "url": "https://api.twitter.com/1.1/geo/id/1d9a5370a355ab0c.json", "place_type": "city", "name": "Chicago", "full_name": "Chicago, IL", "country_code": "US", "country": "United States", "contained_within": [], "bounding_box": {"type": "Polygon", "coordinates": [[[-87.940033, 41.644102], [-87.523993, 41.644102], [-87.523993, 42.0230669], [-87.940033, 42.0230669]]]}, "attributes": {}}, "contributors": null, "is_quote_status": false, "retweet_count": 0, "favorite_count": 1, "favorited": false, "retweeted": false, "possibly_sensitive": false, "lang": "en"}