{"created_at": "Thu Oct 22 15:07:09 +0000 2015", "id": 657211596201205761, "id_str": "657211596201205761", "text": "Ich habe ein Video zu einer @YouTube-Playlist hinzugef\u00fcgt: https://t.co/Y5HU1mS8HT Barack Obama Victory Speech: Yes We Can", "truncated": false, "entities": {"hashtags": [], "symbols": [], "user_mentions": [{"screen_name": "YouTube", "name": "YouTube", "id": 10228272, "id_str": "10228272", "indices": [28, 36]}], "urls": [{"url": "https://t.co/Y5HU1mS8HT", "expanded_url": "http://youtu.be/GNtJRPcPCcw?a", "display_url": "youtu.be/GNtJRPcPCcw?a", "indices": [59, 82]}]}, "source": "<a href=\"https://www.google.com/\" rel=\"nofollow\">Google</a>", "in_reply_to_status_id": null, "in_reply_to_status_id_str": null, "in_reply_to_user_id": null, "in_reply_to_user_id_str": null, "in_reply_to_screen_name": null, "user": {"id": 2593221422, "id_str": "2593221422", "name": "Dietmar F\u00fcssel", "screen_name": "DietmarFuessel", "location": "Ried im Innkreis, \u00d6sterreich", "description": "", "url": null, "entities": {"description": {"urls": []}}, "protected": false, "followers_count": 15, "friends_count": 17, "listed_count": 1, "created_at": "Sat Jun 28 15:01:23 +0000 2014", "favourites_count": 6, "utc_offset": null, "time_zone": null, "geo_enabled": false, "verified": false, "statuses_count": 272, "lang": null, "contributors_enabled": false, "is_translator": false, "is_translation_enabled": false, "profile_background_color": "C0DEED", "profile_background_image_url": "http://abs.twimg.com/images/themes/theme1/bg.png", "profile_background_image_url_https": "https://abs.twimg.com/images/themes/theme1/bg.png", "profile_background_tile": false, "profile_image_url": "http://pbs.twimg.com/profile_images/532275068110270464/Vm11Gf-d_normal.jpeg", "profile_image_url_https": "https://pbs.twimg.com/profile_images/532275068110270464/Vm11Gf-d_normal.jpeg", "profile_link_color": "1DA1F2", "profile_sidebar_border_color": "C0DEED", "profile_sidebar_fill_color": "DDEEF6", "profile_text_color": "333333", "profile_use_background_image": true, "has_extended_profile": false, "default_profile": true, "default_profile_image": false, "following": false, "follow_request_sent": false, "notifications": false, "translator_type": "none"}, "geo": null, "coordinates": null, "place": null, "contributors": null, "is_quote_status": false, "retweet_count": 0, "favorite_count": 0, "favorited": false, "retweeted": false, "possibly_sensitive": false, "lang": "de"}