{"created_at": "Mon Dec 07 00:16:33 +0000 2015", "id": 673657310447841280, "id_str": "673657310447841280", "text": "I added a video to a @YouTube playlist https://t.co/RejCCP3YYY Barack Obama's Victory Speech: Yes We Can", "truncated": false, "entities": {"hashtags": [], "symbols": [], "user_mentions": [{"screen_name": "YouTube", "name": "YouTube", "id": 10228272, "id_str": "10228272", "indices": [21, 29]}], "urls": [{"url": "https://t.co/RejCCP3YYY", "expanded_url": "http://youtu.be/hrR4G6Vly7U?a", "display_url": "youtu.be/hrR4G6Vly7U?a", "indices": [39, 62]}]}, "source": "<a href=\"https://www.google.com/\" rel=\"nofollow\">Google</a>", "in_reply_to_status_id": null, "in_reply_to_status_id_str": null, "in_reply_to_user_id": null, "in_reply_to_user_id_str": null, "in_reply_to_screen_name": null, "user": {"id": 1384188000, "id_str": "1384188000", "name": "The World Around Us", "screen_name": "WorldAroundUsYT", "location": "Australia", "description": "Youtube Channel covering Wars, Assassinations, World Leaders, Royal Family's. Individuals from Julius Caesar to Marilyn Monroe, Walt Disney to Donald Trump.", "url": "https://t.co/3jH66HdyaX", "entities": {"url": {"urls": [{"url": "https://t.co/3jH66HdyaX", "expanded_url": "https://www.youtube.com/channel/UCaTSoTEmKgElOEs-REkxB0A", "display_url": "youtube.com/channel/UCaTSo\u2026", "indices": [0, 23]}]}, "description": {"urls": []}}, "protected": false, "followers_count": 47, "friends_count": 381, "listed_count": 0, "created_at": "Sat Apr 27 11:21:26 +0000 2013", "favourites_count": 26, "utc_offset": null, "time_zone": null, "geo_enabled": false, "verified": false, "statuses_count": 1973, "lang": null, "contributors_enabled": false, "is_translator": false, "is_translation_enabled": false, "profile_background_color": "000000", "profile_background_image_url": "http://abs.twimg.com/images/themes/theme1/bg.png", "profile_background_image_url_https": "https://abs.twimg.com/images/themes/theme1/bg.png", "profile_background_tile": false, "profile_image_url": "http://pbs.twimg.com/profile_images/896324524316147712/hqTEsmVI_normal.jpg", "profile_image_url_https": "https://pbs.twimg.com/profile_images/896324524316147712/hqTEsmVI_normal.jpg", "profile_banner_url": "https://pbs.twimg.com/profile_banners/1384188000/1487922170", "profile_link_color": "1B95E0", "profile_sidebar_border_color": "000000", "profile_sidebar_fill_color": "000000", "profile_text_color": "000000", "profile_use_background_image": false, "has_extended_profile": false, "default_profile": false, "default_profile_image": false, "following": false, "follow_request_sent": false, "notifications": false, "translator_type": "none"}, "geo": null, "coordinates": null, "place": null, "contributors": null, "is_quote_status": false, "retweet_count": 0, "favorite_count": 0, "favorited": false, "retweeted": false, "possibly_sensitive": false, "lang": "en"}