{"created_at": "Fri May 13 21:32:14 +0000 2011", "id": 69152997732655104, "id_str": "69152997732655104", "text": "#SarahTownsend Body of Missing New Jersey Teenager Sarah Townsend Found in Pond: http://fxn.ws/leqcop via @addthis", "truncated": false, "entities": {"hashtags": [{"text": "SarahTownsend", "indices": [0, 14]}], "symbols": [], "user_mentions": [{"screen_name": "addthis", "name": "AddThis", "id": 15907720, "id_str": "15907720", "indices": [106, 114]}], "urls": []}, "source": "<a href=\"http://twitter.com\" rel=\"nofollow\">Twitter Web Client</a>", "in_reply_to_status_id": null, "in_reply_to_status_id_str": null, "in_reply_to_user_id": null, "in_reply_to_user_id_str": null, "in_reply_to_screen_name": null, "user": {"id": 41912656, "id_str": "41912656", "name": "Ilene N.", "screen_name": "Ilene2424", "location": "Shreveport, LA", "description": "In search of justice for child victims of crime, missing person & abuse cases. I open every link I post! Caylee murdered 6/16/08, Justice Murdered 7/5/11!", "url": null, "entities": {"description": {"urls": []}}, "protected": false, "followers_count": 1180, "friends_count": 1741, "listed_count": 27, "created_at": "Fri May 22 22:08:44 +0000 2009", "favourites_count": 131, "utc_offset": null, "time_zone": null, "geo_enabled": true, "verified": false, "statuses_count": 34706, "lang": null, "contributors_enabled": false, "is_translator": false, "is_translation_enabled": false, "profile_background_color": "642D8B", "profile_background_image_url": "http://abs.twimg.com/images/themes/theme10/bg.gif", "profile_background_image_url_https": "https://abs.twimg.com/images/themes/theme10/bg.gif", "profile_background_tile": true, "profile_image_url": "http://pbs.twimg.com/profile_images/1617380869/imagejpeg_2_2klkghdf_normal.jpg", "profile_image_url_https": "https://pbs.twimg.com/profile_images/1617380869/imagejpeg_2_2klkghdf_normal.jpg", "profile_link_color": "FF0000", "profile_sidebar_border_color": "65B0DA", "profile_sidebar_fill_color": "7AC3EE", "profile_text_color": "3D1957", "profile_use_background_image": true, "has_extended_profile": false, "default_profile": false, "default_profile_image": false, "following": false, "follow_request_sent": false, "notifications": false, "translator_type": "none"}, "geo": null, "coordinates": null, "place": null, "contributors": null, "is_quote_status": false, "retweet_count": 0, "favorite_count": 0, "favorited": false, "retweeted": false, "lang": "en"}