{"created_at": "Sun Mar 13 19:07:38 +0000 2016", "id": 709093581965959168, "id_str": "709093581965959168", "text": "#TRUTH @ Apostolic Church of God - Chicago https://t.co/63sxvJlWLD", "truncated": false, "entities": {"hashtags": [{"text": "TRUTH", "indices": [0, 6]}], "symbols": [], "user_mentions": [], "urls": [{"url": "https://t.co/63sxvJlWLD", "expanded_url": "https://www.instagram.com/p/BC54SmbChFD/", "display_url": "instagram.com/p/BC54SmbChFD/", "indices": [43, 66]}]}, "source": "<a href=\"http://instagram.com\" rel=\"nofollow\">Instagram</a>", "in_reply_to_status_id": null, "in_reply_to_status_id_str": null, "in_reply_to_user_id": null, "in_reply_to_user_id_str": null, "in_reply_to_screen_name": null, "user": {"id": 128762218, "id_str": "128762218", "name": "#DOPENERD", "screen_name": "TrendTopicsInc", "location": "", "description": "Just a DOPE graphic designer!!!", "url": null, "entities": {"description": {"urls": []}}, "protected": false, "followers_count": 1126, "friends_count": 1880, "listed_count": 11, "created_at": "Fri Apr 02 03:41:26 +0000 2010", "favourites_count": 181, "utc_offset": null, "time_zone": null, "geo_enabled": false, "verified": false, "statuses_count": 11517, "lang": null, "contributors_enabled": false, "is_translator": false, "is_translation_enabled": false, "profile_background_color": "C0DEED", "profile_background_image_url": "http://abs.twimg.com/images/themes/theme1/bg.png", "profile_background_image_url_https": "https://abs.twimg.com/images/themes/theme1/bg.png", "profile_background_tile": true, "profile_image_url": "http://pbs.twimg.com/profile_images/707244038793990144/vp3Uwirh_normal.jpg", "profile_image_url_https": "https://pbs.twimg.com/profile_images/707244038793990144/vp3Uwirh_normal.jpg", "profile_banner_url": "https://pbs.twimg.com/profile_banners/128762218/1457455160", "profile_link_color": "0084B4", "profile_sidebar_border_color": "FFFFFF", "profile_sidebar_fill_color": "DDEEF6", "profile_text_color": "333333", "profile_use_background_image": true, "has_extended_profile": false, "default_profile": false, "default_profile_image": false, "following": false, "follow_request_sent": false, "notifications": false, "translator_type": "none"}, "geo": null, "coordinates": null, "place": null, "contributors": null, "is_quote_status": false, "retweet_count": 0, "favorite_count": 0, "favorited": false, "retweeted": false, "possibly_sensitive": false, "lang": "en"}