{"created_at": "Sun Mar 27 21:25:53 +0000 2016", "id": 714201800837095424, "id_str": "714201800837095424", "text": "Happy Easter From Me &amp; My GBaby\ud83d\udc30 @ Apostolic Church of God - Chicago https://t.co/l79y8yuNas", "truncated": false, "entities": {"hashtags": [], "symbols": [], "user_mentions": [], "urls": [{"url": "https://t.co/l79y8yuNas", "expanded_url": "https://www.instagram.com/p/BDeLPWSkCRnCrU31g8QlAP4RerVBUh1CM00T6o0/", "display_url": "instagram.com/p/BDeLPWSkCRnC\u2026", "indices": [73, 96]}]}, "source": "<a href=\"http://instagram.com\" rel=\"nofollow\">Instagram</a>", "in_reply_to_status_id": null, "in_reply_to_status_id_str": null, "in_reply_to_user_id": null, "in_reply_to_user_id_str": null, "in_reply_to_screen_name": null, "user": {"id": 2481540306, "id_str": "2481540306", "name": "\u2728ChachaNorman\u2728", "screen_name": "No_bite_marks", "location": "#MIKEWORLD", "description": "...My Life Is A Party That Ur Not invited To! #LOSERS! I TAKE NO SOCIAL SITE SERIOUS #DUMMIES ! SHIT IS PURE ENTERTAINMENT!", "url": null, "entities": {"description": {"urls": []}}, "protected": false, "followers_count": 443, "friends_count": 265, "listed_count": 5, "created_at": "Wed May 07 06:46:56 +0000 2014", "favourites_count": 3064, "utc_offset": null, "time_zone": null, "geo_enabled": true, "verified": false, "statuses_count": 83865, "lang": null, "contributors_enabled": false, "is_translator": false, "is_translation_enabled": false, "profile_background_color": "FF6699", "profile_background_image_url": "http://abs.twimg.com/images/themes/theme11/bg.gif", "profile_background_image_url_https": "https://abs.twimg.com/images/themes/theme11/bg.gif", "profile_background_tile": true, "profile_image_url": "http://pbs.twimg.com/profile_images/1187187659292237825/A_NQdyUX_normal.jpg", "profile_image_url_https": "https://pbs.twimg.com/profile_images/1187187659292237825/A_NQdyUX_normal.jpg", "profile_banner_url": "https://pbs.twimg.com/profile_banners/2481540306/1423327202", "profile_link_color": "B40B43", "profile_sidebar_border_color": "FFFFFF", "profile_sidebar_fill_color": "E5507E", "profile_text_color": "362720", "profile_use_background_image": true, "has_extended_profile": true, "default_profile": false, "default_profile_image": false, "following": false, "follow_request_sent": false, "notifications": false, "translator_type": "none"}, "geo": {"type": "Point", "coordinates": [41.77971927, -87.59216567]}, "coordinates": {"type": "Point", "coordinates": [-87.59216567, 41.77971927]}, "place": {"id": "1d9a5370a355ab0c", "url": "https://api.twitter.com/1.1/geo/id/1d9a5370a355ab0c.json", "place_type": "city", "name": "Chicago", "full_name": "Chicago, IL", "country_code": "US", "country": "United States", "contained_within": [], "bounding_box": {"type": "Polygon", "coordinates": [[[-87.940033, 41.644102], [-87.523993, 41.644102], [-87.523993, 42.0230669], [-87.940033, 42.0230669]]]}, "attributes": {}}, "contributors": null, "is_quote_status": false, "retweet_count": 0, "favorite_count": 0, "favorited": false, "retweeted": false, "possibly_sensitive": false, "lang": "en"}