{"created_at": "Tue Dec 29 23:45:35 +0000 2009", "id": 7176259862, "id_str": "7176259862", "text": "@jaraddavis02 I'm at www.ACOG-Chicago.org Apostolic Church of God - Byron T. Brazier Pastor", "truncated": false, "entities": {"hashtags": [], "symbols": [], "user_mentions": [], "urls": []}, "source": "<a href=\"http://twitter.com\" rel=\"nofollow\">Twitter Web Client</a>", "in_reply_to_status_id": 7176142723, "in_reply_to_status_id_str": "7176142723", "in_reply_to_user_id": 36160132, "in_reply_to_user_id_str": "36160132", "in_reply_to_screen_name": "jaydavis101", "user": {"id": 19723283, "id_str": "19723283", "name": "AL Conley", "screen_name": "ALConley", "location": "The Kingdom & Chitown", "description": "Pastor, Teacher, Preacher, Director of the Office of Faith Based Initiatives with Chicago Public Schools, and an Advocate for the LEAST, the LAST, and the LOST.", "url": null, "entities": {"description": {"urls": []}}, "protected": false, "followers_count": 3559, "friends_count": 1251, "listed_count": 72, "created_at": "Thu Jan 29 17:57:08 +0000 2009", "favourites_count": 907, "utc_offset": null, "time_zone": null, "geo_enabled": false, "verified": false, "statuses_count": 77146, "lang": null, "contributors_enabled": false, "is_translator": false, "is_translation_enabled": false, "profile_background_color": "9B6045", "profile_background_image_url": "http://abs.twimg.com/images/themes/theme1/bg.png", "profile_background_image_url_https": "https://abs.twimg.com/images/themes/theme1/bg.png", "profile_background_tile": false, "profile_image_url": "http://pbs.twimg.com/profile_images/896950700487450624/OIYRV28c_normal.jpg", "profile_image_url_https": "https://pbs.twimg.com/profile_images/896950700487450624/OIYRV28c_normal.jpg", "profile_banner_url": "https://pbs.twimg.com/profile_banners/19723283/1502684687", "profile_link_color": "919484", "profile_sidebar_border_color": "919484", "profile_sidebar_fill_color": "6E2808", "profile_text_color": "AAAAAA", "profile_use_background_image": true, "has_extended_profile": false, "default_profile": false, "default_profile_image": false, "following": false, "follow_request_sent": false, "notifications": false, "translator_type": "none"}, "geo": null, "coordinates": null, "place": null, "contributors": null, "is_quote_status": false, "retweet_count": 0, "favorite_count": 0, "favorited": false, "retweeted": false, "lang": "en"}