{"created_at": "Tue May 24 16:27:39 +0000 2011", "id": 73062614846029824, "id_str": "73062614846029824", "text": "(YWN) Giuliani Aiming To Take Down Romney In New Hampshire http://bit.ly/lkCzBR", "truncated": false, "entities": {"hashtags": [], "symbols": [], "user_mentions": [], "urls": []}, "source": "<a href=\"http://twitterfeed.com\" rel=\"nofollow\">twitterfeed</a>", "in_reply_to_status_id": null, "in_reply_to_status_id_str": null, "in_reply_to_user_id": null, "in_reply_to_user_id_str": null, "in_reply_to_screen_name": null, "user": {"id": 224080176, "id_str": "224080176", "name": "All VIN & YWN News", "screen_name": "VINfeeds", "location": "Only on VIN & YWN site", "description": "All News From The Vos Iz Neias (VIN)and Yeshiva world News (YWN)Site i dont even skip one single news whats posted on the site! email me at VINfeeds1@gmail.com", "url": "http://t.co/tZMYOtHrBX", "entities": {"url": {"urls": [{"url": "http://t.co/tZMYOtHrBX", "expanded_url": "https://twitter.com/VINfeeds", "display_url": "twitter.com/VINfeeds", "indices": [0, 22]}]}, "description": {"urls": []}}, "protected": false, "followers_count": 119, "friends_count": 4, "listed_count": 2, "created_at": "Wed Dec 08 02:56:30 +0000 2010", "favourites_count": 0, "utc_offset": null, "time_zone": null, "geo_enabled": false, "verified": false, "statuses_count": 33281, "lang": null, "contributors_enabled": false, "is_translator": false, "is_translation_enabled": false, "profile_background_color": "C0DEED", "profile_background_image_url": "http://abs.twimg.com/images/themes/theme1/bg.png", "profile_background_image_url_https": "https://abs.twimg.com/images/themes/theme1/bg.png", "profile_background_tile": true, "profile_image_url": "http://pbs.twimg.com/profile_images/1186168371/RSS_normal.jpg", "profile_image_url_https": "https://pbs.twimg.com/profile_images/1186168371/RSS_normal.jpg", "profile_link_color": "0084B4", "profile_sidebar_border_color": "C0DEED", "profile_sidebar_fill_color": "DDEEF6", "profile_text_color": "333333", "profile_use_background_image": true, "has_extended_profile": false, "default_profile": false, "default_profile_image": false, "following": false, "follow_request_sent": false, "notifications": false, "translator_type": "none"}, "geo": null, "coordinates": null, "place": null, "contributors": null, "is_quote_status": false, "retweet_count": 0, "favorite_count": 0, "favorited": false, "retweeted": false, "lang": "en"}