{"created_at": "Wed May 25 20:57:38 +0000 2011", "id": 73492945189355521, "id_str": "73492945189355521", "text": "Giuliani Aiming to Take Down Romney in New Hampshire http://bit.ly/mhiO4F  Giuliani's running?", "truncated": false, "entities": {"hashtags": [], "symbols": [], "user_mentions": [], "urls": []}, "source": "<a href=\"https://about.twitter.com/products/tweetdeck\" rel=\"nofollow\">TweetDeck</a>", "in_reply_to_status_id": null, "in_reply_to_status_id_str": null, "in_reply_to_user_id": null, "in_reply_to_user_id_str": null, "in_reply_to_screen_name": null, "user": {"id": 60223057, "id_str": "60223057", "name": "Ernie Fowlke", "screen_name": "ERNIEfowlke", "location": "", "description": "Free Enterprise Capitalism and Marketing", "url": null, "entities": {"description": {"urls": []}}, "protected": false, "followers_count": 11133, "friends_count": 12981, "listed_count": 328, "created_at": "Sun Jul 26 03:38:05 +0000 2009", "favourites_count": 8, "utc_offset": null, "time_zone": null, "geo_enabled": false, "verified": false, "statuses_count": 8072, "lang": null, "contributors_enabled": false, "is_translator": false, "is_translation_enabled": false, "profile_background_color": "131516", "profile_background_image_url": "http://abs.twimg.com/images/themes/theme14/bg.gif", "profile_background_image_url_https": "https://abs.twimg.com/images/themes/theme14/bg.gif", "profile_background_tile": true, "profile_image_url": "http://pbs.twimg.com/profile_images/3535266567/739c5e4f98b29af707ead78ff0ef5f8e_normal.jpeg", "profile_image_url_https": "https://pbs.twimg.com/profile_images/3535266567/739c5e4f98b29af707ead78ff0ef5f8e_normal.jpeg", "profile_link_color": "009999", "profile_sidebar_border_color": "EEEEEE", "profile_sidebar_fill_color": "EFEFEF", "profile_text_color": "333333", "profile_use_background_image": true, "has_extended_profile": false, "default_profile": false, "default_profile_image": false, "following": false, "follow_request_sent": false, "notifications": false, "translator_type": "none"}, "geo": null, "coordinates": null, "place": null, "contributors": null, "is_quote_status": false, "retweet_count": 1, "favorite_count": 0, "favorited": false, "retweeted": false, "lang": "en"}