{"created_at": "Wed Jul 27 09:17:05 +0000 2016", "id": 758229711399030785, "id_str": "758229711399030785", "text": "Chicago - Apostolic Church of God Sanctuary Choir: https://t.co/UGxCXItzCS via @YouTube", "truncated": false, "entities": {"hashtags": [], "symbols": [], "user_mentions": [{"screen_name": "YouTube", "name": "YouTube", "id": 10228272, "id_str": "10228272", "indices": [79, 87]}], "urls": [{"url": "https://t.co/UGxCXItzCS", "expanded_url": "http://youtu.be/r6UJ0c3Bcjg?a", "display_url": "youtu.be/r6UJ0c3Bcjg?a", "indices": [51, 74]}]}, "source": "<a href=\"https://www.google.com/\" rel=\"nofollow\">Google</a>", "in_reply_to_status_id": null, "in_reply_to_status_id_str": null, "in_reply_to_user_id": null, "in_reply_to_user_id_str": null, "in_reply_to_screen_name": null, "user": {"id": 77958508, "id_str": "77958508", "name": "Chris Krzentz", "screen_name": "ChrisKrzentz", "location": "Chicago, IL", "description": "YouTube Creator", "url": "https://t.co/z3ie3Kmj2l", "entities": {"url": {"urls": [{"url": "https://t.co/z3ie3Kmj2l", "expanded_url": "https://www.youtube.com/chriskrzentz", "display_url": "youtube.com/chriskrzentz", "indices": [0, 23]}]}, "description": {"urls": []}}, "protected": false, "followers_count": 1112, "friends_count": 4992, "listed_count": 3, "created_at": "Mon Sep 28 08:07:16 +0000 2009", "favourites_count": 93, "utc_offset": null, "time_zone": null, "geo_enabled": false, "verified": false, "statuses_count": 3566, "lang": null, "contributors_enabled": false, "is_translator": false, "is_translation_enabled": false, "profile_background_color": "C0DEED", "profile_background_image_url": "http://abs.twimg.com/images/themes/theme1/bg.png", "profile_background_image_url_https": "https://abs.twimg.com/images/themes/theme1/bg.png", "profile_background_tile": false, "profile_image_url": "http://pbs.twimg.com/profile_images/643047080890515456/UdbbskmL_normal.jpg", "profile_image_url_https": "https://pbs.twimg.com/profile_images/643047080890515456/UdbbskmL_normal.jpg", "profile_banner_url": "https://pbs.twimg.com/profile_banners/77958508/1442149928", "profile_link_color": "1DA1F2", "profile_sidebar_border_color": "C0DEED", "profile_sidebar_fill_color": "DDEEF6", "profile_text_color": "333333", "profile_use_background_image": true, "has_extended_profile": false, "default_profile": true, "default_profile_image": false, "following": false, "follow_request_sent": false, "notifications": false, "translator_type": "none"}, "geo": null, "coordinates": null, "place": null, "contributors": null, "is_quote_status": false, "retweet_count": 1, "favorite_count": 1, "favorited": false, "retweeted": false, "possibly_sensitive": false, "lang": "en"}