{"created_at": "Fri Jun 03 05:47:04 +0000 2011", "id": 76525284341456896, "id_str": "76525284341456896", "text": "Palin, Giuliani steal some Romney thunder in New Hampshire - Los Angeles Times http://t.co/pIUiEYa", "truncated": false, "entities": {"hashtags": [], "symbols": [], "user_mentions": [], "urls": [{"url": "http://t.co/pIUiEYa", "expanded_url": "http://linkee.com/23mGrJ", "display_url": "linkee.com/23mGrJ", "indices": [79, 98]}]}, "source": "<a href=\"http://mobile.twitter.com\" rel=\"nofollow\">Mobile Web</a>", "in_reply_to_status_id": null, "in_reply_to_status_id_str": null, "in_reply_to_user_id": null, "in_reply_to_user_id_str": null, "in_reply_to_screen_name": null, "user": {"id": 116635785, "id_str": "116635785", "name": "Helen Pagan", "screen_name": "PaganH___e", "location": "Dominican Republic", "description": "", "url": null, "entities": {"description": {"urls": []}}, "protected": false, "followers_count": 77, "friends_count": 226, "listed_count": 0, "created_at": "Tue Feb 23 04:16:12 +0000 2010", "favourites_count": 0, "utc_offset": null, "time_zone": null, "geo_enabled": false, "verified": false, "statuses_count": 10993, "lang": null, "contributors_enabled": false, "is_translator": false, "is_translation_enabled": false, "profile_background_color": "1A1B1F", "profile_background_image_url": "http://abs.twimg.com/images/themes/theme9/bg.gif", "profile_background_image_url_https": "https://abs.twimg.com/images/themes/theme9/bg.gif", "profile_background_tile": false, "profile_image_url": "http://pbs.twimg.com/profile_images/1763758450/ja1021_normal.gif", "profile_image_url_https": "https://pbs.twimg.com/profile_images/1763758450/ja1021_normal.gif", "profile_link_color": "2FC2EF", "profile_sidebar_border_color": "181A1E", "profile_sidebar_fill_color": "252429", "profile_text_color": "666666", "profile_use_background_image": true, "has_extended_profile": false, "default_profile": false, "default_profile_image": false, "following": false, "follow_request_sent": false, "notifications": false, "translator_type": "none"}, "geo": null, "coordinates": null, "place": null, "contributors": null, "is_quote_status": false, "retweet_count": 0, "favorite_count": 0, "favorited": false, "retweeted": false, "possibly_sensitive": false, "lang": "en"}