{"created_at": "Mon Nov 21 16:46:59 +0000 2016", "id": 800742314599714816, "id_str": "800742314599714816", "text": "scapelliti: RT JeanetteJing: AprilDeming BarackObama Yes, just cut. Five youtube sources, but based on this:\nhttps://t.co/Lbq0PYMVsb", "truncated": false, "entities": {"hashtags": [], "symbols": [], "user_mentions": [], "urls": [{"url": "https://t.co/Lbq0PYMVsb", "expanded_url": "https://youtu.be/cYqH1FrG_Yg", "display_url": "youtu.be/cYqH1FrG_Yg", "indices": [109, 132]}]}, "source": "<a href=\"https://ifttt.com\" rel=\"nofollow\">IFTTT</a>", "in_reply_to_status_id": null, "in_reply_to_status_id_str": null, "in_reply_to_user_id": null, "in_reply_to_user_id_str": null, "in_reply_to_screen_name": null, "user": {"id": 84523588, "id_str": "84523588", "name": "JusticeOutcry", "screen_name": "JusticeOutcry", "location": "The Future, USA", "description": "Let's spread the truth about politics.", "url": null, "entities": {"description": {"urls": []}}, "protected": false, "followers_count": 2102, "friends_count": 2487, "listed_count": 427, "created_at": "Fri Oct 23 06:39:07 +0000 2009", "favourites_count": 504, "utc_offset": null, "time_zone": null, "geo_enabled": false, "verified": false, "statuses_count": 799031, "lang": null, "contributors_enabled": false, "is_translator": false, "is_translation_enabled": false, "profile_background_color": "C3B59B", "profile_background_image_url": "http://abs.twimg.com/images/themes/theme1/bg.png", "profile_background_image_url_https": "https://abs.twimg.com/images/themes/theme1/bg.png", "profile_background_tile": false, "profile_image_url": "http://pbs.twimg.com/profile_images/1191383206001594370/Tp1T7UBi_normal.png", "profile_image_url_https": "https://pbs.twimg.com/profile_images/1191383206001594370/Tp1T7UBi_normal.png", "profile_banner_url": "https://pbs.twimg.com/profile_banners/84523588/1540257295", "profile_link_color": "E81C4F", "profile_sidebar_border_color": "C0DEED", "profile_sidebar_fill_color": "DDEEF6", "profile_text_color": "333333", "profile_use_background_image": true, "has_extended_profile": true, "default_profile": false, "default_profile_image": false, "following": false, "follow_request_sent": false, "notifications": false, "translator_type": "none"}, "geo": null, "coordinates": null, "place": null, "contributors": null, "is_quote_status": false, "retweet_count": 0, "favorite_count": 0, "favorited": false, "retweeted": false, "possibly_sensitive": false, "lang": "en"}