{"created_at": "Wed Dec 28 13:17:45 +0000 2016", "id": 814098010967855105, "id_str": "814098010967855105", "text": "I added a video to a @YouTube playlist https://t.co/lQtWUQX03c SHOCKING Barack Obama Yes Michelle Obama IS A MAN Transgender", "truncated": false, "entities": {"hashtags": [], "symbols": [], "user_mentions": [{"screen_name": "YouTube", "name": "YouTube", "id": 10228272, "id_str": "10228272", "indices": [21, 29]}], "urls": [{"url": "https://t.co/lQtWUQX03c", "expanded_url": "http://youtu.be/4uNGkaIQThM?a", "display_url": "youtu.be/4uNGkaIQThM?a", "indices": [39, 62]}]}, "source": "<a href=\"https://www.google.com/\" rel=\"nofollow\">Google</a>", "in_reply_to_status_id": null, "in_reply_to_status_id_str": null, "in_reply_to_user_id": null, "in_reply_to_user_id_str": null, "in_reply_to_screen_name": null, "user": {"id": 134169208, "id_str": "134169208", "name": "Tuu Wavy", "screen_name": "HK10Bmore", "location": "4th Dimension", "description": "superdad,artist, eastcoast, \ud83c\udf34 \ud83d\udc9c\ud83d\udc9bLakers\ns\ud83d\udd25lar check out my single Barely Legal https://t.co/v1U8sCW0He", "url": null, "entities": {"description": {"urls": [{"url": "https://t.co/v1U8sCW0He", "expanded_url": "http://itunes.apple.com/album/id1528845234?ls=1&app=itunes", "display_url": "itunes.apple.com/album/id152884\u2026", "indices": [78, 101]}]}}, "protected": false, "followers_count": 6342, "friends_count": 5733, "listed_count": 6, "created_at": "Sat Apr 17 16:51:10 +0000 2010", "favourites_count": 31668, "utc_offset": null, "time_zone": null, "geo_enabled": true, "verified": false, "statuses_count": 40083, "lang": null, "contributors_enabled": false, "is_translator": false, "is_translation_enabled": false, "profile_background_color": "C0DEED", "profile_background_image_url": "http://abs.twimg.com/images/themes/theme1/bg.png", "profile_background_image_url_https": "https://abs.twimg.com/images/themes/theme1/bg.png", "profile_background_tile": true, "profile_image_url": "http://pbs.twimg.com/profile_images/1301525208097067008/XFWBEU8N_normal.jpg", "profile_image_url_https": "https://pbs.twimg.com/profile_images/1301525208097067008/XFWBEU8N_normal.jpg", "profile_banner_url": "https://pbs.twimg.com/profile_banners/134169208/1580223252", "profile_link_color": "0084B4", "profile_sidebar_border_color": "C0DEED", "profile_sidebar_fill_color": "DDEEF6", "profile_text_color": "333333", "profile_use_background_image": true, "has_extended_profile": false, "default_profile": false, "default_profile_image": false, "following": false, "follow_request_sent": false, "notifications": false, "translator_type": "none"}, "geo": null, "coordinates": null, "place": null, "contributors": null, "is_quote_status": false, "retweet_count": 0, "favorite_count": 0, "favorited": false, "retweeted": false, "possibly_sensitive": false, "lang": "en"}