{"created_at": "Sun Jan 08 12:04:13 +0000 2017", "id": 818065771712643073, "id_str": "818065771712643073", "text": "@barackobama THANK YOU \nYes We Can: People Share Their Most Memorable Moments from the Obama Pre... https://t.co/6rU4fuOJoX via @YouTube", "truncated": false, "entities": {"hashtags": [], "symbols": [], "user_mentions": [{"screen_name": "BarackObama", "name": "Barack Obama", "id": 813286, "id_str": "813286", "indices": [0, 12]}, {"screen_name": "YouTube", "name": "YouTube", "id": 10228272, "id_str": "10228272", "indices": [128, 136]}], "urls": [{"url": "https://t.co/6rU4fuOJoX", "expanded_url": "https://youtu.be/eDOo3v2ntHI", "display_url": "youtu.be/eDOo3v2ntHI", "indices": [100, 123]}]}, "source": "<a href=\"http://twitter.com\" rel=\"nofollow\">Twitter Web Client</a>", "in_reply_to_status_id": null, "in_reply_to_status_id_str": null, "in_reply_to_user_id": 813286, "in_reply_to_user_id_str": "813286", "in_reply_to_screen_name": "BarackObama", "user": {"id": 16347946, "id_str": "16347946", "name": "Jonathan Karron", "screen_name": "JKarronATL", "location": "iPhone: 33.774490,-84.377930", "description": "Tweeting about news \ud83d\udcf0\ud83d\udcf1 \ud83c\uddfa\ud83c\uddf8 sports \ud83c\udfc8\ud83c\udfbe \ud83c\udfca\u200d\u2642\ufe0f \ud83d\udeb4\ud83c\udffd\u200d\u2642\ufe0f community service \u267b\ufe0f \u262e\ufe0f \ud83c\udff3\ufe0f\u200d\ud83c\udf08 music \ud83c\udfb8\ud83e\udd41 travel \u2708\ufe0f \ud83c\udfd6 & other stuff. Opinions are my own.", "url": null, "entities": {"description": {"urls": []}}, "protected": false, "followers_count": 760, "friends_count": 1088, "listed_count": 38, "created_at": "Thu Sep 18 15:22:06 +0000 2008", "favourites_count": 15889, "utc_offset": null, "time_zone": null, "geo_enabled": true, "verified": false, "statuses_count": 15870, "lang": null, "contributors_enabled": false, "is_translator": false, "is_translation_enabled": false, "profile_background_color": "000000", "profile_background_image_url": "http://abs.twimg.com/images/themes/theme18/bg.gif", "profile_background_image_url_https": "https://abs.twimg.com/images/themes/theme18/bg.gif", "profile_background_tile": false, "profile_image_url": "http://pbs.twimg.com/profile_images/1193228466235355136/crmTAmOI_normal.jpg", "profile_image_url_https": "https://pbs.twimg.com/profile_images/1193228466235355136/crmTAmOI_normal.jpg", "profile_banner_url": "https://pbs.twimg.com/profile_banners/16347946/1600004812", "profile_link_color": "DE0D15", "profile_sidebar_border_color": "000000", "profile_sidebar_fill_color": "191919", "profile_text_color": "6B6B6B", "profile_use_background_image": true, "has_extended_profile": false, "default_profile": false, "default_profile_image": false, "following": false, "follow_request_sent": false, "notifications": false, "translator_type": "none"}, "geo": null, "coordinates": null, "place": null, "contributors": null, "is_quote_status": false, "retweet_count": 0, "favorite_count": 0, "favorited": false, "retweeted": false, "possibly_sensitive": false, "lang": "en"}