{"created_at": "Thu Jan 12 04:49:10 +0000 2017", "id": 819405840553836545, "id_str": "819405840553836545", "text": "Barack Obama says Good-Bye: 'Yes we Did. Yes we Can': https://t.co/eF4j9PCDUT via @YouTube", "truncated": false, "entities": {"hashtags": [], "symbols": [], "user_mentions": [{"screen_name": "YouTube", "name": "YouTube", "id": 10228272, "id_str": "10228272", "indices": [82, 90]}], "urls": [{"url": "https://t.co/eF4j9PCDUT", "expanded_url": "http://youtu.be/qDLHJ2RvtBg?a", "display_url": "youtu.be/qDLHJ2RvtBg?a", "indices": [54, 77]}]}, "source": "<a href=\"https://www.google.com/\" rel=\"nofollow\">Google</a>", "in_reply_to_status_id": null, "in_reply_to_status_id_str": null, "in_reply_to_user_id": null, "in_reply_to_user_id_str": null, "in_reply_to_screen_name": null, "user": {"id": 3088335701, "id_str": "3088335701", "name": "\u0627\u0639\u0648\u0627\u0646 \u0632\u0627\u062f\u06c1", "screen_name": "binabduljabbar", "location": "Khushab, Sargodha Pakistan", "description": "\u200f\u200f\u200f\u200f\u200f\u200f\u0645\u06cc\u06ba \u0633\u06cc\u0627\u0633\u06cc \u06a9\u0627\u0631\u06a9\u0646\u060c \u06a9\u0631\u06a9\u0679 \u0634\u0627\u0626\u0642\u060c \u062e\u0648\u062f \u0633\u0631\u060c \u0627\u0633\u062a\u0639\u0645\u0627\u0631 \u06a9\u0627 \u0645\u062e\u0627\u0644\u0641\u060c  \u0627\u0633\u0644\u0627\u0645\u06cc\u060c \u062e\u0648\u062f \u0645\u062e\u062a\u0627\u0631 \u0627\u0648\u0631 \u067e\u0631\u0627\u0645\u0646 \u067e\u0627\u06a9\u0633\u062a\u0627\u0646 \u06a9\u0627 \u0645\u062a\u0644\u0627\u0634\u06cc\u060c \u0642\u0627\u0626\u062f  \u0627\u0648\u0631 \u0627\u0642\u0628\u0627\u0644 \u06a9\u0627 \u0645\u0631\u06cc\u062f \u06c1\u0648\u06ba.\n\nRTs are NOT endorsemen", "url": "https://t.co/Zd1zAFPPZK", "entities": {"url": {"urls": [{"url": "https://t.co/Zd1zAFPPZK", "expanded_url": "http://www.svsb.com.pk", "display_url": "svsb.com.pk", "indices": [0, 23]}]}, "description": {"urls": []}}, "protected": false, "followers_count": 960, "friends_count": 256, "listed_count": 7, "created_at": "Thu Mar 12 08:48:59 +0000 2015", "favourites_count": 7473, "utc_offset": null, "time_zone": null, "geo_enabled": true, "verified": false, "statuses_count": 19719, "lang": null, "contributors_enabled": false, "is_translator": false, "is_translation_enabled": false, "profile_background_color": "3B94D9", "profile_background_image_url": "http://abs.twimg.com/images/themes/theme4/bg.gif", "profile_background_image_url_https": "https://abs.twimg.com/images/themes/theme4/bg.gif", "profile_background_tile": true, "profile_image_url": "http://pbs.twimg.com/profile_images/981376035148136448/gvtH931I_normal.jpg", "profile_image_url_https": "https://pbs.twimg.com/profile_images/981376035148136448/gvtH931I_normal.jpg", "profile_banner_url": "https://pbs.twimg.com/profile_banners/3088335701/1428392817", "profile_link_color": "9210CC", "profile_sidebar_border_color": "000000", "profile_sidebar_fill_color": "000000", "profile_text_color": "000000", "profile_use_background_image": true, "has_extended_profile": true, "default_profile": false, "default_profile_image": false, "following": false, "follow_request_sent": false, "notifications": false, "translator_type": "none"}, "geo": null, "coordinates": null, "place": null, "contributors": null, "is_quote_status": false, "retweet_count": 0, "favorite_count": 0, "favorited": false, "retweeted": false, "possibly_sensitive": false, "lang": "en"}