{"created_at": "Tue Jan 17 04:07:43 +0000 2017", "id": 821207348962271232, "id_str": "821207348962271232", "text": "Yes We Can #mondaymotivation @BarackObama obama https://t.co/gbe0wLfPy8 via @youtube", "truncated": false, "entities": {"hashtags": [{"text": "mondaymotivation", "indices": [11, 28]}], "symbols": [], "user_mentions": [{"screen_name": "BarackObama", "name": "Barack Obama", "id": 813286, "id_str": "813286", "indices": [29, 41]}, {"screen_name": "YouTube", "name": "YouTube", "id": 10228272, "id_str": "10228272", "indices": [76, 84]}], "urls": [{"url": "https://t.co/gbe0wLfPy8", "expanded_url": "https://www.youtube.com/watch?v=jjXyqcx-mYY&sns=tw", "display_url": "youtube.com/watch?v=jjXyqc\u2026", "indices": [48, 71]}]}, "source": "<a href=\"http://twitter.com/download/iphone\" rel=\"nofollow\">Twitter for iPhone</a>", "in_reply_to_status_id": null, "in_reply_to_status_id_str": null, "in_reply_to_user_id": null, "in_reply_to_user_id_str": null, "in_reply_to_screen_name": null, "user": {"id": 413407657, "id_str": "413407657", "name": "Amy Rovin", "screen_name": "MomRovin", "location": "", "description": "Mother of Wolverines \u303d\ufe0f", "url": null, "entities": {"description": {"urls": []}}, "protected": false, "followers_count": 4184, "friends_count": 3428, "listed_count": 44, "created_at": "Tue Nov 15 21:10:00 +0000 2011", "favourites_count": 733683, "utc_offset": null, "time_zone": null, "geo_enabled": true, "verified": false, "statuses_count": 312034, "lang": null, "contributors_enabled": false, "is_translator": false, "is_translation_enabled": false, "profile_background_color": "642D8B", "profile_background_image_url": "http://abs.twimg.com/images/themes/theme10/bg.gif", "profile_background_image_url_https": "https://abs.twimg.com/images/themes/theme10/bg.gif", "profile_background_tile": true, "profile_image_url": "http://pbs.twimg.com/profile_images/1302324841928851456/yltsFNji_normal.jpg", "profile_image_url_https": "https://pbs.twimg.com/profile_images/1302324841928851456/yltsFNji_normal.jpg", "profile_banner_url": "https://pbs.twimg.com/profile_banners/413407657/1600099311", "profile_link_color": "FF0000", "profile_sidebar_border_color": "65B0DA", "profile_sidebar_fill_color": "7AC3EE", "profile_text_color": "3D1957", "profile_use_background_image": true, "has_extended_profile": false, "default_profile": false, "default_profile_image": false, "following": false, "follow_request_sent": false, "notifications": false, "translator_type": "none"}, "geo": null, "coordinates": null, "place": null, "contributors": null, "is_quote_status": false, "retweet_count": 1, "favorite_count": 1, "favorited": false, "retweeted": false, "possibly_sensitive": false, "lang": "en"}