{"created_at": "Fri Jan 20 23:37:36 +0000 2017", "id": 822588920005328896, "id_str": "822588920005328896", "text": "Yes We Can - Barack Obama Music Video https://t.co/J00ykiPFxb via @YouTube", "truncated": false, "entities": {"hashtags": [], "symbols": [], "user_mentions": [{"screen_name": "YouTube", "name": "YouTube", "id": 10228272, "id_str": "10228272", "indices": [66, 74]}], "urls": [{"url": "https://t.co/J00ykiPFxb", "expanded_url": "https://youtu.be/jjXyqcx-mYY", "display_url": "youtu.be/jjXyqcx-mYY", "indices": [38, 61]}]}, "source": "<a href=\"http://twitter.com\" rel=\"nofollow\">Twitter Web Client</a>", "in_reply_to_status_id": null, "in_reply_to_status_id_str": null, "in_reply_to_user_id": null, "in_reply_to_user_id_str": null, "in_reply_to_screen_name": null, "user": {"id": 57738516, "id_str": "57738516", "name": "Blue Ivy\u2019s Afro", "screen_name": "lexicaaa", "location": "Harlem, NY", "description": "Sugar. Spice. Usually nice. \u2022 Actor/Dancer/Singer @alexia_maree \u2022 Creator & Co-Host of @yougoodsispod \u2022 Howard University alumna", "url": null, "entities": {"description": {"urls": []}}, "protected": false, "followers_count": 1485, "friends_count": 545, "listed_count": 22, "created_at": "Fri Jul 17 19:52:12 +0000 2009", "favourites_count": 2358, "utc_offset": null, "time_zone": null, "geo_enabled": true, "verified": false, "statuses_count": 93849, "lang": null, "contributors_enabled": false, "is_translator": false, "is_translation_enabled": false, "profile_background_color": "DBE9ED", "profile_background_image_url": "http://abs.twimg.com/images/themes/theme1/bg.png", "profile_background_image_url_https": "https://abs.twimg.com/images/themes/theme1/bg.png", "profile_background_tile": true, "profile_image_url": "http://pbs.twimg.com/profile_images/1282126767835303937/j1bx4syc_normal.jpg", "profile_image_url_https": "https://pbs.twimg.com/profile_images/1282126767835303937/j1bx4syc_normal.jpg", "profile_banner_url": "https://pbs.twimg.com/profile_banners/57738516/1588559722", "profile_link_color": "C71585", "profile_sidebar_border_color": "FFFFFF", "profile_sidebar_fill_color": "252429", "profile_text_color": "666666", "profile_use_background_image": true, "has_extended_profile": true, "default_profile": false, "default_profile_image": false, "following": false, "follow_request_sent": false, "notifications": false, "translator_type": "none"}, "geo": null, "coordinates": null, "place": null, "contributors": null, "is_quote_status": false, "retweet_count": 0, "favorite_count": 0, "favorited": false, "retweeted": false, "possibly_sensitive": false, "lang": "en"}