{"created_at": "Wed Feb 08 20:13:20 +0000 2017", "id": 829422886200938496, "id_str": "829422886200938496", "text": "Ho aggiunto un video a una playlist di @YouTube: https://t.co/bEtWoIuGaO Barack Obama,Yes We Can,yes we can", "truncated": false, "entities": {"hashtags": [], "symbols": [], "user_mentions": [{"screen_name": "YouTube", "name": "YouTube", "id": 10228272, "id_str": "10228272", "indices": [39, 47]}], "urls": [{"url": "https://t.co/bEtWoIuGaO", "expanded_url": "http://youtu.be/f-_ieh3LjQk?a", "display_url": "youtu.be/f-_ieh3LjQk?a", "indices": [49, 72]}]}, "source": "<a href=\"https://www.google.com/\" rel=\"nofollow\">Google</a>", "in_reply_to_status_id": null, "in_reply_to_status_id_str": null, "in_reply_to_user_id": null, "in_reply_to_user_id_str": null, "in_reply_to_screen_name": null, "user": {"id": 823200670455107586, "id_str": "823200670455107586", "name": "Di Tutto di Pi\u00f9", "screen_name": "DiTuttoDiPi1", "location": "", "description": "Salve a Tutti Siamo un Gruppo/Community di persone appassionate ed amanti delle scene epiche di Films, Trailers, Discorsi, Interviste,Intrattenimento,Giochi,...", "url": null, "entities": {"description": {"urls": []}}, "protected": false, "followers_count": 122, "friends_count": 737, "listed_count": 0, "created_at": "Sun Jan 22 16:08:28 +0000 2017", "favourites_count": 35, "utc_offset": null, "time_zone": null, "geo_enabled": false, "verified": false, "statuses_count": 288, "lang": null, "contributors_enabled": false, "is_translator": false, "is_translation_enabled": false, "profile_background_color": "F5F8FA", "profile_background_image_url": null, "profile_background_image_url_https": null, "profile_background_tile": false, "profile_image_url": "http://pbs.twimg.com/profile_images/823202236943699968/e1PyB3h__normal.jpg", "profile_image_url_https": "https://pbs.twimg.com/profile_images/823202236943699968/e1PyB3h__normal.jpg", "profile_banner_url": "https://pbs.twimg.com/profile_banners/823200670455107586/1485101765", "profile_link_color": "1DA1F2", "profile_sidebar_border_color": "C0DEED", "profile_sidebar_fill_color": "DDEEF6", "profile_text_color": "333333", "profile_use_background_image": true, "has_extended_profile": false, "default_profile": true, "default_profile_image": false, "following": false, "follow_request_sent": false, "notifications": false, "translator_type": "none"}, "geo": null, "coordinates": null, "place": null, "contributors": null, "is_quote_status": false, "retweet_count": 0, "favorite_count": 0, "favorited": false, "retweeted": false, "possibly_sensitive": false, "lang": "en"}