{"created_at": "Wed Mar 22 01:22:12 +0000 2017", "id": 844358516622200834, "id_str": "844358516622200834", "text": "President Trump's speech at the National Republican Congressional Committee Dinner [3/21] #MAGA #trump https://t.co/fHKYZ5ytGM", "truncated": false, "entities": {"hashtags": [{"text": "MAGA", "indices": [90, 95]}, {"text": "trump", "indices": [96, 102]}], "symbols": [], "user_mentions": [], "urls": [], "media": [{"id": 844358514134990848, "id_str": "844358514134990848", "indices": [103, 126], "media_url": "http://pbs.twimg.com/media/C7fDmFIXwAA_X_l.jpg", "media_url_https": "https://pbs.twimg.com/media/C7fDmFIXwAA_X_l.jpg", "url": "https://t.co/fHKYZ5ytGM", "display_url": "pic.twitter.com/fHKYZ5ytGM", "expanded_url": "https://twitter.com/usa_herald/status/844358516622200834/photo/1", "type": "photo", "sizes": {"thumb": {"w": 150, "h": 150, "resize": "crop"}, "large": {"w": 1024, "h": 576, "resize": "fit"}, "small": {"w": 680, "h": 383, "resize": "fit"}, "medium": {"w": 1024, "h": 576, "resize": "fit"}}}]}, "extended_entities": {"media": [{"id": 844358514134990848, "id_str": "844358514134990848", "indices": [103, 126], "media_url": "http://pbs.twimg.com/media/C7fDmFIXwAA_X_l.jpg", "media_url_https": "https://pbs.twimg.com/media/C7fDmFIXwAA_X_l.jpg", "url": "https://t.co/fHKYZ5ytGM", "display_url": "pic.twitter.com/fHKYZ5ytGM", "expanded_url": "https://twitter.com/usa_herald/status/844358516622200834/photo/1", "type": "photo", "sizes": {"thumb": {"w": 150, "h": 150, "resize": "crop"}, "large": {"w": 1024, "h": 576, "resize": "fit"}, "small": {"w": 680, "h": 383, "resize": "fit"}, "medium": {"w": 1024, "h": 576, "resize": "fit"}}}]}, "source": "<a href=\"https://ifttt.com\" rel=\"nofollow\">IFTTT</a>", "in_reply_to_status_id": null, "in_reply_to_status_id_str": null, "in_reply_to_user_id": null, "in_reply_to_user_id_str": null, "in_reply_to_screen_name": null, "user": {"id": 831589738691833856, "id_str": "831589738691833856", "name": "USA Daily Herald", "screen_name": "usa_herald", "location": "", "description": "Your true source for unbiased news and political commentary", "url": null, "entities": {"description": {"urls": []}}, "protected": false, "followers_count": 737, "friends_count": 636, "listed_count": 5, "created_at": "Tue Feb 14 19:43:38 +0000 2017", "favourites_count": 14605, "utc_offset": null, "time_zone": null, "geo_enabled": false, "verified": false, "statuses_count": 6266, "lang": null, "contributors_enabled": false, "is_translator": false, "is_translation_enabled": false, "profile_background_color": "000000", "profile_background_image_url": "http://abs.twimg.com/images/themes/theme1/bg.png", "profile_background_image_url_https": "https://abs.twimg.com/images/themes/theme1/bg.png", "profile_background_tile": false, "profile_image_url": "http://pbs.twimg.com/profile_images/831723340054294528/2N4EHTxA_normal.jpg", "profile_image_url_https": "https://pbs.twimg.com/profile_images/831723340054294528/2N4EHTxA_normal.jpg", "profile_banner_url": "https://pbs.twimg.com/profile_banners/831589738691833856/1493055511", "profile_link_color": "1B95E0", "profile_sidebar_border_color": "000000", "profile_sidebar_fill_color": "000000", "profile_text_color": "000000", "profile_use_background_image": false, "has_extended_profile": false, "default_profile": false, "default_profile_image": false, "following": false, "follow_request_sent": false, "notifications": false, "translator_type": "none"}, "geo": null, "coordinates": null, "place": null, "contributors": null, "is_quote_status": false, "retweet_count": 0, "favorite_count": 0, "favorited": false, "retweeted": false, "possibly_sensitive": false, "lang": "en"}