{"created_at": "Sun Apr 30 19:27:33 +0000 2017", "id": 858764781582462977, "id_str": "858764781582462977", "text": "@realDonaldTrump State Dems r crafting legislation requiring pres candidates release tax returns,ur health plan dir\u2026 https://t.co/8Ha3Yc68lP", "truncated": true, "entities": {"hashtags": [], "symbols": [], "user_mentions": [{"screen_name": "realDonaldTrump", "name": "Donald J. Trump", "id": 25073877, "id_str": "25073877", "indices": [0, 16]}], "urls": [{"url": "https://t.co/8Ha3Yc68lP", "expanded_url": "https://twitter.com/i/web/status/858764781582462977", "display_url": "twitter.com/i/web/status/8\u2026", "indices": [117, 140]}]}, "source": "<a href=\"http://twitter.com/download/iphone\" rel=\"nofollow\">Twitter for iPhone</a>", "in_reply_to_status_id": 858654431956672512, "in_reply_to_status_id_str": "858654431956672512", "in_reply_to_user_id": 25073877, "in_reply_to_user_id_str": "25073877", "in_reply_to_screen_name": "realDonaldTrump", "user": {"id": 1884678271, "id_str": "1884678271", "name": "Eliezel", "screen_name": "EliezelCarrasco", "location": "Bronx,NY", "description": "#DominicanBorn #NYRaised #USCitizen #ProudExMilitary #BlackLivesMatter #LoverOfMyCountries #LoverOfMyCommunities", "url": null, "entities": {"description": {"urls": []}}, "protected": false, "followers_count": 34, "friends_count": 118, "listed_count": 3, "created_at": "Thu Sep 19 22:58:30 +0000 2013", "favourites_count": 305, "utc_offset": null, "time_zone": null, "geo_enabled": true, "verified": false, "statuses_count": 957, "lang": null, "contributors_enabled": false, "is_translator": false, "is_translation_enabled": false, "profile_background_color": "C0DEED", "profile_background_image_url": "http://abs.twimg.com/images/themes/theme1/bg.png", "profile_background_image_url_https": "https://abs.twimg.com/images/themes/theme1/bg.png", "profile_background_tile": false, "profile_image_url": "http://pbs.twimg.com/profile_images/1268135639217844224/VhLGtSWZ_normal.jpg", "profile_image_url_https": "https://pbs.twimg.com/profile_images/1268135639217844224/VhLGtSWZ_normal.jpg", "profile_banner_url": "https://pbs.twimg.com/profile_banners/1884678271/1591364156", "profile_link_color": "1DA1F2", "profile_sidebar_border_color": "C0DEED", "profile_sidebar_fill_color": "DDEEF6", "profile_text_color": "333333", "profile_use_background_image": true, "has_extended_profile": false, "default_profile": true, "default_profile_image": false, "following": false, "follow_request_sent": false, "notifications": false, "translator_type": "none"}, "geo": null, "coordinates": null, "place": null, "contributors": null, "is_quote_status": false, "retweet_count": 0, "favorite_count": 0, "favorited": false, "retweeted": false, "lang": "en"}