{"created_at": "Wed May 24 15:00:48 +0000 2017", "id": 867394958906585089, "id_str": "867394958906585089", "text": "YES Barack Obama IS The Antichrist! CNN: \u201cObama Is Next Best Thing To Je... https://t.co/FaYnllzd96 via @YouTube", "truncated": false, "entities": {"hashtags": [], "symbols": [], "user_mentions": [{"screen_name": "YouTube", "name": "YouTube", "id": 10228272, "id_str": "10228272", "indices": [104, 112]}], "urls": [{"url": "https://t.co/FaYnllzd96", "expanded_url": "https://youtu.be/NZx9diwmycA", "display_url": "youtu.be/NZx9diwmycA", "indices": [76, 99]}]}, "source": "<a href=\"http://twitter.com\" rel=\"nofollow\">Twitter Web Client</a>", "in_reply_to_status_id": null, "in_reply_to_status_id_str": null, "in_reply_to_user_id": null, "in_reply_to_user_id_str": null, "in_reply_to_screen_name": null, "user": {"id": 228134082, "id_str": "228134082", "name": "Joseph", "screen_name": "joeyyeo13", "location": "Missouri/Colorado", "description": "One can merely exist or choose to live - I choose to live ! https://t.co/2DWLgINsRI\u2026 Independent Crude Oil Strategist &  Experienced Snow Skier \ud83d\ude00", "url": null, "entities": {"description": {"urls": [{"url": "https://t.co/2DWLgINsRI", "expanded_url": "http://youtube.com/watch?v=F95dqX", "display_url": "youtube.com/watch?v=F95dqX", "indices": [60, 83]}]}}, "protected": false, "followers_count": 11394, "friends_count": 12504, "listed_count": 211, "created_at": "Sat Dec 18 20:38:31 +0000 2010", "favourites_count": 45139, "utc_offset": null, "time_zone": null, "geo_enabled": false, "verified": false, "statuses_count": 483496, "lang": null, "contributors_enabled": false, "is_translator": false, "is_translation_enabled": false, "profile_background_color": "000000", "profile_background_image_url": "http://abs.twimg.com/images/themes/theme1/bg.png", "profile_background_image_url_https": "https://abs.twimg.com/images/themes/theme1/bg.png", "profile_background_tile": false, "profile_image_url": "http://pbs.twimg.com/profile_images/1295184963005042689/qO617GOT_normal.jpg", "profile_image_url_https": "https://pbs.twimg.com/profile_images/1295184963005042689/qO617GOT_normal.jpg", "profile_banner_url": "https://pbs.twimg.com/profile_banners/228134082/1517893763", "profile_link_color": "1B95E0", "profile_sidebar_border_color": "000000", "profile_sidebar_fill_color": "000000", "profile_text_color": "000000", "profile_use_background_image": false, "has_extended_profile": true, "default_profile": false, "default_profile_image": false, "following": false, "follow_request_sent": false, "notifications": false, "translator_type": "none"}, "geo": null, "coordinates": null, "place": null, "contributors": null, "is_quote_status": false, "retweet_count": 0, "favorite_count": 1, "favorited": false, "retweeted": false, "possibly_sensitive": false, "lang": "en"}