{"created_at": "Fri Jun 23 16:27:32 +0000 2017", "id": 878288423345418240, "id_str": "878288423345418240", "text": "Senate Releases Discussion Draft of Health Care Reform Legislation https://t.co/wpdGgecDdv", "truncated": false, "entities": {"hashtags": [], "symbols": [], "user_mentions": [], "urls": [{"url": "https://t.co/wpdGgecDdv", "expanded_url": "http://dnmrs.co/r10821", "display_url": "dnmrs.co/r10821", "indices": [67, 90]}]}, "source": "<a href=\"http://twitter.com\" rel=\"nofollow\">Twitter Web Client</a>", "in_reply_to_status_id": null, "in_reply_to_status_id_str": null, "in_reply_to_user_id": null, "in_reply_to_user_id_str": null, "in_reply_to_screen_name": null, "user": {"id": 1538941374, "id_str": "1538941374", "name": "Michael Cohen", "screen_name": "cohen_HR_Law", "location": "Philadelphia, PA", "description": "Dad of 2 badass daughters. Husband 2 strongest human ever. Employment lawyer/Speaker/Softball Coach/Philly sports fanatic. He/Him/His https://t.co/HalkiQGzkO", "url": "https://t.co/bpjlpd32oC", "entities": {"url": {"urls": [{"url": "https://t.co/bpjlpd32oC", "expanded_url": "http://www.duanemorris.com/attorneys/michaelscohen.html", "display_url": "duanemorris.com/attorneys/mich\u2026", "indices": [0, 23]}]}, "description": {"urls": [{"url": "https://t.co/HalkiQGzkO", "expanded_url": "http://tinyurl.com/okz6mrk", "display_url": "tinyurl.com/okz6mrk", "indices": [134, 157]}]}}, "protected": false, "followers_count": 899, "friends_count": 198, "listed_count": 66, "created_at": "Sat Jun 22 15:40:54 +0000 2013", "favourites_count": 5240, "utc_offset": null, "time_zone": null, "geo_enabled": false, "verified": false, "statuses_count": 3824, "lang": null, "contributors_enabled": false, "is_translator": false, "is_translation_enabled": false, "profile_background_color": "C0DEED", "profile_background_image_url": "http://abs.twimg.com/images/themes/theme1/bg.png", "profile_background_image_url_https": "https://abs.twimg.com/images/themes/theme1/bg.png", "profile_background_tile": false, "profile_image_url": "http://pbs.twimg.com/profile_images/484900240529821698/6DloPFjE_normal.jpeg", "profile_image_url_https": "https://pbs.twimg.com/profile_images/484900240529821698/6DloPFjE_normal.jpeg", "profile_link_color": "1DA1F2", "profile_sidebar_border_color": "C0DEED", "profile_sidebar_fill_color": "DDEEF6", "profile_text_color": "333333", "profile_use_background_image": true, "has_extended_profile": true, "default_profile": true, "default_profile_image": false, "following": false, "follow_request_sent": false, "notifications": false, "translator_type": "none"}, "geo": null, "coordinates": null, "place": null, "contributors": null, "is_quote_status": false, "retweet_count": 1, "favorite_count": 0, "favorited": false, "retweeted": false, "possibly_sensitive": false, "lang": "en"}