{"created_at": "Sat Jul 08 18:09:08 +0000 2017", "id": 883749810725113857, "id_str": "883749810725113857", "text": "US Dam Infrastructure Earns a \u201cD\u201d in American Society of Civil Engineers Report Card https://t.co/FrkFv6rmaS", "truncated": false, "entities": {"hashtags": [], "symbols": [], "user_mentions": [], "urls": [{"url": "https://t.co/FrkFv6rmaS", "expanded_url": "http://buff.ly/2tt6f5A", "display_url": "buff.ly/2tt6f5A", "indices": [85, 108]}]}, "source": "<a href=\"https://buffer.com\" rel=\"nofollow\">Buffer</a>", "in_reply_to_status_id": null, "in_reply_to_status_id_str": null, "in_reply_to_user_id": null, "in_reply_to_user_id_str": null, "in_reply_to_screen_name": null, "user": {"id": 50029844, "id_str": "50029844", "name": "LECET Southwest", "screen_name": "LECETsouthwest", "location": "Sacramento, CA", "description": "A partnership between LIUNA and its contractors to secure projects and jobs, increase market share, and advance market-related interests throughout CA, AZ, NM", "url": "http://t.co/6l4Eo48f5S", "entities": {"url": {"urls": [{"url": "http://t.co/6l4Eo48f5S", "expanded_url": "http://www.lecetsouthwest.org", "display_url": "lecetsouthwest.org", "indices": [0, 22]}]}, "description": {"urls": []}}, "protected": false, "followers_count": 512, "friends_count": 280, "listed_count": 13, "created_at": "Tue Jun 23 16:54:36 +0000 2009", "favourites_count": 68, "utc_offset": null, "time_zone": null, "geo_enabled": true, "verified": false, "statuses_count": 5819, "lang": null, "contributors_enabled": false, "is_translator": false, "is_translation_enabled": false, "profile_background_color": "FFFFFF", "profile_background_image_url": "http://abs.twimg.com/images/themes/theme14/bg.gif", "profile_background_image_url_https": "https://abs.twimg.com/images/themes/theme14/bg.gif", "profile_background_tile": false, "profile_image_url": "http://pbs.twimg.com/profile_images/887698043096580096/82G1DiL__normal.jpg", "profile_image_url_https": "https://pbs.twimg.com/profile_images/887698043096580096/82G1DiL__normal.jpg", "profile_banner_url": "https://pbs.twimg.com/profile_banners/50029844/1367620033", "profile_link_color": "00318C", "profile_sidebar_border_color": "000000", "profile_sidebar_fill_color": "EFEFEF", "profile_text_color": "333333", "profile_use_background_image": true, "has_extended_profile": false, "default_profile": false, "default_profile_image": false, "following": false, "follow_request_sent": false, "notifications": false, "translator_type": "none"}, "geo": null, "coordinates": null, "place": null, "contributors": null, "is_quote_status": false, "retweet_count": 0, "favorite_count": 0, "favorited": false, "retweeted": false, "possibly_sensitive": false, "lang": "en"}