{"created_at": "Wed Jul 12 22:48:00 +0000 2017", "id": 885269539323129856, "id_str": "885269539323129856", "text": "\"Moon Express Unveils Plan to Help Explore Solar System on a 'Grand Scale' \": https://t.co/Re9r292Q6K via @SPACEdotcom | Lowering costs...", "truncated": false, "entities": {"hashtags": [], "symbols": [], "user_mentions": [{"screen_name": "SPACEdotcom", "name": "SPACE.com", "id": 15431856, "id_str": "15431856", "indices": [106, 118]}], "urls": [{"url": "https://t.co/Re9r292Q6K", "expanded_url": "https://www.space.com/37464-moon-express-solar-system-exploration.html", "display_url": "space.com/37464-moon-exp\u2026", "indices": [78, 101]}]}, "source": "<a href=\"http://twitter.com\" rel=\"nofollow\">Twitter Web Client</a>", "in_reply_to_status_id": null, "in_reply_to_status_id_str": null, "in_reply_to_user_id": null, "in_reply_to_user_id_str": null, "in_reply_to_screen_name": null, "user": {"id": 758136410, "id_str": "758136410", "name": "Jim Pass, Ph.D. / Astrosociologist", "screen_name": "astrosociology", "location": "Huntington Beach, CA", "description": "Founder of #astrosociology & CEO, Astrosociology Research Institute (ARI), a 501(c)(3) nonprofit edu./research org. The #SocialSciences are vital 4 #space, too!", "url": "https://t.co/kstpxQUb5E", "entities": {"url": {"urls": [{"url": "https://t.co/kstpxQUb5E", "expanded_url": "http://www.astrosociology.org", "display_url": "astrosociology.org", "indices": [0, 23]}]}, "description": {"urls": []}}, "protected": false, "followers_count": 2830, "friends_count": 3966, "listed_count": 160, "created_at": "Tue Aug 14 23:53:49 +0000 2012", "favourites_count": 10141, "utc_offset": null, "time_zone": null, "geo_enabled": false, "verified": false, "statuses_count": 10737, "lang": null, "contributors_enabled": false, "is_translator": false, "is_translation_enabled": false, "profile_background_color": "1A1B1F", "profile_background_image_url": "http://abs.twimg.com/images/themes/theme4/bg.gif", "profile_background_image_url_https": "https://abs.twimg.com/images/themes/theme4/bg.gif", "profile_background_tile": true, "profile_image_url": "http://pbs.twimg.com/profile_images/763839538913419264/r8ByW_nr_normal.jpg", "profile_image_url_https": "https://pbs.twimg.com/profile_images/763839538913419264/r8ByW_nr_normal.jpg", "profile_banner_url": "https://pbs.twimg.com/profile_banners/758136410/1585532059", "profile_link_color": "1008FA", "profile_sidebar_border_color": "FFFFFF", "profile_sidebar_fill_color": "95E8EC", "profile_text_color": "3C3940", "profile_use_background_image": true, "has_extended_profile": true, "default_profile": false, "default_profile_image": false, "following": false, "follow_request_sent": false, "notifications": false, "translator_type": "none"}, "geo": null, "coordinates": null, "place": null, "contributors": null, "is_quote_status": false, "retweet_count": 0, "favorite_count": 0, "favorited": false, "retweeted": false, "possibly_sensitive": false, "lang": "en"}