{"created_at": "Thu Jul 13 13:45:41 +0000 2017", "id": 885495450358251520, "id_str": "885495450358251520", "text": "Join 9 people right now at \"Moon Express Unveils Plan to Help Explore Solar System on a 'Grand Scale'\" #cheers\u2026\u2026 https://t.co/E3ovUPhMHI", "truncated": true, "entities": {"hashtags": [{"text": "cheers", "indices": [103, 110]}], "symbols": [], "user_mentions": [], "urls": [{"url": "https://t.co/E3ovUPhMHI", "expanded_url": "https://twitter.com/i/web/status/885495450358251520", "display_url": "twitter.com/i/web/status/8\u2026", "indices": [113, 136]}]}, "source": "<a href=\"https://dlvrit.com/\" rel=\"nofollow\">dlvr.it</a>", "in_reply_to_status_id": null, "in_reply_to_status_id_str": null, "in_reply_to_user_id": null, "in_reply_to_user_id_str": null, "in_reply_to_screen_name": null, "user": {"id": 167181650, "id_str": "167181650", "name": "Cheers for Space", "screen_name": "cheersforspace", "location": "Extremely Near Earth Orbit", "description": "What's happening at the Massive Online Space and Astronomy Party on Cheers. Astronauts. Rockets. Satellites. Planets. Stars", "url": "https://t.co/iC6rtPTVn4", "entities": {"url": {"urls": [{"url": "https://t.co/iC6rtPTVn4", "expanded_url": "http://cheers.ws/channel/space+science", "display_url": "cheers.ws/channel/space+\u2026", "indices": [0, 23]}]}, "description": {"urls": []}}, "protected": false, "followers_count": 1450, "friends_count": 1670, "listed_count": 73, "created_at": "Thu Jul 15 23:29:44 +0000 2010", "favourites_count": 3, "utc_offset": null, "time_zone": null, "geo_enabled": false, "verified": false, "statuses_count": 21324, "lang": null, "contributors_enabled": false, "is_translator": false, "is_translation_enabled": false, "profile_background_color": "C0DEED", "profile_background_image_url": "http://abs.twimg.com/images/themes/theme1/bg.png", "profile_background_image_url_https": "https://abs.twimg.com/images/themes/theme1/bg.png", "profile_background_tile": false, "profile_image_url": "http://pbs.twimg.com/profile_images/889183332772319237/oBQDSclJ_normal.jpg", "profile_image_url_https": "https://pbs.twimg.com/profile_images/889183332772319237/oBQDSclJ_normal.jpg", "profile_banner_url": "https://pbs.twimg.com/profile_banners/167181650/1490220192", "profile_link_color": "0084B4", "profile_sidebar_border_color": "C0DEED", "profile_sidebar_fill_color": "DDEEF6", "profile_text_color": "333333", "profile_use_background_image": true, "has_extended_profile": false, "default_profile": false, "default_profile_image": false, "following": false, "follow_request_sent": false, "notifications": false, "translator_type": "none"}, "geo": null, "coordinates": null, "place": null, "contributors": null, "is_quote_status": false, "retweet_count": 0, "favorite_count": 0, "favorited": false, "retweeted": false, "possibly_sensitive": false, "lang": "en"}