{"created_at": "Tue Jul 25 19:37:39 +0000 2017", "id": 889932677431738369, "id_str": "889932677431738369", "text": "@LouiseNorris @mariatheresa72 No credit to Murkowski. \"Undecided\" until McCain flew in to ensure passage of bill. O\u2026 https://t.co/81cNYy1EXr", "truncated": true, "entities": {"hashtags": [], "symbols": [], "user_mentions": [{"screen_name": "LouiseNorris", "name": "Louise Norris", "id": 17875202, "id_str": "17875202", "indices": [0, 13]}], "urls": [{"url": "https://t.co/81cNYy1EXr", "expanded_url": "https://twitter.com/i/web/status/889932677431738369", "display_url": "twitter.com/i/web/status/8\u2026", "indices": [117, 140]}]}, "source": "<a href=\"http://twitter.com\" rel=\"nofollow\">Twitter Web Client</a>", "in_reply_to_status_id": 889918046416113664, "in_reply_to_status_id_str": "889918046416113664", "in_reply_to_user_id": 17875202, "in_reply_to_user_id_str": "17875202", "in_reply_to_screen_name": "LouiseNorris", "user": {"id": 16896548, "id_str": "16896548", "name": "akmk", "screen_name": "akmk", "location": "Alaska", "description": "Photographer, Publisher, Earthling......       \"The strength of the wolf is in the pack. The strength of the pack is in the wolf.\"", "url": null, "entities": {"description": {"urls": []}}, "protected": false, "followers_count": 7656, "friends_count": 7386, "listed_count": 62, "created_at": "Tue Oct 21 23:51:01 +0000 2008", "favourites_count": 115321, "utc_offset": null, "time_zone": null, "geo_enabled": false, "verified": false, "statuses_count": 65306, "lang": null, "contributors_enabled": false, "is_translator": false, "is_translation_enabled": false, "profile_background_color": "352726", "profile_background_image_url": "http://abs.twimg.com/images/themes/theme5/bg.gif", "profile_background_image_url_https": "https://abs.twimg.com/images/themes/theme5/bg.gif", "profile_background_tile": false, "profile_image_url": "http://pbs.twimg.com/profile_images/620434074830671873/fiZsk2nj_normal.jpg", "profile_image_url_https": "https://pbs.twimg.com/profile_images/620434074830671873/fiZsk2nj_normal.jpg", "profile_link_color": "385A94", "profile_sidebar_border_color": "FFFFFF", "profile_sidebar_fill_color": "BACC95", "profile_text_color": "212409", "profile_use_background_image": true, "has_extended_profile": false, "default_profile": false, "default_profile_image": false, "following": false, "follow_request_sent": false, "notifications": false, "translator_type": "regular"}, "geo": null, "coordinates": null, "place": null, "contributors": null, "is_quote_status": false, "retweet_count": 2, "favorite_count": 0, "favorited": false, "retweeted": false, "lang": "en"}