{"created_at": "Sat Jul 29 16:51:50 +0000 2017", "id": 891340500917043202, "id_str": "891340500917043202", "text": "On the last two\u00a0report cards from the American Society of Civil Engineers, U.S. infrastructure scored a D+.  HERE U\u2026 https://t.co/sXETzD8xHR", "truncated": true, "entities": {"hashtags": [], "symbols": [], "user_mentions": [], "urls": [{"url": "https://t.co/sXETzD8xHR", "expanded_url": "https://twitter.com/i/web/status/891340500917043202", "display_url": "twitter.com/i/web/status/8\u2026", "indices": [117, 140]}]}, "source": "<a href=\"http://twitter.com/download/android\" rel=\"nofollow\">Twitter for Android</a>", "in_reply_to_status_id": null, "in_reply_to_status_id_str": null, "in_reply_to_user_id": null, "in_reply_to_user_id_str": null, "in_reply_to_screen_name": null, "user": {"id": 2364705097, "id_str": "2364705097", "name": "John Reissenweber", "screen_name": "ReissenweberJoh", "location": "San Francisco, CA", "description": "Raised strict Roman Catholic (service and guilt), now searching Buddist, retired supply & distribution. ex grunt,  seeking answers and passions in life.", "url": null, "entities": {"description": {"urls": []}}, "protected": false, "followers_count": 652, "friends_count": 2688, "listed_count": 5, "created_at": "Thu Feb 27 22:13:45 +0000 2014", "favourites_count": 10286, "utc_offset": null, "time_zone": null, "geo_enabled": true, "verified": false, "statuses_count": 93716, "lang": null, "contributors_enabled": false, "is_translator": false, "is_translation_enabled": false, "profile_background_color": "C0DEED", "profile_background_image_url": "http://abs.twimg.com/images/themes/theme1/bg.png", "profile_background_image_url_https": "https://abs.twimg.com/images/themes/theme1/bg.png", "profile_background_tile": false, "profile_image_url": "http://pbs.twimg.com/profile_images/848087182153666560/wN8y_4yb_normal.jpg", "profile_image_url_https": "https://pbs.twimg.com/profile_images/848087182153666560/wN8y_4yb_normal.jpg", "profile_link_color": "1DA1F2", "profile_sidebar_border_color": "C0DEED", "profile_sidebar_fill_color": "DDEEF6", "profile_text_color": "333333", "profile_use_background_image": true, "has_extended_profile": true, "default_profile": true, "default_profile_image": false, "following": false, "follow_request_sent": false, "notifications": false, "translator_type": "none"}, "geo": null, "coordinates": null, "place": null, "contributors": null, "is_quote_status": true, "quoted_status_id": 891338747014459392, "quoted_status_id_str": "891338747014459392", "quoted_status": {"created_at": "Sat Jul 29 16:44:52 +0000 2017", "id": 891338747014459392, "id_str": "891338747014459392", "text": "America's infrastructure falls short of the rest of the world in 2 key areas https://t.co/rIyobx6e1Q https://t.co/7i225iayIT", "truncated": false, "entities": {"hashtags": [], "symbols": [], "user_mentions": [], "urls": [{"url": "https://t.co/rIyobx6e1Q", "expanded_url": "http://read.bi/2eWCF3D", "display_url": "read.bi/2eWCF3D", "indices": [77, 100]}], "media": [{"id": 891338744627855360, "id_str": "891338744627855360", "indices": [101, 124], "media_url": "http://pbs.twimg.com/media/DF6r3aAWAAAWBK1.jpg", "media_url_https": "https://pbs.twimg.com/media/DF6r3aAWAAAWBK1.jpg", "url": "https://t.co/7i225iayIT", "display_url": "pic.twitter.com/7i225iayIT", "expanded_url": "https://twitter.com/businessinsider/status/891338747014459392/photo/1", "type": "photo", "sizes": {"thumb": {"w": 150, "h": 150, "resize": "crop"}, "medium": {"w": 1024, "h": 512, "resize": "fit"}, "large": {"w": 1024, "h": 512, "resize": "fit"}, "small": {"w": 680, "h": 340, "resize": "fit"}}}]}, "extended_entities": {"media": [{"id": 891338744627855360, "id_str": "891338744627855360", "indices": [101, 124], "media_url": "http://pbs.twimg.com/media/DF6r3aAWAAAWBK1.jpg", "media_url_https": "https://pbs.twimg.com/media/DF6r3aAWAAAWBK1.jpg", "url": "https://t.co/7i225iayIT", "display_url": "pic.twitter.com/7i225iayIT", "expanded_url": "https://twitter.com/businessinsider/status/891338747014459392/photo/1", "type": "photo", "sizes": {"thumb": {"w": 150, "h": 150, "resize": "crop"}, "medium": {"w": 1024, "h": 512, "resize": "fit"}, "large": {"w": 1024, "h": 512, "resize": "fit"}, "small": {"w": 680, "h": 340, "resize": "fit"}}}]}, "source": "<a href=\"http://www.businessinsider.com\" rel=\"nofollow\">Business Insider</a>", "in_reply_to_status_id": null, "in_reply_to_status_id_str": null, "in_reply_to_user_id": null, "in_reply_to_user_id_str": null, "in_reply_to_screen_name": null, "user": {"id": 20562637, "id_str": "20562637", "name": "Business Insider", "screen_name": "businessinsider", "location": "New York, NY", "description": "What you want to know about business. A division of @thisisinsider. Follow us on Facebook, Instagram, and YouTube. Visit our homepage for the day's top stories.", "url": "https://t.co/qJiLYVC7Jx", "entities": {"url": {"urls": [{"url": "https://t.co/qJiLYVC7Jx", "expanded_url": "https://www.businessinsider.com/", "display_url": "businessinsider.com", "indices": [0, 23]}]}, "description": {"urls": []}}, "protected": false, "followers_count": 3087269, "friends_count": 331, "listed_count": 31952, "created_at": "Wed Feb 11 01:18:18 +0000 2009", "favourites_count": 1291, "utc_offset": null, "time_zone": null, "geo_enabled": false, "verified": true, "statuses_count": 658440, "lang": null, "contributors_enabled": false, "is_translator": false, "is_translation_enabled": false, "profile_background_color": "185F7C", "profile_background_image_url": "http://abs.twimg.com/images/themes/theme14/bg.gif", "profile_background_image_url_https": "https://abs.twimg.com/images/themes/theme14/bg.gif", "profile_background_tile": false, "profile_image_url": "http://pbs.twimg.com/profile_images/1199017286780231684/P_hQmsjg_normal.jpg", "profile_image_url_https": "https://pbs.twimg.com/profile_images/1199017286780231684/P_hQmsjg_normal.jpg", "profile_banner_url": "https://pbs.twimg.com/profile_banners/20562637/1588193428", "profile_link_color": "185F7C", "profile_sidebar_border_color": "EEEEEE", "profile_sidebar_fill_color": "EFEFEF", "profile_text_color": "333333", "profile_use_background_image": false, "has_extended_profile": false, "default_profile": false, "default_profile_image": false, "following": false, "follow_request_sent": false, "notifications": false, "translator_type": "none"}, "geo": null, "coordinates": null, "place": null, "contributors": null, "is_quote_status": false, "retweet_count": 13, "favorite_count": 10, "favorited": false, "retweeted": false, "possibly_sensitive": false, "lang": "en"}, "retweet_count": 0, "favorite_count": 0, "favorited": false, "retweeted": false, "possibly_sensitive": false, "lang": "en"}