{"created_at": "Sun Aug 20 07:14:46 +0000 2017", "id": 899167811762888704, "id_str": "899167811762888704", "text": "@Dominos_Cheese We will then plot to allocate tax payer revenue to rebuilt our D+ infrastructure as rated by the Am\u2026 https://t.co/M6NceV0Iyk", "truncated": true, "entities": {"hashtags": [], "symbols": [], "user_mentions": [], "urls": [{"url": "https://t.co/M6NceV0Iyk", "expanded_url": "https://twitter.com/i/web/status/899167811762888704", "display_url": "twitter.com/i/web/status/8\u2026", "indices": [117, 140]}]}, "source": "<a href=\"http://twitter.com/download/android\" rel=\"nofollow\">Twitter for Android</a>", "in_reply_to_status_id": 899167006544588800, "in_reply_to_status_id_str": "899167006544588800", "in_reply_to_user_id": 452745190, "in_reply_to_user_id_str": "452745190", "in_reply_to_screen_name": "Dunn_413", "user": {"id": 2662442969, "id_str": "2662442969", "name": "Tyler ACAB Ethier", "screen_name": "JR5HennysDeep", "location": "Chicopee, Massachusetts", "description": "The Man.\n\nCEO of Himbos.", "url": null, "entities": {"description": {"urls": []}}, "protected": false, "followers_count": 55, "friends_count": 305, "listed_count": 0, "created_at": "Wed Jul 02 03:35:08 +0000 2014", "favourites_count": 3219, "utc_offset": null, "time_zone": null, "geo_enabled": false, "verified": false, "statuses_count": 1475, "lang": null, "contributors_enabled": false, "is_translator": false, "is_translation_enabled": false, "profile_background_color": "000000", "profile_background_image_url": "http://abs.twimg.com/images/themes/theme1/bg.png", "profile_background_image_url_https": "https://abs.twimg.com/images/themes/theme1/bg.png", "profile_background_tile": false, "profile_image_url": "http://pbs.twimg.com/profile_images/1134228348417318912/Apj7Cf8z_normal.jpg", "profile_image_url_https": "https://pbs.twimg.com/profile_images/1134228348417318912/Apj7Cf8z_normal.jpg", "profile_banner_url": "https://pbs.twimg.com/profile_banners/2662442969/1586832778", "profile_link_color": "000080", "profile_sidebar_border_color": "000000", "profile_sidebar_fill_color": "000000", "profile_text_color": "000000", "profile_use_background_image": false, "has_extended_profile": true, "default_profile": false, "default_profile_image": false, "following": false, "follow_request_sent": false, "notifications": false, "translator_type": "none"}, "geo": null, "coordinates": null, "place": null, "contributors": null, "is_quote_status": false, "retweet_count": 0, "favorite_count": 1, "favorited": false, "retweeted": false, "lang": "en"}