{"created_at": "Tue Aug 22 11:02:52 +0000 2017", "id": 899949990902157312, "id_str": "899949990902157312", "text": "President Trump's \"new\" strategy for #Afghanistan\n#Troops #TalibanTalks \n#Pakistan #India #nonationbuilding https://t.co/9Odu4cdgWh", "truncated": false, "entities": {"hashtags": [{"text": "Afghanistan", "indices": [37, 49]}, {"text": "Troops", "indices": [50, 57]}, {"text": "TalibanTalks", "indices": [58, 71]}, {"text": "Pakistan", "indices": [73, 82]}, {"text": "India", "indices": [83, 89]}, {"text": "nonationbuilding", "indices": [90, 107]}], "symbols": [], "user_mentions": [], "urls": [{"url": "https://t.co/9Odu4cdgWh", "expanded_url": "http://cnn.it/2vafRAA", "display_url": "cnn.it/2vafRAA", "indices": [108, 131]}]}, "source": "<a href=\"http://twitter.com/download/iphone\" rel=\"nofollow\">Twitter for iPhone</a>", "in_reply_to_status_id": null, "in_reply_to_status_id_str": null, "in_reply_to_user_id": null, "in_reply_to_user_id_str": null, "in_reply_to_screen_name": null, "user": {"id": 92503159, "id_str": "92503159", "name": "Saima Mohsin", "screen_name": "SaimaMohsin", "location": "Where your story takes me", "description": "Journalist Woman British Pakistani Muslim FireDragon SoufLondon BBC ITV PBS C4 Dawn CNN #Race #Disability #ClimateAction #SocialJustice #Sustainability @CPFC", "url": null, "entities": {"description": {"urls": []}}, "protected": false, "followers_count": 231196, "friends_count": 11498, "listed_count": 997, "created_at": "Wed Nov 25 11:39:00 +0000 2009", "favourites_count": 6894, "utc_offset": null, "time_zone": null, "geo_enabled": false, "verified": true, "statuses_count": 13941, "lang": null, "contributors_enabled": false, "is_translator": false, "is_translation_enabled": false, "profile_background_color": "C0DEED", "profile_background_image_url": "http://abs.twimg.com/images/themes/theme1/bg.png", "profile_background_image_url_https": "https://abs.twimg.com/images/themes/theme1/bg.png", "profile_background_tile": false, "profile_image_url": "http://pbs.twimg.com/profile_images/770188534569394176/fULYiwve_normal.jpg", "profile_image_url_https": "https://pbs.twimg.com/profile_images/770188534569394176/fULYiwve_normal.jpg", "profile_banner_url": "https://pbs.twimg.com/profile_banners/92503159/1468147581", "profile_link_color": "1DA1F2", "profile_sidebar_border_color": "C0DEED", "profile_sidebar_fill_color": "DDEEF6", "profile_text_color": "333333", "profile_use_background_image": true, "has_extended_profile": false, "default_profile": true, "default_profile_image": false, "following": false, "follow_request_sent": false, "notifications": false, "translator_type": "none"}, "geo": null, "coordinates": null, "place": null, "contributors": null, "is_quote_status": false, "retweet_count": 5, "favorite_count": 17, "favorited": false, "retweeted": false, "possibly_sensitive": false, "lang": "en"}