{"created_at": "Wed Aug 30 05:28:43 +0000 2017", "id": 902765001991184385, "id_str": "902765001991184385", "text": "@xenocryptsite American Society of Civil Engineers: https://t.co/ks53alfLSx", "truncated": false, "entities": {"hashtags": [], "symbols": [], "user_mentions": [{"screen_name": "xenocryptsite", "name": "Xenocrypt", "id": 1173121356, "id_str": "1173121356", "indices": [0, 14]}], "urls": [], "media": [{"id": 902764993782980608, "id_str": "902764993782980608", "indices": [52, 75], "media_url": "http://pbs.twimg.com/media/DIdD-pIXoAALwMb.jpg", "media_url_https": "https://pbs.twimg.com/media/DIdD-pIXoAALwMb.jpg", "url": "https://t.co/ks53alfLSx", "display_url": "pic.twitter.com/ks53alfLSx", "expanded_url": "https://twitter.com/LesserFrederick/status/902765001991184385/photo/1", "type": "photo", "sizes": {"small": {"w": 680, "h": 610, "resize": "fit"}, "thumb": {"w": 150, "h": 150, "resize": "crop"}, "large": {"w": 1042, "h": 935, "resize": "fit"}, "medium": {"w": 1042, "h": 935, "resize": "fit"}}}]}, "extended_entities": {"media": [{"id": 902764993782980608, "id_str": "902764993782980608", "indices": [52, 75], "media_url": "http://pbs.twimg.com/media/DIdD-pIXoAALwMb.jpg", "media_url_https": "https://pbs.twimg.com/media/DIdD-pIXoAALwMb.jpg", "url": "https://t.co/ks53alfLSx", "display_url": "pic.twitter.com/ks53alfLSx", "expanded_url": "https://twitter.com/LesserFrederick/status/902765001991184385/photo/1", "type": "photo", "sizes": {"small": {"w": 680, "h": 610, "resize": "fit"}, "thumb": {"w": 150, "h": 150, "resize": "crop"}, "large": {"w": 1042, "h": 935, "resize": "fit"}, "medium": {"w": 1042, "h": 935, "resize": "fit"}}}]}, "source": "<a href=\"http://twitter.com/download/android\" rel=\"nofollow\">Twitter for Android</a>", "in_reply_to_status_id": 902762912955105280, "in_reply_to_status_id_str": "902762912955105280", "in_reply_to_user_id": 1173121356, "in_reply_to_user_id_str": "1173121356", "in_reply_to_screen_name": "xenocryptsite", "user": {"id": 721158308694986752, "id_str": "721158308694986752", "name": "Bay of Pigs Award Winner Fred", "screen_name": "LesserFrederick", "location": "Holladay, UT", "description": "My only regret is that I joined Twitter.\nLicensed Expert Coyotologist (except in TN). Support my Patreon/Substack below.", "url": "https://t.co/OgdfDkNNhL", "entities": {"url": {"urls": [{"url": "https://t.co/OgdfDkNNhL", "expanded_url": "https://tinyurl.com/2fcpre6", "display_url": "tinyurl.com/2fcpre6", "indices": [0, 23]}]}, "description": {"urls": []}}, "protected": false, "followers_count": 3436, "friends_count": 508, "listed_count": 59, "created_at": "Sat Apr 16 02:08:34 +0000 2016", "favourites_count": 4919, "utc_offset": null, "time_zone": null, "geo_enabled": false, "verified": false, "statuses_count": 68357, "lang": null, "contributors_enabled": false, "is_translator": false, "is_translation_enabled": false, "profile_background_color": "000000", "profile_background_image_url": "http://abs.twimg.com/images/themes/theme1/bg.png", "profile_background_image_url_https": "https://abs.twimg.com/images/themes/theme1/bg.png", "profile_background_tile": false, "profile_image_url": "http://pbs.twimg.com/profile_images/1300683168945766401/CLQlGcWb_normal.jpg", "profile_image_url_https": "https://pbs.twimg.com/profile_images/1300683168945766401/CLQlGcWb_normal.jpg", "profile_banner_url": "https://pbs.twimg.com/profile_banners/721158308694986752/1460778289", "profile_link_color": "FF691F", "profile_sidebar_border_color": "000000", "profile_sidebar_fill_color": "000000", "profile_text_color": "000000", "profile_use_background_image": false, "has_extended_profile": false, "default_profile": false, "default_profile_image": false, "following": false, "follow_request_sent": false, "notifications": false, "translator_type": "none"}, "geo": null, "coordinates": null, "place": null, "contributors": null, "is_quote_status": false, "retweet_count": 0, "favorite_count": 0, "favorited": false, "retweeted": false, "possibly_sensitive": false, "lang": "en"}