{"created_at": "Mon Jul 11 18:34:23 +0000 2011", "id": 90489125282656256, "id_str": "90489125282656256", "text": "#US Giuliani Hires in New Hampshire, Expects 2012 Decision 'Soon': Former New York Mayor Rud... http://bit.ly/nxxTUe #NewHampshire #News", "truncated": false, "entities": {"hashtags": [{"text": "US", "indices": [0, 3]}, {"text": "NewHampshire", "indices": [117, 130]}, {"text": "News", "indices": [131, 136]}], "symbols": [], "user_mentions": [], "urls": []}, "source": "<a href=\"http://twitterfeed.com\" rel=\"nofollow\">twitterfeed</a>", "in_reply_to_status_id": null, "in_reply_to_status_id_str": null, "in_reply_to_user_id": null, "in_reply_to_user_id_str": null, "in_reply_to_screen_name": null, "user": {"id": 293937625, "id_str": "293937625", "name": "New Hampshire", "screen_name": "_NewHampshire", "location": "", "description": "Local news from New Hampshire USA.", "url": "http://t.co/B8dxh1GD31", "entities": {"url": {"urls": [{"url": "http://t.co/B8dxh1GD31", "expanded_url": "http://us.regiofora.com", "display_url": "us.regiofora.com", "indices": [0, 22]}]}, "description": {"urls": []}}, "protected": false, "followers_count": 46, "friends_count": 29, "listed_count": 2, "created_at": "Fri May 06 07:26:54 +0000 2011", "favourites_count": 0, "utc_offset": null, "time_zone": null, "geo_enabled": false, "verified": false, "statuses_count": 16152, "lang": null, "contributors_enabled": false, "is_translator": false, "is_translation_enabled": false, "profile_background_color": "C0DEED", "profile_background_image_url": "http://abs.twimg.com/images/themes/theme1/bg.png", "profile_background_image_url_https": "https://abs.twimg.com/images/themes/theme1/bg.png", "profile_background_tile": false, "profile_image_url": "http://pbs.twimg.com/profile_images/1341048281/New_Hampshire_state_seal_normal.png", "profile_image_url_https": "https://pbs.twimg.com/profile_images/1341048281/New_Hampshire_state_seal_normal.png", "profile_link_color": "1DA1F2", "profile_sidebar_border_color": "C0DEED", "profile_sidebar_fill_color": "DDEEF6", "profile_text_color": "333333", "profile_use_background_image": true, "has_extended_profile": false, "default_profile": true, "default_profile_image": false, "following": false, "follow_request_sent": false, "notifications": false, "translator_type": "none"}, "geo": null, "coordinates": null, "place": null, "contributors": null, "is_quote_status": false, "retweet_count": 0, "favorite_count": 0, "favorited": false, "retweeted": false, "lang": "en"}