{"created_at": "Mon Jul 11 18:41:15 +0000 2011", "id": 90490853268799488, "id_str": "90490853268799488", "text": "Giuliani Hires in New Hampshire, Expects 2012 Decision &#39;Soon&#39; http://owl.li/1dKdDu [Like it? http://ur.ly/O9PR ]", "truncated": false, "entities": {"hashtags": [], "symbols": [], "user_mentions": [], "urls": []}, "source": "<a href=\"http://www.likemytweets.com/\" rel=\"nofollow\">Like My Tweets</a>", "in_reply_to_status_id": null, "in_reply_to_status_id_str": null, "in_reply_to_user_id": null, "in_reply_to_user_id_str": null, "in_reply_to_screen_name": null, "user": {"id": 72929454, "id_str": "72929454", "name": "Neville Richards", "screen_name": "NRGeefunk009", "location": "Birmingham, England.", "description": "G-funk House d.j u.k\r\nCEO @Funk Nation Group.\r\nSpecialists in Business Consultation & web Promotion. http://t.co/Y40RAA4t", "url": "http://t.co/szIaU1q9", "entities": {"url": {"urls": [{"url": "http://t.co/szIaU1q9", "expanded_url": "http://funknation.info/funknation", "display_url": "funknation.info/funknation", "indices": [0, 20]}]}, "description": {"urls": [{"url": "http://t.co/Y40RAA4t", "expanded_url": "http://funknation.info/0910NetworkMarketingReviewedPLR/website/-", "display_url": "funknation.info/0910NetworkMar\u2026", "indices": [101, 121]}]}}, "protected": false, "followers_count": 1147, "friends_count": 1118, "listed_count": 36, "created_at": "Wed Sep 09 19:30:34 +0000 2009", "favourites_count": 245, "utc_offset": null, "time_zone": null, "geo_enabled": true, "verified": false, "statuses_count": 96515, "lang": null, "contributors_enabled": false, "is_translator": false, "is_translation_enabled": false, "profile_background_color": "0E0D02", "profile_background_image_url": "http://abs.twimg.com/images/themes/theme15/bg.png", "profile_background_image_url_https": "https://abs.twimg.com/images/themes/theme15/bg.png", "profile_background_tile": false, "profile_image_url": "http://pbs.twimg.com/profile_images/378800000404843458/1e40347c56a6cf5ceb735c6964df4fcd_normal.png", "profile_image_url_https": "https://pbs.twimg.com/profile_images/378800000404843458/1e40347c56a6cf5ceb735c6964df4fcd_normal.png", "profile_link_color": "895429", "profile_sidebar_border_color": "BEDFB6", "profile_sidebar_fill_color": "0E0D02", "profile_text_color": "39BD91", "profile_use_background_image": true, "has_extended_profile": false, "default_profile": false, "default_profile_image": false, "following": false, "follow_request_sent": false, "notifications": false, "translator_type": "none"}, "geo": null, "coordinates": null, "place": null, "contributors": null, "is_quote_status": false, "retweet_count": 0, "favorite_count": 0, "favorited": false, "retweeted": false, "lang": "en"}