{"created_at": "Thu Jul 14 20:06:39 +0000 2011", "id": 91599510253481984, "id_str": "91599510253481984", "text": "Hahhahhaaahhahhahaaaa! RT @afreecountry: Giuliani Looks to Restoke Interest in New Hampshire \r http://wny.cc/mX4ryn", "truncated": false, "entities": {"hashtags": [], "symbols": [], "user_mentions": [{"screen_name": "afreecountry", "name": "N O E L", "id": 628349193, "id_str": "628349193", "indices": [26, 39]}], "urls": []}, "source": "<a href=\"https://about.twitter.com/products/tweetdeck\" rel=\"nofollow\">TweetDeck</a>", "in_reply_to_status_id": null, "in_reply_to_status_id_str": null, "in_reply_to_user_id": null, "in_reply_to_user_id_str": null, "in_reply_to_screen_name": null, "user": {"id": 2211081, "id_str": "2211081", "name": "phillip anderson", "screen_name": "phillipanderson", "location": "BK/Belfast, ME/Boston", "description": "I'm from the internet.", "url": "https://t.co/AVFQ64Jx43", "entities": {"url": {"urls": [{"url": "https://t.co/AVFQ64Jx43", "expanded_url": "http://jphillipanderson.me/", "display_url": "jphillipanderson.me", "indices": [0, 23]}]}, "description": {"urls": []}}, "protected": false, "followers_count": 2042, "friends_count": 658, "listed_count": 116, "created_at": "Sun Mar 25 21:47:56 +0000 2007", "favourites_count": 21196, "utc_offset": null, "time_zone": null, "geo_enabled": true, "verified": false, "statuses_count": 54331, "lang": null, "contributors_enabled": false, "is_translator": false, "is_translation_enabled": false, "profile_background_color": "9AE4E8", "profile_background_image_url": "http://abs.twimg.com/images/themes/theme1/bg.png", "profile_background_image_url_https": "https://abs.twimg.com/images/themes/theme1/bg.png", "profile_background_tile": false, "profile_image_url": "http://pbs.twimg.com/profile_images/2754603027/7fe6dd56c16fe781f8233f0521ffe3e1_normal.jpeg", "profile_image_url_https": "https://pbs.twimg.com/profile_images/2754603027/7fe6dd56c16fe781f8233f0521ffe3e1_normal.jpeg", "profile_banner_url": "https://pbs.twimg.com/profile_banners/2211081/1354799071", "profile_link_color": "0000FF", "profile_sidebar_border_color": "FFFFFF", "profile_sidebar_fill_color": "E0FF92", "profile_text_color": "000000", "profile_use_background_image": true, "has_extended_profile": true, "default_profile": false, "default_profile_image": false, "following": false, "follow_request_sent": false, "notifications": false, "translator_type": "none"}, "geo": null, "coordinates": null, "place": null, "contributors": null, "is_quote_status": false, "retweet_count": 0, "favorite_count": 0, "favorited": false, "retweeted": false, "lang": "it"}