{"created_at": "Thu Jul 14 22:24:19 +0000 2011", "id": 91634153912664065, "id_str": "91634153912664065", "text": "At the gate, but not yet running: Rudy Giuliani outlines his positions in Hampton, New Hampshire - By Matt Kanner  http://t.co/SqRYokQ", "truncated": false, "entities": {"hashtags": [], "symbols": [], "user_mentions": [], "urls": [{"url": "http://t.co/SqRYokQ", "expanded_url": "http://www.wirenh.com/news-mainmenu-4/11-news-general/5093-at-the-gate-but-not-yet-running-rudy-giuliani-outlines-his-positions-in-hampton.html", "display_url": "wirenh.com/news-mainmenu-\u2026", "indices": [115, 134]}]}, "source": "<a href=\"http://twitter.com\" rel=\"nofollow\">Twitter Web Client</a>", "in_reply_to_status_id": null, "in_reply_to_status_id_str": null, "in_reply_to_user_id": null, "in_reply_to_user_id_str": null, "in_reply_to_screen_name": null, "user": {"id": 14186393, "id_str": "14186393", "name": "Aron Goldman", "screen_name": "ArgoJournal", "location": "Miami Beach, Florida", "description": "Publisher, The Argo Journal. Data journalist. @AP member. Email: info@ArgoJournal.com", "url": "https://t.co/U0tKNEeNpK", "entities": {"url": {"urls": [{"url": "https://t.co/U0tKNEeNpK", "expanded_url": "http://www.ArgoJournal.com", "display_url": "ArgoJournal.com", "indices": [0, 23]}]}, "description": {"urls": []}}, "protected": false, "followers_count": 2589, "friends_count": 5494, "listed_count": 183, "created_at": "Thu Mar 20 19:29:06 +0000 2008", "favourites_count": 229041, "utc_offset": null, "time_zone": null, "geo_enabled": true, "verified": false, "statuses_count": 871931, "lang": null, "contributors_enabled": false, "is_translator": false, "is_translation_enabled": false, "profile_background_color": "C0DEED", "profile_background_image_url": "http://abs.twimg.com/images/themes/theme1/bg.png", "profile_background_image_url_https": "https://abs.twimg.com/images/themes/theme1/bg.png", "profile_background_tile": false, "profile_image_url": "http://pbs.twimg.com/profile_images/1224029182700740608/vSOFpM8D_normal.jpg", "profile_image_url_https": "https://pbs.twimg.com/profile_images/1224029182700740608/vSOFpM8D_normal.jpg", "profile_banner_url": "https://pbs.twimg.com/profile_banners/14186393/1513579189", "profile_link_color": "1DA1F2", "profile_sidebar_border_color": "C0DEED", "profile_sidebar_fill_color": "DDEEF6", "profile_text_color": "333333", "profile_use_background_image": true, "has_extended_profile": true, "default_profile": true, "default_profile_image": false, "following": false, "follow_request_sent": false, "notifications": false, "translator_type": "none"}, "geo": null, "coordinates": null, "place": null, "contributors": null, "is_quote_status": false, "retweet_count": 1, "favorite_count": 0, "favorited": false, "retweeted": false, "possibly_sensitive": false, "lang": "en"}