{"created_at": "Thu Oct 19 12:30:00 +0000 2017", "id": 920990414236278790, "id_str": "920990414236278790", "text": "Hackers are targeting schools, US Department of Education warns https://t.co/KES6g1tb2B", "truncated": false, "entities": {"hashtags": [], "symbols": [], "user_mentions": [], "urls": [{"url": "https://t.co/KES6g1tb2B", "expanded_url": "http://bit.ly/2yzmwsg?utm_medium=social&utm_source=twitter_NewsChannel9", "display_url": "bit.ly/2yzmwsg?utm_me\u2026", "indices": [64, 87]}]}, "source": "<a href=\"http://www.socialnewsdesk.com\" rel=\"nofollow\">SocialNewsDesk</a>", "in_reply_to_status_id": null, "in_reply_to_status_id_str": null, "in_reply_to_user_id": null, "in_reply_to_user_id_str": null, "in_reply_to_screen_name": null, "user": {"id": 15135715, "id_str": "15135715", "name": "NewsChannel 9", "screen_name": "NewsChannel9", "location": "Syracuse, NY", "description": "Syracuse, NY: NewsChannel 9 WSYR provides the latest news, weather and sports for Central New York. #LocalSYR", "url": "http://t.co/jbx3DHmfAE", "entities": {"url": {"urls": [{"url": "http://t.co/jbx3DHmfAE", "expanded_url": "http://www.LocalSYR.com", "display_url": "LocalSYR.com", "indices": [0, 22]}]}, "description": {"urls": []}}, "protected": false, "followers_count": 77468, "friends_count": 240, "listed_count": 729, "created_at": "Mon Jun 16 16:24:45 +0000 2008", "favourites_count": 393, "utc_offset": null, "time_zone": null, "geo_enabled": true, "verified": true, "statuses_count": 66695, "lang": null, "contributors_enabled": false, "is_translator": false, "is_translation_enabled": false, "profile_background_color": "3662A2", "profile_background_image_url": "http://abs.twimg.com/images/themes/theme1/bg.png", "profile_background_image_url_https": "https://abs.twimg.com/images/themes/theme1/bg.png", "profile_background_tile": false, "profile_image_url": "http://pbs.twimg.com/profile_images/905025225120772096/7QVWJmjj_normal.jpg", "profile_image_url_https": "https://pbs.twimg.com/profile_images/905025225120772096/7QVWJmjj_normal.jpg", "profile_banner_url": "https://pbs.twimg.com/profile_banners/15135715/1398727852", "profile_link_color": "3661A2", "profile_sidebar_border_color": "000000", "profile_sidebar_fill_color": "EDEDED", "profile_text_color": "000000", "profile_use_background_image": false, "has_extended_profile": false, "default_profile": false, "default_profile_image": false, "following": false, "follow_request_sent": false, "notifications": false, "translator_type": "none"}, "geo": null, "coordinates": null, "place": null, "contributors": null, "is_quote_status": false, "retweet_count": 0, "favorite_count": 0, "favorited": false, "retweeted": false, "possibly_sensitive": false, "lang": "en"}