{"created_at": "Sun Oct 22 18:57:22 +0000 2017", "id": 922175063360761856, "id_str": "922175063360761856", "text": "CIA\u2019s final report: No WMD found in Iraq https://t.co/cwVq3ksd02", "truncated": false, "entities": {"hashtags": [], "symbols": [], "user_mentions": [], "urls": [{"url": "https://t.co/cwVq3ksd02", "expanded_url": "http://crwd.fr/2z1xDeV", "display_url": "crwd.fr/2z1xDeV", "indices": [41, 64]}]}, "source": "<a href=\"http://www.crowdfireapp.com\" rel=\"nofollow\">Crowdfire Inc.</a>", "in_reply_to_status_id": null, "in_reply_to_status_id_str": null, "in_reply_to_user_id": null, "in_reply_to_user_id_str": null, "in_reply_to_screen_name": null, "user": {"id": 2241270623, "id_str": "2241270623", "name": "Mo Akram #JC4PM2019 #GTTO \ud83c\udf39\ud83c\uddf5\ud83c\uddf8", "screen_name": "MoAkram8", "location": "sunny NEWCASTLE UK", "description": "ex Dwp and NHS Labour Member GMB #INTJ #BDS \ud83c\uddf5\ud83c\uddf8#JC4PM2019 #JC4PM RT not always an endorsement", "url": null, "entities": {"description": {"urls": []}}, "protected": false, "followers_count": 5994, "friends_count": 4154, "listed_count": 31, "created_at": "Tue Dec 24 08:50:57 +0000 2013", "favourites_count": 9566, "utc_offset": null, "time_zone": null, "geo_enabled": false, "verified": false, "statuses_count": 25232, "lang": null, "contributors_enabled": false, "is_translator": false, "is_translation_enabled": false, "profile_background_color": "C0DEED", "profile_background_image_url": "http://abs.twimg.com/images/themes/theme1/bg.png", "profile_background_image_url_https": "https://abs.twimg.com/images/themes/theme1/bg.png", "profile_background_tile": false, "profile_image_url": "http://pbs.twimg.com/profile_images/1135413146246635520/xPuDo-nw_normal.jpg", "profile_image_url_https": "https://pbs.twimg.com/profile_images/1135413146246635520/xPuDo-nw_normal.jpg", "profile_banner_url": "https://pbs.twimg.com/profile_banners/2241270623/1497083968", "profile_link_color": "1DA1F2", "profile_sidebar_border_color": "C0DEED", "profile_sidebar_fill_color": "DDEEF6", "profile_text_color": "333333", "profile_use_background_image": true, "has_extended_profile": true, "default_profile": true, "default_profile_image": false, "following": false, "follow_request_sent": false, "notifications": false, "translator_type": "none"}, "geo": null, "coordinates": null, "place": null, "contributors": null, "is_quote_status": false, "retweet_count": 2, "favorite_count": 0, "favorited": false, "retweeted": false, "possibly_sensitive": false, "lang": "en"}