{"created_at": "Thu Nov 09 23:59:33 +0000 2017", "id": 928774089111728128, "id_str": "928774089111728128", "text": "@voxdotcom @HannesHanath Human trafficking in USA is a huge problem. The US Department of education has a fact shee\u2026 https://t.co/YGF0icdXkU", "truncated": true, "entities": {"hashtags": [], "symbols": [], "user_mentions": [{"screen_name": "voxdotcom", "name": "Vox", "id": 2347049341, "id_str": "2347049341", "indices": [0, 10]}, {"screen_name": "HannesHanath", "name": "Hannes Hanath", "id": 4099926287, "id_str": "4099926287", "indices": [11, 24]}], "urls": [{"url": "https://t.co/YGF0icdXkU", "expanded_url": "https://twitter.com/i/web/status/928774089111728128", "display_url": "twitter.com/i/web/status/9\u2026", "indices": [117, 140]}]}, "source": "<a href=\"https://mobile.twitter.com\" rel=\"nofollow\">Twitter Web App</a>", "in_reply_to_status_id": 928762882250113024, "in_reply_to_status_id_str": "928762882250113024", "in_reply_to_user_id": 2347049341, "in_reply_to_user_id_str": "2347049341", "in_reply_to_screen_name": "voxdotcom", "user": {"id": 18245335, "id_str": "18245335", "name": "kenstremsky", "screen_name": "kenstremsky", "location": "Manchester, New Hampshire", "description": "", "url": null, "entities": {"description": {"urls": []}}, "protected": false, "followers_count": 153, "friends_count": 2061, "listed_count": 1, "created_at": "Fri Dec 19 16:49:53 +0000 2008", "favourites_count": 1129, "utc_offset": null, "time_zone": null, "geo_enabled": false, "verified": false, "statuses_count": 40828, "lang": null, "contributors_enabled": false, "is_translator": false, "is_translation_enabled": false, "profile_background_color": "C0DEED", "profile_background_image_url": "http://abs.twimg.com/images/themes/theme1/bg.png", "profile_background_image_url_https": "https://abs.twimg.com/images/themes/theme1/bg.png", "profile_background_tile": false, "profile_image_url": "http://abs.twimg.com/sticky/default_profile_images/default_profile_normal.png", "profile_image_url_https": "https://abs.twimg.com/sticky/default_profile_images/default_profile_normal.png", "profile_link_color": "1DA1F2", "profile_sidebar_border_color": "C0DEED", "profile_sidebar_fill_color": "DDEEF6", "profile_text_color": "333333", "profile_use_background_image": true, "has_extended_profile": false, "default_profile": true, "default_profile_image": true, "following": false, "follow_request_sent": false, "notifications": false, "translator_type": "none"}, "geo": null, "coordinates": null, "place": null, "contributors": null, "is_quote_status": false, "retweet_count": 0, "favorite_count": 0, "favorited": false, "retweeted": false, "lang": "en"}