{"created_at": "Mon Nov 13 19:30:22 +0000 2017", "id": 930155901130084355, "id_str": "930155901130084355", "text": "Remember ?\nUS Department of Education Changes  Sexual Assault Guidelines.\n\nBetsy DeVos said that schools need to ch\u2026 https://t.co/8ADV51WSNl", "truncated": true, "entities": {"hashtags": [], "symbols": [], "user_mentions": [], "urls": [{"url": "https://t.co/8ADV51WSNl", "expanded_url": "https://twitter.com/i/web/status/930155901130084355", "display_url": "twitter.com/i/web/status/9\u2026", "indices": [117, 140]}]}, "source": "<a href=\"https://about.twitter.com/products/tweetdeck\" rel=\"nofollow\">TweetDeck</a>", "in_reply_to_status_id": null, "in_reply_to_status_id_str": null, "in_reply_to_user_id": null, "in_reply_to_user_id_str": null, "in_reply_to_screen_name": null, "user": {"id": 2166639265, "id_str": "2166639265", "name": "Agent OrangeSkin", "screen_name": "agentorangeskin", "location": "United States", "description": "Drug and Alcohol Treatment Specialist. Attorneys General Substance Abuse Task Force Never lie, be decent, love, lost, find it again. \ud83d\ude09https://t.co/N0kfOvhKLi", "url": null, "entities": {"description": {"urls": [{"url": "https://t.co/N0kfOvhKLi", "expanded_url": "http://twitr.buzz/agentorangeskin", "display_url": "twitr.buzz/agentorangeskin", "indices": [134, 157]}]}}, "protected": false, "followers_count": 2810, "friends_count": 2644, "listed_count": 9, "created_at": "Thu Oct 31 13:33:45 +0000 2013", "favourites_count": 61161, "utc_offset": null, "time_zone": null, "geo_enabled": true, "verified": false, "statuses_count": 54925, "lang": null, "contributors_enabled": false, "is_translator": false, "is_translation_enabled": true, "profile_background_color": "C0DEED", "profile_background_image_url": "http://abs.twimg.com/images/themes/theme1/bg.png", "profile_background_image_url_https": "https://abs.twimg.com/images/themes/theme1/bg.png", "profile_background_tile": false, "profile_image_url": "http://pbs.twimg.com/profile_images/1084120041342275585/FCw4zxst_normal.jpg", "profile_image_url_https": "https://pbs.twimg.com/profile_images/1084120041342275585/FCw4zxst_normal.jpg", "profile_banner_url": "https://pbs.twimg.com/profile_banners/2166639265/1517629104", "profile_link_color": "1B95E0", "profile_sidebar_border_color": "C0DEED", "profile_sidebar_fill_color": "DDEEF6", "profile_text_color": "333333", "profile_use_background_image": true, "has_extended_profile": true, "default_profile": false, "default_profile_image": false, "following": false, "follow_request_sent": false, "notifications": false, "translator_type": "none"}, "geo": null, "coordinates": null, "place": null, "contributors": null, "is_quote_status": false, "retweet_count": 0, "favorite_count": 3, "favorited": false, "retweeted": false, "possibly_sensitive": false, "lang": "en"}