{"created_at": "Wed Nov 15 20:32:45 +0000 2017", "id": 930896372940845058, "id_str": "930896372940845058", "text": "Barack Obama - Yes Michelle Obama IS A MAN / TRANSGENDER https://t.co/o7w0DXqKo1 via @YouTube", "truncated": false, "entities": {"hashtags": [], "symbols": [], "user_mentions": [{"screen_name": "YouTube", "name": "YouTube", "id": 10228272, "id_str": "10228272", "indices": [85, 93]}], "urls": [{"url": "https://t.co/o7w0DXqKo1", "expanded_url": "https://youtu.be/8DqymJ5WTzc", "display_url": "youtu.be/8DqymJ5WTzc", "indices": [57, 80]}]}, "source": "<a href=\"http://twitter.com\" rel=\"nofollow\">Twitter Web Client</a>", "in_reply_to_status_id": null, "in_reply_to_status_id_str": null, "in_reply_to_user_id": null, "in_reply_to_user_id_str": null, "in_reply_to_screen_name": null, "user": {"id": 24702075, "id_str": "24702075", "name": "EAGLE of APOC. 8:13", "screen_name": "ArcturusRex", "location": "Alternate is @FloridaKnight36 ", "description": "And I beheld: and heard the voice of an EAGLE flying through the midst of heaven saying with a loud voice: WOE, WOE, WOE to the inhabitants of the earth!", "url": null, "entities": {"description": {"urls": []}}, "protected": false, "followers_count": 935, "friends_count": 2901, "listed_count": 91, "created_at": "Mon Mar 16 14:52:54 +0000 2009", "favourites_count": 27049, "utc_offset": null, "time_zone": null, "geo_enabled": true, "verified": false, "statuses_count": 89334, "lang": null, "contributors_enabled": false, "is_translator": false, "is_translation_enabled": false, "profile_background_color": "000000", "profile_background_image_url": "http://abs.twimg.com/images/themes/theme1/bg.png", "profile_background_image_url_https": "https://abs.twimg.com/images/themes/theme1/bg.png", "profile_background_tile": false, "profile_image_url": "http://pbs.twimg.com/profile_images/1522236359/EAGLE_20of_20APOCALYPSE_20VIII__2013_1__normal.jpg", "profile_image_url_https": "https://pbs.twimg.com/profile_images/1522236359/EAGLE_20of_20APOCALYPSE_20VIII__2013_1__normal.jpg", "profile_banner_url": "https://pbs.twimg.com/profile_banners/24702075/1488485827", "profile_link_color": "E81C4F", "profile_sidebar_border_color": "000000", "profile_sidebar_fill_color": "000000", "profile_text_color": "000000", "profile_use_background_image": false, "has_extended_profile": true, "default_profile": false, "default_profile_image": false, "following": false, "follow_request_sent": false, "notifications": false, "translator_type": "none"}, "geo": null, "coordinates": null, "place": null, "contributors": null, "is_quote_status": false, "retweet_count": 1, "favorite_count": 0, "favorited": false, "retweeted": false, "possibly_sensitive": false, "lang": "en"}