{"created_at": "Fri Nov 24 23:16:18 +0000 2017", "id": 934199022411231232, "id_str": "934199022411231232", "text": "Once you have a student's name, birthday and SSN, the US Department of Education will give you EVERYTHING else https://t.co/Sb2PVk99aq", "truncated": false, "entities": {"hashtags": [], "symbols": [], "user_mentions": [], "urls": [{"url": "https://t.co/Sb2PVk99aq", "expanded_url": "https://boingboing.net/2017/11/24/ssns-cost-4-bucks.html", "display_url": "boingboing.net/2017/11/24/ssn\u2026", "indices": [111, 134]}]}, "source": "<a href=\"http://twitter.com/download/android\" rel=\"nofollow\">Twitter for Android</a>", "in_reply_to_status_id": null, "in_reply_to_status_id_str": null, "in_reply_to_user_id": null, "in_reply_to_user_id_str": null, "in_reply_to_screen_name": null, "user": {"id": 1053432535, "id_str": "1053432535", "name": "Patricia 'TheSquad' Ange B Writing", "screen_name": "ange_patricia", "location": "Florida, USA", "description": "#MotherDaughterSistaFriend #FAMUly #HBCU #SchPsych #Educator #Sexpert #Advocate #Counselor #Healer #InvisibleDisability #Fibromyalgia #Poet #Storyteller #Author", "url": "https://t.co/DUpsEN0xlQ", "entities": {"url": {"urls": [{"url": "https://t.co/DUpsEN0xlQ", "expanded_url": "https://patriciaange.wordpress.com/", "display_url": "patriciaange.wordpress.com", "indices": [0, 23]}]}, "description": {"urls": []}}, "protected": false, "followers_count": 992, "friends_count": 5000, "listed_count": 150, "created_at": "Tue Jan 01 20:27:27 +0000 2013", "favourites_count": 54306, "utc_offset": null, "time_zone": null, "geo_enabled": false, "verified": false, "statuses_count": 165445, "lang": null, "contributors_enabled": false, "is_translator": false, "is_translation_enabled": false, "profile_background_color": "EBCEC1", "profile_background_image_url": "http://abs.twimg.com/images/themes/theme1/bg.png", "profile_background_image_url_https": "https://abs.twimg.com/images/themes/theme1/bg.png", "profile_background_tile": true, "profile_image_url": "http://pbs.twimg.com/profile_images/1278542663030050816/1ew5_R7M_normal.jpg", "profile_image_url_https": "https://pbs.twimg.com/profile_images/1278542663030050816/1ew5_R7M_normal.jpg", "profile_banner_url": "https://pbs.twimg.com/profile_banners/1053432535/1551815730", "profile_link_color": "FA743E", "profile_sidebar_border_color": "FFFFFF", "profile_sidebar_fill_color": "DDEEF6", "profile_text_color": "333333", "profile_use_background_image": true, "has_extended_profile": true, "default_profile": false, "default_profile_image": false, "following": false, "follow_request_sent": false, "notifications": false, "translator_type": "none"}, "geo": null, "coordinates": null, "place": null, "contributors": null, "is_quote_status": false, "retweet_count": 0, "favorite_count": 0, "favorited": false, "retweeted": false, "possibly_sensitive": true, "lang": "en"}