{"created_at": "Wed Nov 29 16:47:56 +0000 2017", "id": 935913229154504704, "id_str": "935913229154504704", "text": "Quite literally, @realdonaldtrump $1.5 trillion tax cut could pay for U.S. infrastructure according estimates by Am\u2026 https://t.co/THrIiOGmet", "truncated": true, "entities": {"hashtags": [], "symbols": [], "user_mentions": [{"screen_name": "realDonaldTrump", "name": "Donald J. Trump", "id": 25073877, "id_str": "25073877", "indices": [17, 33]}], "urls": [{"url": "https://t.co/THrIiOGmet", "expanded_url": "https://twitter.com/i/web/status/935913229154504704", "display_url": "twitter.com/i/web/status/9\u2026", "indices": [117, 140]}]}, "source": "<a href=\"http://twitter.com\" rel=\"nofollow\">Twitter Web Client</a>", "in_reply_to_status_id": null, "in_reply_to_status_id_str": null, "in_reply_to_user_id": null, "in_reply_to_user_id_str": null, "in_reply_to_screen_name": null, "user": {"id": 193883220, "id_str": "193883220", "name": "W.A. Foster, IV", "screen_name": "AstroEconomist", "location": "", "description": "Finance. Foreign Policy. Space. HBCU Institutional Builder. Proud alumnus: Economics @VSU_1882, Comm. Dev. @PVAMU. Cigar, steak, & wine are the perfect day.", "url": "https://t.co/0Qulj6IiDl", "entities": {"url": {"urls": [{"url": "https://t.co/0Qulj6IiDl", "expanded_url": "http://www.hbcumoney.com", "display_url": "hbcumoney.com", "indices": [0, 23]}]}, "description": {"urls": []}}, "protected": false, "followers_count": 707, "friends_count": 2960, "listed_count": 27, "created_at": "Wed Sep 22 22:01:50 +0000 2010", "favourites_count": 3580, "utc_offset": null, "time_zone": null, "geo_enabled": true, "verified": false, "statuses_count": 28431, "lang": null, "contributors_enabled": false, "is_translator": false, "is_translation_enabled": false, "profile_background_color": "1A1B1F", "profile_background_image_url": "http://abs.twimg.com/images/themes/theme9/bg.gif", "profile_background_image_url_https": "https://abs.twimg.com/images/themes/theme9/bg.gif", "profile_background_tile": false, "profile_image_url": "http://pbs.twimg.com/profile_images/1305883425140887552/mHLPYl7D_normal.jpg", "profile_image_url_https": "https://pbs.twimg.com/profile_images/1305883425140887552/mHLPYl7D_normal.jpg", "profile_banner_url": "https://pbs.twimg.com/profile_banners/193883220/1567086054", "profile_link_color": "2FC2EF", "profile_sidebar_border_color": "181A1E", "profile_sidebar_fill_color": "252429", "profile_text_color": "666666", "profile_use_background_image": true, "has_extended_profile": true, "default_profile": false, "default_profile_image": false, "following": false, "follow_request_sent": false, "notifications": false, "translator_type": "none"}, "geo": null, "coordinates": null, "place": null, "contributors": null, "is_quote_status": false, "retweet_count": 0, "favorite_count": 0, "favorited": false, "retweeted": false, "lang": "en"}