{"created_at": "Fri Dec 01 17:39:57 +0000 2017", "id": 936651094134018048, "id_str": "936651094134018048", "text": "@GoodloveRev @TherealDex1 @chibearfan74_jr @APGsMom @89wunderlust @Lauremari2 @riseup1moretime @shotgunn28\u2026 https://t.co/ZZSLACXWkr", "truncated": true, "entities": {"hashtags": [], "symbols": [], "user_mentions": [{"screen_name": "GoodloveRev", "name": "Da sKKKurred Negro", "id": 3419996265, "id_str": "3419996265", "indices": [0, 12]}, {"screen_name": "TherealDex1", "name": "Dexter C MacBride", "id": 917115719040499715, "id_str": "917115719040499715", "indices": [13, 25]}, {"screen_name": "chibearfan74_jr", "name": "Rafael Jr. \ud83c\uddfa\ud83c\uddf8", "id": 3159556177, "id_str": "3159556177", "indices": [26, 42]}, {"screen_name": "APGsMom", "name": "Mary", "id": 3368016653, "id_str": "3368016653", "indices": [43, 51]}, {"screen_name": "89wunderlust", "name": "Sherrie Kaw", "id": 384303277, "id_str": "384303277", "indices": [52, 65]}, {"screen_name": "Lauremari2", "name": "Rogue_Laure \ud83d\udc99 \ud83c\uddfa\ud83c\uddf8 \ud83d\udc99", "id": 168075186, "id_str": "168075186", "indices": [66, 77]}, {"screen_name": "riseup1moretime", "name": "\ud83c\uddfa\ud83c\uddf2 GOP stands for \ud83c\uddf7\ud83c\uddfaGovt of Putin\ud83d\udc82", "id": 879371244059152384, "id_str": "879371244059152384", "indices": [78, 94]}, {"screen_name": "shotgunn28", "name": "Sher .. Wild Hair Don't Care", "id": 2441578178, "id_str": "2441578178", "indices": [95, 106]}], "urls": [{"url": "https://t.co/ZZSLACXWkr", "expanded_url": "https://twitter.com/i/web/status/936651094134018048", "display_url": "twitter.com/i/web/status/9\u2026", "indices": [108, 131]}]}, "source": "<a href=\"http://twitter.com/download/iphone\" rel=\"nofollow\">Twitter for iPhone</a>", "in_reply_to_status_id": 936599560230719496, "in_reply_to_status_id_str": "936599560230719496", "in_reply_to_user_id": 3419996265, "in_reply_to_user_id_str": "3419996265", "in_reply_to_screen_name": "GoodloveRev", "user": {"id": 24079322, "id_str": "24079322", "name": "Cat {\u272849 Days to Go\u2728}", "screen_name": "yeahunoeme", "location": "Right Here, Right Now", "description": "If you support Trump please don\u2019t tweet at me. You will be blocked if you\u2019re rude or disrespectful. #BlackLivesMatter #RightMatters #OneVoice1 #Z24 #Fresh", "url": null, "entities": {"description": {"urls": []}}, "protected": false, "followers_count": 16213, "friends_count": 15076, "listed_count": 9, "created_at": "Fri Mar 13 00:09:00 +0000 2009", "favourites_count": 132863, "utc_offset": null, "time_zone": null, "geo_enabled": true, "verified": false, "statuses_count": 91132, "lang": null, "contributors_enabled": false, "is_translator": false, "is_translation_enabled": false, "profile_background_color": "C0DEED", "profile_background_image_url": "http://abs.twimg.com/images/themes/theme1/bg.png", "profile_background_image_url_https": "https://abs.twimg.com/images/themes/theme1/bg.png", "profile_background_tile": false, "profile_image_url": "http://pbs.twimg.com/profile_images/1269508201453584385/DqfWA8LH_normal.jpg", "profile_image_url_https": "https://pbs.twimg.com/profile_images/1269508201453584385/DqfWA8LH_normal.jpg", "profile_banner_url": "https://pbs.twimg.com/profile_banners/24079322/1589923312", "profile_link_color": "1DA1F2", "profile_sidebar_border_color": "C0DEED", "profile_sidebar_fill_color": "DDEEF6", "profile_text_color": "333333", "profile_use_background_image": true, "has_extended_profile": false, "default_profile": true, "default_profile_image": false, "following": false, "follow_request_sent": false, "notifications": false, "translator_type": "none"}, "geo": null, "coordinates": null, "place": null, "contributors": null, "is_quote_status": false, "retweet_count": 12, "favorite_count": 12, "favorited": false, "retweeted": false, "possibly_sensitive": false, "lang": "en"}