{"created_at": "Sun Dec 03 18:19:30 +0000 2017", "id": 937385823250665472, "id_str": "937385823250665472", "text": "Teachers the US Department of Education budget $68 Billion a year. That would but alot of school stuff for the class rooms!!!", "truncated": false, "entities": {"hashtags": [], "symbols": [], "user_mentions": [], "urls": []}, "source": "<a href=\"http://twitter.com/download/android\" rel=\"nofollow\">Twitter for Android</a>", "in_reply_to_status_id": null, "in_reply_to_status_id_str": null, "in_reply_to_user_id": null, "in_reply_to_user_id_str": null, "in_reply_to_screen_name": null, "user": {"id": 76727428, "id_str": "76727428", "name": "Leinbach Services", "screen_name": "LeinbachService", "location": "Kingsport, TN", "description": "Making homeownership easier with Heating and Cooling, handyman, Plumbing and Gas services. Serving Kingsport, Johnson City, and Bristol, TN.", "url": "https://t.co/2X3U3phGGu", "entities": {"url": {"urls": [{"url": "https://t.co/2X3U3phGGu", "expanded_url": "http://www.leinbachservices.com", "display_url": "leinbachservices.com", "indices": [0, 23]}]}, "description": {"urls": []}}, "protected": false, "followers_count": 571, "friends_count": 1084, "listed_count": 10, "created_at": "Wed Sep 23 19:13:28 +0000 2009", "favourites_count": 1189, "utc_offset": null, "time_zone": null, "geo_enabled": false, "verified": false, "statuses_count": 1330, "lang": null, "contributors_enabled": false, "is_translator": false, "is_translation_enabled": false, "profile_background_color": "C0DEED", "profile_background_image_url": "http://abs.twimg.com/images/themes/theme1/bg.png", "profile_background_image_url_https": "https://abs.twimg.com/images/themes/theme1/bg.png", "profile_background_tile": false, "profile_image_url": "http://pbs.twimg.com/profile_images/951198691796312065/_ysu7jH8_normal.jpg", "profile_image_url_https": "https://pbs.twimg.com/profile_images/951198691796312065/_ysu7jH8_normal.jpg", "profile_banner_url": "https://pbs.twimg.com/profile_banners/76727428/1522437098", "profile_link_color": "1DA1F2", "profile_sidebar_border_color": "C0DEED", "profile_sidebar_fill_color": "DDEEF6", "profile_text_color": "333333", "profile_use_background_image": true, "has_extended_profile": false, "default_profile": true, "default_profile_image": false, "following": false, "follow_request_sent": false, "notifications": false, "translator_type": "none"}, "geo": null, "coordinates": null, "place": null, "contributors": null, "is_quote_status": false, "retweet_count": 0, "favorite_count": 0, "favorited": false, "retweeted": false, "lang": "en"}