{"created_at": "Wed Dec 06 19:11:04 +0000 2017", "id": 938485965013897216, "id_str": "938485965013897216", "text": "A good day to play Turok Dinosaur Hunter (N64) on the Nvidia Shield. #terrencej\u2026 https://t.co/Ksyh1tLtka https://t.co/QfXtMLppvQ", "truncated": false, "entities": {"hashtags": [{"text": "terrencej", "indices": [69, 79]}], "symbols": [], "user_mentions": [], "urls": [{"url": "https://t.co/Ksyh1tLtka", "expanded_url": "http://www.retrotech.info/nintendo/n64/a-good-day-to-play-turok-dinosaur-hunter-n64-on-the-nvidia-shield-terrencej/", "display_url": "retrotech.info/nintendo/n64/a\u2026", "indices": [81, 104]}], "media": [{"id": 938485962023170049, "id_str": "938485962023170049", "indices": [105, 128], "media_url": "http://pbs.twimg.com/media/DQYsApkU8AEABsM.jpg", "media_url_https": "https://pbs.twimg.com/media/DQYsApkU8AEABsM.jpg", "url": "https://t.co/QfXtMLppvQ", "display_url": "pic.twitter.com/QfXtMLppvQ", "expanded_url": "https://twitter.com/retrotechinfo/status/938485965013897216/photo/1", "type": "photo", "sizes": {"small": {"w": 680, "h": 680, "resize": "fit"}, "thumb": {"w": 150, "h": 150, "resize": "crop"}, "large": {"w": 1024, "h": 1024, "resize": "fit"}, "medium": {"w": 1024, "h": 1024, "resize": "fit"}}}]}, "extended_entities": {"media": [{"id": 938485962023170049, "id_str": "938485962023170049", "indices": [105, 128], "media_url": "http://pbs.twimg.com/media/DQYsApkU8AEABsM.jpg", "media_url_https": "https://pbs.twimg.com/media/DQYsApkU8AEABsM.jpg", "url": "https://t.co/QfXtMLppvQ", "display_url": "pic.twitter.com/QfXtMLppvQ", "expanded_url": "https://twitter.com/retrotechinfo/status/938485965013897216/photo/1", "type": "photo", "sizes": {"small": {"w": 680, "h": 680, "resize": "fit"}, "thumb": {"w": 150, "h": 150, "resize": "crop"}, "large": {"w": 1024, "h": 1024, "resize": "fit"}, "medium": {"w": 1024, "h": 1024, "resize": "fit"}}}]}, "source": "<a href=\"http://publicize.wp.com/\" rel=\"nofollow\">WordPress.com</a>", "in_reply_to_status_id": null, "in_reply_to_status_id_str": null, "in_reply_to_user_id": null, "in_reply_to_user_id_str": null, "in_reply_to_screen_name": null, "user": {"id": 835898041534201856, "id_str": "835898041534201856", "name": "retrotech", "screen_name": "retrotechinfo", "location": "United Kingdom", "description": "A #retrogaming #nerd that loves #oldschool #videogames & #videogamerepair & #bargains", "url": "https://t.co/zSJHSAh64Z", "entities": {"url": {"urls": [{"url": "https://t.co/zSJHSAh64Z", "expanded_url": "http://retrotech.info", "display_url": "retrotech.info", "indices": [0, 23]}]}, "description": {"urls": []}}, "protected": false, "followers_count": 4851, "friends_count": 5099, "listed_count": 50, "created_at": "Sun Feb 26 17:03:18 +0000 2017", "favourites_count": 480, "utc_offset": null, "time_zone": null, "geo_enabled": false, "verified": false, "statuses_count": 86719, "lang": null, "contributors_enabled": false, "is_translator": false, "is_translation_enabled": false, "profile_background_color": "F5F8FA", "profile_background_image_url": null, "profile_background_image_url_https": null, "profile_background_tile": false, "profile_image_url": "http://pbs.twimg.com/profile_images/836674980377153536/PwxE2A5H_normal.jpg", "profile_image_url_https": "https://pbs.twimg.com/profile_images/836674980377153536/PwxE2A5H_normal.jpg", "profile_banner_url": "https://pbs.twimg.com/profile_banners/835898041534201856/1488313855", "profile_link_color": "1DA1F2", "profile_sidebar_border_color": "C0DEED", "profile_sidebar_fill_color": "DDEEF6", "profile_text_color": "333333", "profile_use_background_image": true, "has_extended_profile": true, "default_profile": true, "default_profile_image": false, "following": false, "follow_request_sent": false, "notifications": false, "translator_type": "none"}, "geo": null, "coordinates": null, "place": null, "contributors": null, "is_quote_status": false, "retweet_count": 0, "favorite_count": 0, "favorited": false, "retweeted": false, "possibly_sensitive": false, "lang": "en"}