{"created_at": "Thu Dec 07 00:10:10 +0000 2017", "id": 938561234571366400, "id_str": "938561234571366400", "text": "@kidoctr @jhewitt123 @Vbalance03 @Joshua1_5 @3worldmom @wendy_frye @ThisMomHCN @PharmaNemesis @badzoot7\u2026 https://t.co/dPISWtZ3W3", "truncated": true, "entities": {"hashtags": [], "symbols": [], "user_mentions": [{"screen_name": "kidoctr", "name": "Eve Switzer MD, FAAP", "id": 30974896, "id_str": "30974896", "indices": [0, 8]}, {"screen_name": "jhewitt123", "name": "John Hewitt USA", "id": 106702194, "id_str": "106702194", "indices": [9, 20]}, {"screen_name": "Vbalance03", "name": "4health", "id": 398400514, "id_str": "398400514", "indices": [21, 32]}, {"screen_name": "Joshua1_5", "name": "Steward of the Earth", "id": 38741486, "id_str": "38741486", "indices": [33, 43]}, {"screen_name": "3worldmom", "name": "TNI", "id": 282055166, "id_str": "282055166", "indices": [44, 54]}, {"screen_name": "wendy_frye", "name": "Wendy Frye", "id": 2775732404, "id_str": "2775732404", "indices": [55, 66]}, {"screen_name": "ThisMomHCN", "name": "ThisMomHCN", "id": 1272804103593226241, "id_str": "1272804103593226241", "indices": [67, 78]}, {"screen_name": "PharmaNemesis", "name": "Dr Phyto", "id": 738184695599357953, "id_str": "738184695599357953", "indices": [79, 93]}, {"screen_name": "badzoot7", "name": "zoot", "id": 609058571, "id_str": "609058571", "indices": [94, 103]}], "urls": [{"url": "https://t.co/dPISWtZ3W3", "expanded_url": "https://twitter.com/i/web/status/938561234571366400", "display_url": "twitter.com/i/web/status/9\u2026", "indices": [105, 128]}]}, "source": "<a href=\"http://twitter.com\" rel=\"nofollow\">Twitter Web Client</a>", "in_reply_to_status_id": 938558868879130624, "in_reply_to_status_id_str": "938558868879130624", "in_reply_to_user_id": 30974896, "in_reply_to_user_id_str": "30974896", "in_reply_to_screen_name": "kidoctr", "user": {"id": 4611508512, "id_str": "4611508512", "name": "Harold Clarkson", "screen_name": "BGLTHMND", "location": "West Coast baby", "description": "\ud83c\uddfa\ud83c\uddf2\ud83c\uddfa\ud83c\uddf2U.S. Constitution, Law and Order, God, liberty, Freedom Trumps security\ud83c\uddfa\ud83c\uddf2\ud83c\uddfa\ud83c\uddf2\n\n#MAGA\n\n#AmericanPatriot", "url": null, "entities": {"description": {"urls": []}}, "protected": false, "followers_count": 4172, "friends_count": 5001, "listed_count": 5, "created_at": "Sun Dec 20 10:35:24 +0000 2015", "favourites_count": 31566, "utc_offset": null, "time_zone": null, "geo_enabled": false, "verified": false, "statuses_count": 39287, "lang": null, "contributors_enabled": false, "is_translator": false, "is_translation_enabled": false, "profile_background_color": "F5F8FA", "profile_background_image_url": null, "profile_background_image_url_https": null, "profile_background_tile": false, "profile_image_url": "http://pbs.twimg.com/profile_images/1277078003583864832/Zf9TEl1X_normal.jpg", "profile_image_url_https": "https://pbs.twimg.com/profile_images/1277078003583864832/Zf9TEl1X_normal.jpg", "profile_banner_url": "https://pbs.twimg.com/profile_banners/4611508512/1556085907", "profile_link_color": "1DA1F2", "profile_sidebar_border_color": "C0DEED", "profile_sidebar_fill_color": "DDEEF6", "profile_text_color": "333333", "profile_use_background_image": true, "has_extended_profile": false, "default_profile": true, "default_profile_image": false, "following": false, "follow_request_sent": false, "notifications": false, "translator_type": "none"}, "geo": null, "coordinates": null, "place": null, "contributors": null, "is_quote_status": false, "retweet_count": 1, "favorite_count": 1, "favorited": false, "retweeted": false, "lang": "en"}