{"created_at": "Sat Dec 09 02:00:36 +0000 2017", "id": 939313799366168582, "id_str": "939313799366168582", "text": "American Society of Civil Engineers\u2019 2017 report card indicates there have been no substantial improvements to this\u2026 https://t.co/qmQXrgMCX4", "truncated": true, "entities": {"hashtags": [], "symbols": [], "user_mentions": [], "urls": [{"url": "https://t.co/qmQXrgMCX4", "expanded_url": "https://twitter.com/i/web/status/939313799366168582", "display_url": "twitter.com/i/web/status/9\u2026", "indices": [117, 140]}]}, "source": "<a href=\"http://www.hootsuite.com\" rel=\"nofollow\">Hootsuite</a>", "in_reply_to_status_id": null, "in_reply_to_status_id_str": null, "in_reply_to_user_id": null, "in_reply_to_user_id_str": null, "in_reply_to_screen_name": null, "user": {"id": 164431348, "id_str": "164431348", "name": "Mead & Hunt", "screen_name": "MeadHunt", "location": "pr@meadhunt.com", "description": "EXPERIENCE EXCEPTIONAL. Experienced planners, designers, engineers and architects. Serving markets nationwide. 888-364-7272", "url": "http://t.co/OQQZ7UCZEM", "entities": {"url": {"urls": [{"url": "http://t.co/OQQZ7UCZEM", "expanded_url": "http://www.meadhunt.com", "display_url": "meadhunt.com", "indices": [0, 22]}]}, "description": {"urls": []}}, "protected": false, "followers_count": 2897, "friends_count": 3359, "listed_count": 163, "created_at": "Thu Jul 08 21:36:24 +0000 2010", "favourites_count": 2169, "utc_offset": null, "time_zone": null, "geo_enabled": false, "verified": false, "statuses_count": 22509, "lang": null, "contributors_enabled": false, "is_translator": false, "is_translation_enabled": false, "profile_background_color": "FAFDFF", "profile_background_image_url": "http://abs.twimg.com/images/themes/theme1/bg.png", "profile_background_image_url_https": "https://abs.twimg.com/images/themes/theme1/bg.png", "profile_background_tile": true, "profile_image_url": "http://pbs.twimg.com/profile_images/1138135439930482688/rHH8jpmJ_normal.png", "profile_image_url_https": "https://pbs.twimg.com/profile_images/1138135439930482688/rHH8jpmJ_normal.png", "profile_banner_url": "https://pbs.twimg.com/profile_banners/164431348/1560192331", "profile_link_color": "000FB3", "profile_sidebar_border_color": "FFFFFF", "profile_sidebar_fill_color": "EAE5E0", "profile_text_color": "333333", "profile_use_background_image": true, "has_extended_profile": false, "default_profile": false, "default_profile_image": false, "following": false, "follow_request_sent": false, "notifications": false, "translator_type": "none"}, "geo": null, "coordinates": null, "place": null, "contributors": null, "is_quote_status": false, "retweet_count": 0, "favorite_count": 0, "favorited": false, "retweeted": false, "possibly_sensitive": false, "lang": "en"}