{"created_at": "Thu Dec 14 20:52:59 +0000 2017", "id": 941410716229058560, "id_str": "941410716229058560", "text": "Save the date for a free @educause Live! webinar on January 25 (1-2 pm ET) with US Department of Education\u2019s Chief\u2026 https://t.co/09UB3lzmkp", "truncated": true, "entities": {"hashtags": [], "symbols": [], "user_mentions": [{"screen_name": "educause", "name": "EDUCAUSE", "id": 15237481, "id_str": "15237481", "indices": [25, 34]}], "urls": [{"url": "https://t.co/09UB3lzmkp", "expanded_url": "https://twitter.com/i/web/status/941410716229058560", "display_url": "twitter.com/i/web/status/9\u2026", "indices": [116, 139]}]}, "source": "<a href=\"https://about.twitter.com/products/tweetdeck\" rel=\"nofollow\">TweetDeck</a>", "in_reply_to_status_id": null, "in_reply_to_status_id_str": null, "in_reply_to_user_id": null, "in_reply_to_user_id_str": null, "in_reply_to_screen_name": null, "user": {"id": 145337153, "id_str": "145337153", "name": "EDUCAUSE Higher Ed InfoSec Council", "screen_name": "HEISCouncil", "location": "", "description": "The @EDUCAUSE Higher Education Information Security Council (HEISC) works to improve campus #InfoSec & #Privacy programs across #HigherEd.", "url": "https://t.co/PZorLjd7Lt", "entities": {"url": {"urls": [{"url": "https://t.co/PZorLjd7Lt", "expanded_url": "https://www.educause.edu/security", "display_url": "educause.edu/security", "indices": [0, 23]}]}, "description": {"urls": []}}, "protected": false, "followers_count": 3188, "friends_count": 2686, "listed_count": 298, "created_at": "Tue May 18 18:32:12 +0000 2010", "favourites_count": 6712, "utc_offset": null, "time_zone": null, "geo_enabled": false, "verified": false, "statuses_count": 10221, "lang": null, "contributors_enabled": false, "is_translator": false, "is_translation_enabled": false, "profile_background_color": "FFFFFF", "profile_background_image_url": "http://abs.twimg.com/images/themes/theme3/bg.gif", "profile_background_image_url_https": "https://abs.twimg.com/images/themes/theme3/bg.gif", "profile_background_tile": false, "profile_image_url": "http://pbs.twimg.com/profile_images/516715728381026305/Kx_Eu20j_normal.jpeg", "profile_image_url_https": "https://pbs.twimg.com/profile_images/516715728381026305/Kx_Eu20j_normal.jpeg", "profile_banner_url": "https://pbs.twimg.com/profile_banners/145337153/1588705967", "profile_link_color": "3B94D9", "profile_sidebar_border_color": "FFFFFF", "profile_sidebar_fill_color": "E3E2DE", "profile_text_color": "634047", "profile_use_background_image": true, "has_extended_profile": false, "default_profile": false, "default_profile_image": false, "following": false, "follow_request_sent": false, "notifications": false, "translator_type": "none"}, "geo": null, "coordinates": null, "place": null, "contributors": null, "is_quote_status": false, "retweet_count": 2, "favorite_count": 0, "favorited": false, "retweeted": false, "possibly_sensitive": false, "lang": "en"}