{"created_at": "Fri Oct 03 17:38:21 +0000 2008", "id": 945210227, "id_str": "945210227", "text": "Top Stories: CQ Transcript: Ralph Nader Is Interviewed on CNN\u2019s 'American Morning' http://tinyurl.com/3mncr2", "truncated": false, "entities": {"hashtags": [], "symbols": [], "user_mentions": [], "urls": []}, "source": "<a href=\"http://twitter.com\" rel=\"nofollow\">Twitter Web Client</a>", "in_reply_to_status_id": null, "in_reply_to_status_id_str": null, "in_reply_to_user_id": null, "in_reply_to_user_id_str": null, "in_reply_to_screen_name": null, "user": {"id": 15918708, "id_str": "15918708", "name": "Roll Call Politics", "screen_name": "rollcallpols", "location": "Washington, D.C.", "description": "The original leader in Congressional campaign political coverage. More from @RollCall's @EricMGarcia, @SFPathe, @Alex_Roarty and @EYokley.", "url": "https://t.co/8jRZG3RLOT", "entities": {"url": {"urls": [{"url": "https://t.co/8jRZG3RLOT", "expanded_url": "http://atr.rollcall.com", "display_url": "atr.rollcall.com", "indices": [0, 23]}]}, "description": {"urls": []}}, "protected": false, "followers_count": 116619, "friends_count": 656, "listed_count": 4616, "created_at": "Wed Aug 20 15:27:35 +0000 2008", "favourites_count": 5, "utc_offset": null, "time_zone": null, "geo_enabled": false, "verified": false, "statuses_count": 43125, "lang": null, "contributors_enabled": false, "is_translator": false, "is_translation_enabled": false, "profile_background_color": "FFFFFF", "profile_background_image_url": "http://abs.twimg.com/images/themes/theme1/bg.png", "profile_background_image_url_https": "https://abs.twimg.com/images/themes/theme1/bg.png", "profile_background_tile": false, "profile_image_url": "http://pbs.twimg.com/profile_images/702915817487409152/4rWVcxpR_normal.jpg", "profile_image_url_https": "https://pbs.twimg.com/profile_images/702915817487409152/4rWVcxpR_normal.jpg", "profile_banner_url": "https://pbs.twimg.com/profile_banners/15918708/1456418332", "profile_link_color": "257095", "profile_sidebar_border_color": "FFFFFF", "profile_sidebar_fill_color": "F8F8F8", "profile_text_color": "555555", "profile_use_background_image": true, "has_extended_profile": false, "default_profile": false, "default_profile_image": false, "following": false, "follow_request_sent": false, "notifications": false, "translator_type": "none"}, "geo": null, "coordinates": null, "place": null, "contributors": null, "is_quote_status": false, "retweet_count": 0, "favorite_count": 0, "favorited": false, "retweeted": false, "lang": "en"}