{"created_at": "Mon Jan 01 03:00:05 +0000 2018", "id": 947663691662708736, "id_str": "947663691662708736", "text": "\ud83d\udc9bHappy New Years Eve &amp;New Year. The house  of the lord is getting pack rn .So joyful to bring in 2018 in the house\u2026 https://t.co/mxd6Q1eIkx", "truncated": true, "entities": {"hashtags": [], "symbols": [], "user_mentions": [], "urls": [{"url": "https://t.co/mxd6Q1eIkx", "expanded_url": "https://twitter.com/i/web/status/947663691662708736", "display_url": "twitter.com/i/web/status/9\u2026", "indices": [120, 143]}]}, "source": "<a href=\"https://mobile.twitter.com\" rel=\"nofollow\">Twitter Web App</a>", "in_reply_to_status_id": null, "in_reply_to_status_id_str": null, "in_reply_to_user_id": null, "in_reply_to_user_id_str": null, "in_reply_to_screen_name": null, "user": {"id": 372369260, "id_str": "372369260", "name": "\ud83d\udc9b\u2764\ufe0f\ud83d\udc51QueenErika\ud83d\udcab\ud83d\udc8e The Glow Up\u2b50\ufe0f", "screen_name": "queendomflow", "location": "Corporate mgr, exclusive", "description": "Corporate mgr,9am-5pm ,Beautiful fitnessgirl,\ud83c\udf0apoetic,Luvfun!!BFA06,GPA 4.0,vegan,MBAeducated @MalikYusef liked myIG https://t.co/QYcDbvMJqv", "url": null, "entities": {"description": {"urls": [{"url": "https://t.co/QYcDbvMJqv", "expanded_url": "http://instagram.com/erikaqueendomflow", "display_url": "instagram.com/erikaqueendomf\u2026", "indices": [116, 139]}]}}, "protected": false, "followers_count": 753, "friends_count": 1732, "listed_count": 16, "created_at": "Mon Sep 12 17:03:35 +0000 2011", "favourites_count": 25379, "utc_offset": null, "time_zone": null, "geo_enabled": false, "verified": false, "statuses_count": 31085, "lang": null, "contributors_enabled": false, "is_translator": false, "is_translation_enabled": false, "profile_background_color": "131516", "profile_background_image_url": "http://abs.twimg.com/images/themes/theme14/bg.gif", "profile_background_image_url_https": "https://abs.twimg.com/images/themes/theme14/bg.gif", "profile_background_tile": true, "profile_image_url": "http://pbs.twimg.com/profile_images/1157035861986500610/J1stdCwQ_normal.jpg", "profile_image_url_https": "https://pbs.twimg.com/profile_images/1157035861986500610/J1stdCwQ_normal.jpg", "profile_banner_url": "https://pbs.twimg.com/profile_banners/372369260/1561077830", "profile_link_color": "009999", "profile_sidebar_border_color": "FFFFFF", "profile_sidebar_fill_color": "EFEFEF", "profile_text_color": "333333", "profile_use_background_image": true, "has_extended_profile": false, "default_profile": false, "default_profile_image": false, "following": false, "follow_request_sent": false, "notifications": false, "translator_type": "none"}, "geo": null, "coordinates": null, "place": null, "contributors": null, "is_quote_status": false, "retweet_count": 0, "favorite_count": 1, "favorited": false, "retweeted": false, "possibly_sensitive": false, "lang": "en"}