{"created_at": "Mon Jan 01 03:56:42 +0000 2018", "id": 947677939616935937, "id_str": "947677939616935937", "text": "Happy New Year! (@ Apostolic Church of God in Chicago, IL) https://t.co/vO8If8ZyJf", "truncated": false, "entities": {"hashtags": [], "symbols": [], "user_mentions": [], "urls": [{"url": "https://t.co/vO8If8ZyJf", "expanded_url": "https://www.swarmapp.com/c/aK2ELTVi7h6", "display_url": "swarmapp.com/c/aK2ELTVi7h6", "indices": [59, 82]}]}, "source": "<a href=\"http://foursquare.com\" rel=\"nofollow\">Foursquare</a>", "in_reply_to_status_id": null, "in_reply_to_status_id_str": null, "in_reply_to_user_id": null, "in_reply_to_user_id_str": null, "in_reply_to_screen_name": null, "user": {"id": 25401542, "id_str": "25401542", "name": "Citizen Conn", "screen_name": "ggeorgette1", "location": "\u00dcT: 41.7486647,-87.5779402", "description": "Books. Butter. Chicago. Cookies. And the @Cubs.", "url": "https://t.co/iHo3JGMlCf", "entities": {"url": {"urls": [{"url": "https://t.co/iHo3JGMlCf", "expanded_url": "http://www.flip2mail.com/r/m/c/geegeeconn-race--26-gender-separate--26-unequal-r821c8d7z", "display_url": "flip2mail.com/r/m/c/geegeeco\u2026", "indices": [0, 23]}]}, "description": {"urls": []}}, "protected": false, "followers_count": 520, "friends_count": 1213, "listed_count": 24, "created_at": "Thu Mar 19 22:52:50 +0000 2009", "favourites_count": 8833, "utc_offset": null, "time_zone": null, "geo_enabled": true, "verified": false, "statuses_count": 65547, "lang": null, "contributors_enabled": false, "is_translator": false, "is_translation_enabled": false, "profile_background_color": "642D8B", "profile_background_image_url": "http://abs.twimg.com/images/themes/theme10/bg.gif", "profile_background_image_url_https": "https://abs.twimg.com/images/themes/theme10/bg.gif", "profile_background_tile": true, "profile_image_url": "http://pbs.twimg.com/profile_images/544874009444507648/F9dvyFgp_normal.jpeg", "profile_image_url_https": "https://pbs.twimg.com/profile_images/544874009444507648/F9dvyFgp_normal.jpeg", "profile_banner_url": "https://pbs.twimg.com/profile_banners/25401542/1418743062", "profile_link_color": "FF0000", "profile_sidebar_border_color": "65B0DA", "profile_sidebar_fill_color": "7AC3EE", "profile_text_color": "3D1957", "profile_use_background_image": true, "has_extended_profile": true, "default_profile": false, "default_profile_image": false, "following": false, "follow_request_sent": false, "notifications": false, "translator_type": "none"}, "geo": {"type": "Point", "coordinates": [41.77960685, -87.59208238]}, "coordinates": {"type": "Point", "coordinates": [-87.59208238, 41.77960685]}, "place": {"id": "1d9a5370a355ab0c", "url": "https://api.twitter.com/1.1/geo/id/1d9a5370a355ab0c.json", "place_type": "city", "name": "Chicago", "full_name": "Chicago, IL", "country_code": "US", "country": "United States", "contained_within": [], "bounding_box": {"type": "Polygon", "coordinates": [[[-87.940033, 41.644102], [-87.523993, 41.644102], [-87.523993, 42.0230669], [-87.940033, 42.0230669]]]}, "attributes": {}}, "contributors": null, "is_quote_status": false, "retweet_count": 0, "favorite_count": 0, "favorited": false, "retweeted": false, "possibly_sensitive": false, "lang": "en"}