{"created_at": "Sun Jan 07 15:19:36 +0000 2018", "id": 950024123094220800, "id_str": "950024123094220800", "text": "@MarkLikesMusic @Manutd_Fan_1997 @BoscoTheMan82 @DanaTWick @doug_dugie59 @DanJBalkwill @Dj_Gumster @StalkingWolf My\u2026 https://t.co/MAgc3V35v9", "truncated": true, "entities": {"hashtags": [], "symbols": [], "user_mentions": [{"screen_name": "MarkLikesMusic", "name": "Mark\ud83d\ude0d\ud83c\udfbc\ud83c\udfb6\ud83c\udfa8\ud83c\udfa7\ud83c\uddf3\ud83c\uddff\ud83d\udcfd\ufe0f\ud83c\udf0f", "id": 387310397, "id_str": "387310397", "indices": [0, 15]}, {"screen_name": "Manutd_Fan_1997", "name": "~ Timmy ~", "id": 391959347, "id_str": "391959347", "indices": [16, 32]}, {"screen_name": "BoscoTheMan82", "name": "Joshua Koppinger", "id": 2411444456, "id_str": "2411444456", "indices": [33, 47]}, {"screen_name": "DanaTWick", "name": "Dana Wick", "id": 4292778734, "id_str": "4292778734", "indices": [48, 58]}, {"screen_name": "doug_dugie59", "name": "Doug Lafreniere", "id": 3930283965, "id_str": "3930283965", "indices": [59, 72]}, {"screen_name": "DanJBalkwill", "name": "Dan Balkwill", "id": 1343249748, "id_str": "1343249748", "indices": [73, 86]}, {"screen_name": "Dj_Gumster", "name": "DJ Gummy Bear", "id": 4906474929, "id_str": "4906474929", "indices": [87, 98]}, {"screen_name": "StalkingWolf", "name": "M.A.\u23f3", "id": 930697727721263104, "id_str": "930697727721263104", "indices": [99, 112]}], "urls": [{"url": "https://t.co/MAgc3V35v9", "expanded_url": "https://twitter.com/i/web/status/950024123094220800", "display_url": "twitter.com/i/web/status/9\u2026", "indices": [117, 140]}]}, "source": "<a href=\"http://twitter.com/download/iphone\" rel=\"nofollow\">Twitter for iPhone</a>", "in_reply_to_status_id": 950022051087007745, "in_reply_to_status_id_str": "950022051087007745", "in_reply_to_user_id": 387310397, "in_reply_to_user_id_str": "387310397", "in_reply_to_screen_name": "MarkLikesMusic", "user": {"id": 2245775322, "id_str": "2245775322", "name": "weareneoni", "screen_name": "WeAreNeoni", "location": "", "description": "sisters who argue & write songs \n\u2b07\ufe0f NEONI is on SPOTIFY \u2b07\ufe0f \nhttps://t.co/ROSVGtsqXL", "url": "https://t.co/YqQTC30ecF", "entities": {"url": {"urls": [{"url": "https://t.co/YqQTC30ecF", "expanded_url": "https://open.spotify.com/artist/38wxcfNEqMwuPniHvplin5", "display_url": "open.spotify.com/artist/38wxcfN\u2026", "indices": [0, 23]}]}, "description": {"urls": [{"url": "https://t.co/ROSVGtsqXL", "expanded_url": "https://open.spotify.com/playlist/1Psj5fFx8R3gdTkA2kOo3F", "display_url": "open.spotify.com/playlist/1Psj5\u2026", "indices": [60, 83]}]}}, "protected": false, "followers_count": 74122, "friends_count": 51264, "listed_count": 393, "created_at": "Sat Dec 14 15:45:57 +0000 2013", "favourites_count": 120296, "utc_offset": null, "time_zone": null, "geo_enabled": true, "verified": false, "statuses_count": 78742, "lang": null, "contributors_enabled": false, "is_translator": false, "is_translation_enabled": false, "profile_background_color": "8B542B", "profile_background_image_url": "http://abs.twimg.com/images/themes/theme8/bg.gif", "profile_background_image_url_https": "https://abs.twimg.com/images/themes/theme8/bg.gif", "profile_background_tile": false, "profile_image_url": "http://pbs.twimg.com/profile_images/1219782838423298054/acIWr_pp_normal.jpg", "profile_image_url_https": "https://pbs.twimg.com/profile_images/1219782838423298054/acIWr_pp_normal.jpg", "profile_banner_url": "https://pbs.twimg.com/profile_banners/2245775322/1599096466", "profile_link_color": "9D582E", "profile_sidebar_border_color": "D9B17E", "profile_sidebar_fill_color": "EADEAA", "profile_text_color": "333333", "profile_use_background_image": true, "has_extended_profile": true, "default_profile": false, "default_profile_image": false, "following": false, "follow_request_sent": false, "notifications": false, "translator_type": "none"}, "geo": null, "coordinates": null, "place": null, "contributors": null, "is_quote_status": false, "retweet_count": 1, "favorite_count": 11, "favorited": false, "retweeted": false, "lang": "en"}