{"created_at": "Mon Jan 15 08:01:55 +0000 2018", "id": 952813081171816449, "id_str": "952813081171816449", "text": "India\u2019s ruining its grand plans to become a solar powerhouse Fresh duties are likely to thwart prime minister Naren\u2026 https://t.co/8Tk34uhAZF", "truncated": true, "entities": {"hashtags": [], "symbols": [], "user_mentions": [], "urls": [{"url": "https://t.co/8Tk34uhAZF", "expanded_url": "https://twitter.com/i/web/status/952813081171816449", "display_url": "twitter.com/i/web/status/9\u2026", "indices": [117, 140]}]}, "source": "<a href=\"https://ifttt.com\" rel=\"nofollow\">IFTTT</a>", "in_reply_to_status_id": null, "in_reply_to_status_id_str": null, "in_reply_to_user_id": null, "in_reply_to_user_id_str": null, "in_reply_to_screen_name": null, "user": {"id": 5377542, "id_str": "5377542", "name": "Amit Kishore", "screen_name": "AmitKishore", "location": "Bangalore, India", "description": "News junkie, wannabe chef, gadget/gizmos hound in this life. Professor, advertising dinosaur in another life.", "url": "https://t.co/bquCaUgHOf", "entities": {"url": {"urls": [{"url": "https://t.co/bquCaUgHOf", "expanded_url": "http://www.flickr.com/photos/ak-47/", "display_url": "flickr.com/photos/ak-47/", "indices": [0, 23]}]}, "description": {"urls": []}}, "protected": false, "followers_count": 420, "friends_count": 62, "listed_count": 140, "created_at": "Sat Apr 21 11:17:16 +0000 2007", "favourites_count": 4, "utc_offset": null, "time_zone": null, "geo_enabled": false, "verified": false, "statuses_count": 521687, "lang": null, "contributors_enabled": false, "is_translator": false, "is_translation_enabled": false, "profile_background_color": "ACDED6", "profile_background_image_url": "http://abs.twimg.com/images/themes/theme18/bg.gif", "profile_background_image_url_https": "https://abs.twimg.com/images/themes/theme18/bg.gif", "profile_background_tile": true, "profile_image_url": "http://pbs.twimg.com/profile_images/3200520949/3c0f548a2ecd5173ec0bdd15052cfc54_normal.jpeg", "profile_image_url_https": "https://pbs.twimg.com/profile_images/3200520949/3c0f548a2ecd5173ec0bdd15052cfc54_normal.jpeg", "profile_link_color": "038543", "profile_sidebar_border_color": "EEEEEE", "profile_sidebar_fill_color": "F6F6F6", "profile_text_color": "333333", "profile_use_background_image": true, "has_extended_profile": true, "default_profile": false, "default_profile_image": false, "following": false, "follow_request_sent": false, "notifications": false, "translator_type": "none"}, "geo": null, "coordinates": null, "place": null, "contributors": null, "is_quote_status": false, "retweet_count": 0, "favorite_count": 0, "favorited": false, "retweeted": false, "possibly_sensitive": false, "lang": "en"}