{"created_at": "Wed Jan 17 14:39:49 +0000 2018", "id": 953637992081625091, "id_str": "953637992081625091", "text": "The US Department of Education has approved NY's ESSA plan.  Here is a Fact Sheet for Parents:  https://t.co/2UNOajBF6P", "truncated": false, "entities": {"hashtags": [], "symbols": [], "user_mentions": [], "urls": [{"url": "https://t.co/2UNOajBF6P", "expanded_url": "http://www.p12.nysed.gov/accountability/essa/documents/nys-essa-parent-monograph.pdf", "display_url": "p12.nysed.gov/accountability\u2026", "indices": [96, 119]}]}, "source": "<a href=\"http://twitter.com\" rel=\"nofollow\">Twitter Web Client</a>", "in_reply_to_status_id": null, "in_reply_to_status_id_str": null, "in_reply_to_user_id": null, "in_reply_to_user_id_str": null, "in_reply_to_screen_name": null, "user": {"id": 229193474, "id_str": "229193474", "name": "Nan Eileen Mead", "screen_name": "NanEileenMead", "location": "New York, NY", "description": "Regent, University of the State of NY Board of Regents / State Education Dept. \nhttps://t.co/4N9EYl7iLD\n\nTweets are my own.", "url": "https://t.co/GmMLag1fLB", "entities": {"url": {"urls": [{"url": "https://t.co/GmMLag1fLB", "expanded_url": "https://www.linkedin.com/in/naneileenmead", "display_url": "linkedin.com/in/naneileenme\u2026", "indices": [0, 23]}]}, "description": {"urls": [{"url": "https://t.co/4N9EYl7iLD", "expanded_url": "https://www.regents.nysed.gov/", "display_url": "regents.nysed.gov", "indices": [80, 103]}]}}, "protected": false, "followers_count": 462, "friends_count": 798, "listed_count": 4, "created_at": "Tue Dec 21 19:35:37 +0000 2010", "favourites_count": 2670, "utc_offset": null, "time_zone": null, "geo_enabled": true, "verified": false, "statuses_count": 1005, "lang": null, "contributors_enabled": false, "is_translator": false, "is_translation_enabled": false, "profile_background_color": "C0DEED", "profile_background_image_url": "http://abs.twimg.com/images/themes/theme1/bg.png", "profile_background_image_url_https": "https://abs.twimg.com/images/themes/theme1/bg.png", "profile_background_tile": false, "profile_image_url": "http://pbs.twimg.com/profile_images/624239533836537858/aakfQUGY_normal.jpg", "profile_image_url_https": "https://pbs.twimg.com/profile_images/624239533836537858/aakfQUGY_normal.jpg", "profile_link_color": "1DA1F2", "profile_sidebar_border_color": "C0DEED", "profile_sidebar_fill_color": "DDEEF6", "profile_text_color": "333333", "profile_use_background_image": true, "has_extended_profile": false, "default_profile": true, "default_profile_image": false, "following": false, "follow_request_sent": false, "notifications": false, "translator_type": "none"}, "geo": null, "coordinates": null, "place": null, "contributors": null, "is_quote_status": false, "retweet_count": 0, "favorite_count": 0, "favorited": false, "retweeted": false, "possibly_sensitive": false, "lang": "en"}