{"created_at": "Sat Jan 20 03:05:19 +0000 2018", "id": 954550378418327552, "id_str": "954550378418327552", "text": "Indiana\u2019s ESSA Plan Approved By US Department of Education https://t.co/a7NPfACjhM", "truncated": false, "entities": {"hashtags": [], "symbols": [], "user_mentions": [], "urls": [{"url": "https://t.co/a7NPfACjhM", "expanded_url": "https://www.wfyi.org/news/articles/indianas-essa-plan-approved-by-us-department-of-education", "display_url": "wfyi.org/news/articles/\u2026", "indices": [59, 82]}]}, "source": "<a href=\"http://twitter.com\" rel=\"nofollow\">Twitter Web Client</a>", "in_reply_to_status_id": null, "in_reply_to_status_id_str": null, "in_reply_to_user_id": null, "in_reply_to_user_id_str": null, "in_reply_to_screen_name": null, "user": {"id": 40168326, "id_str": "40168326", "name": "Eric Weddle", "screen_name": "ericweddle", "location": "Indianapolis", "description": "I\u2019m on the radio | Education journalist @WFYI Indiana's @NPR station; Veggie hedonist | eweddle@wfyi.org | @familyvineyard", "url": "https://t.co/HAtvizRKsV", "entities": {"url": {"urls": [{"url": "https://t.co/HAtvizRKsV", "expanded_url": "http://wfyi.org", "display_url": "wfyi.org", "indices": [0, 23]}]}, "description": {"urls": []}}, "protected": false, "followers_count": 6166, "friends_count": 2346, "listed_count": 267, "created_at": "Fri May 15 03:43:22 +0000 2009", "favourites_count": 1872, "utc_offset": null, "time_zone": null, "geo_enabled": true, "verified": true, "statuses_count": 16637, "lang": null, "contributors_enabled": false, "is_translator": false, "is_translation_enabled": false, "profile_background_color": "000000", "profile_background_image_url": "http://abs.twimg.com/images/themes/theme9/bg.gif", "profile_background_image_url_https": "https://abs.twimg.com/images/themes/theme9/bg.gif", "profile_background_tile": false, "profile_image_url": "http://pbs.twimg.com/profile_images/1262144838872465411/TQGfIX5D_normal.jpg", "profile_image_url_https": "https://pbs.twimg.com/profile_images/1262144838872465411/TQGfIX5D_normal.jpg", "profile_banner_url": "https://pbs.twimg.com/profile_banners/40168326/1543247211", "profile_link_color": "FF691F", "profile_sidebar_border_color": "000000", "profile_sidebar_fill_color": "000000", "profile_text_color": "000000", "profile_use_background_image": false, "has_extended_profile": false, "default_profile": false, "default_profile_image": false, "following": false, "follow_request_sent": false, "notifications": false, "translator_type": "none"}, "geo": null, "coordinates": null, "place": null, "contributors": null, "is_quote_status": false, "retweet_count": 3, "favorite_count": 4, "favorited": false, "retweeted": false, "possibly_sensitive": false, "lang": "en"}