{"created_at": "Sat Jan 20 20:23:17 +0000 2018", "id": 954811590272012288, "id_str": "954811590272012288", "text": "In New England 25% of #electricity generation is over 40 years old. The decaying energy #infrastructure of the\u2026 https://t.co/NwcSSw8Xyc", "truncated": true, "entities": {"hashtags": [{"text": "electricity", "indices": [22, 34]}, {"text": "infrastructure", "indices": [88, 103]}], "symbols": [], "user_mentions": [], "urls": [{"url": "https://t.co/NwcSSw8Xyc", "expanded_url": "https://twitter.com/i/web/status/954811590272012288", "display_url": "twitter.com/i/web/status/9\u2026", "indices": [112, 135]}]}, "source": "<a href=\"http://twitter.com\" rel=\"nofollow\">Twitter Web Client</a>", "in_reply_to_status_id": null, "in_reply_to_status_id_str": null, "in_reply_to_user_id": null, "in_reply_to_user_id_str": null, "in_reply_to_screen_name": null, "user": {"id": 856541502796955649, "id_str": "856541502796955649", "name": "Back From Midnight \ud83c\udf0f\ud83c\udf32\ud83c\udf3f\ud83c\udf31\ud83d\udc20\ud83d\udc3e\ud83d\udc04\ud83d\udc16\u267b\ufe0f\u24cb", "screen_name": "movingbackfrom", "location": "Connecticut, USA", "description": "The Earth is facing devastating assaults that we must turn back from if we are to have a future. #environment #oceans #pollution #extinction #vegan #plasticfree", "url": null, "entities": {"description": {"urls": []}}, "protected": false, "followers_count": 3110, "friends_count": 3394, "listed_count": 21, "created_at": "Mon Apr 24 16:13:02 +0000 2017", "favourites_count": 40751, "utc_offset": null, "time_zone": null, "geo_enabled": false, "verified": false, "statuses_count": 11734, "lang": null, "contributors_enabled": false, "is_translator": false, "is_translation_enabled": false, "profile_background_color": "000000", "profile_background_image_url": "http://abs.twimg.com/images/themes/theme1/bg.png", "profile_background_image_url_https": "https://abs.twimg.com/images/themes/theme1/bg.png", "profile_background_tile": false, "profile_image_url": "http://pbs.twimg.com/profile_images/856550227318374400/kgyYOyYl_normal.jpg", "profile_image_url_https": "https://pbs.twimg.com/profile_images/856550227318374400/kgyYOyYl_normal.jpg", "profile_banner_url": "https://pbs.twimg.com/profile_banners/856541502796955649/1555709531", "profile_link_color": "19CF86", "profile_sidebar_border_color": "000000", "profile_sidebar_fill_color": "000000", "profile_text_color": "000000", "profile_use_background_image": false, "has_extended_profile": false, "default_profile": false, "default_profile_image": false, "following": false, "follow_request_sent": false, "notifications": false, "translator_type": "none"}, "geo": null, "coordinates": null, "place": null, "contributors": null, "is_quote_status": false, "retweet_count": 2, "favorite_count": 1, "favorited": false, "retweeted": false, "possibly_sensitive": false, "lang": "en"}