{"created_at": "Tue Jan 23 19:50:07 +0000 2018", "id": 955890407640092673, "id_str": "955890407640092673", "text": "RT @ \"Yor, the Hunter From the Future  \u2026 #films #movies #1980s #cheesy #funny #scifi #fantasy #dinosaurs\u2026 https://t.co/RRFBaI0OXI", "truncated": true, "entities": {"hashtags": [{"text": "films", "indices": [41, 47]}, {"text": "movies", "indices": [48, 55]}, {"text": "1980s", "indices": [56, 62]}, {"text": "cheesy", "indices": [63, 70]}, {"text": "funny", "indices": [71, 77]}, {"text": "scifi", "indices": [78, 84]}, {"text": "fantasy", "indices": [85, 93]}, {"text": "dinosaurs", "indices": [94, 104]}], "symbols": [], "user_mentions": [], "urls": [{"url": "https://t.co/RRFBaI0OXI", "expanded_url": "https://twitter.com/i/web/status/955890407640092673", "display_url": "twitter.com/i/web/status/9\u2026", "indices": [106, 129]}]}, "source": "<a href=\"http://www.hootsuite.com\" rel=\"nofollow\">Hootsuite</a>", "in_reply_to_status_id": null, "in_reply_to_status_id_str": null, "in_reply_to_user_id": null, "in_reply_to_user_id_str": null, "in_reply_to_screen_name": null, "user": {"id": 4333676475, "id_str": "4333676475", "name": "Tendai Melody", "screen_name": "teendyms", "location": "", "description": "#Blogger (https://t.co/zxANWJzh16). #Entrepreneur, #VA (https://t.co/SMgHzg2d13), #BusinessOwner", "url": "https://t.co/uNAuckPDeN", "entities": {"url": {"urls": [{"url": "https://t.co/uNAuckPDeN", "expanded_url": "https://teeshares.wordpress.com/", "display_url": "teeshares.wordpress.com", "indices": [0, 23]}]}, "description": {"urls": [{"url": "https://t.co/zxANWJzh16", "expanded_url": "http://www.teeshares.wordpress.com", "display_url": "teeshares.wordpress.com", "indices": [10, 33]}, {"url": "https://t.co/SMgHzg2d13", "expanded_url": "http://www.excellenzassistanz.com/", "display_url": "excellenzassistanz.com", "indices": [56, 79]}]}}, "protected": false, "followers_count": 963, "friends_count": 843, "listed_count": 10, "created_at": "Mon Nov 30 23:17:20 +0000 2015", "favourites_count": 1087, "utc_offset": null, "time_zone": null, "geo_enabled": false, "verified": false, "statuses_count": 880, "lang": null, "contributors_enabled": false, "is_translator": false, "is_translation_enabled": false, "profile_background_color": "C0DEED", "profile_background_image_url": "http://abs.twimg.com/images/themes/theme1/bg.png", "profile_background_image_url_https": "https://abs.twimg.com/images/themes/theme1/bg.png", "profile_background_tile": false, "profile_image_url": "http://pbs.twimg.com/profile_images/848468420756520961/fbpYzcbx_normal.jpg", "profile_image_url_https": "https://pbs.twimg.com/profile_images/848468420756520961/fbpYzcbx_normal.jpg", "profile_banner_url": "https://pbs.twimg.com/profile_banners/4333676475/1489261123", "profile_link_color": "1DA1F2", "profile_sidebar_border_color": "C0DEED", "profile_sidebar_fill_color": "DDEEF6", "profile_text_color": "333333", "profile_use_background_image": true, "has_extended_profile": false, "default_profile": true, "default_profile_image": false, "following": false, "follow_request_sent": false, "notifications": false, "translator_type": "none"}, "geo": null, "coordinates": null, "place": null, "contributors": null, "is_quote_status": false, "retweet_count": 0, "favorite_count": 1, "favorited": false, "retweeted": false, "possibly_sensitive": false, "lang": "en"}