{"created_at": "Tue Jan 23 20:33:45 +0000 2018", "id": 955901386859909121, "id_str": "955901386859909121", "text": "\"Shut down the US Department of education! Return education to the states where it belongs!! \" \u2014 irishtrad rants he\u2026 https://t.co/oIvexSErz7", "truncated": true, "entities": {"hashtags": [], "symbols": [], "user_mentions": [], "urls": [{"url": "https://t.co/oIvexSErz7", "expanded_url": "https://twitter.com/i/web/status/955901386859909121", "display_url": "twitter.com/i/web/status/9\u2026", "indices": [117, 140]}]}, "source": "<a href=\"http://twitter.com\" rel=\"nofollow\">Twitter Web Client</a>", "in_reply_to_status_id": null, "in_reply_to_status_id_str": null, "in_reply_to_user_id": null, "in_reply_to_user_id_str": null, "in_reply_to_screen_name": null, "user": {"id": 219997270, "id_str": "219997270", "name": "Off Grid Media", "screen_name": "OffGridMedia", "location": "Western USA", "description": "Farm to Fork \ud83c\udf53\ud83c\udf36\ud83e\udd55\ud83c\udf45\n\nDr. Milton Friedman \ud83d\udc4d\n\nFree Market perspective : News & Commentary, mobile stage & studio\n\nSmall business, science, farming", "url": "https://t.co/mg45uk1sGe", "entities": {"url": {"urls": [{"url": "https://t.co/mg45uk1sGe", "expanded_url": "http://www.RebuildAmericaNews.com", "display_url": "RebuildAmericaNews.com", "indices": [0, 23]}]}, "description": {"urls": []}}, "protected": false, "followers_count": 16569, "friends_count": 13879, "listed_count": 154, "created_at": "Fri Nov 26 13:50:20 +0000 2010", "favourites_count": 6360, "utc_offset": null, "time_zone": null, "geo_enabled": true, "verified": false, "statuses_count": 13623, "lang": null, "contributors_enabled": false, "is_translator": false, "is_translation_enabled": false, "profile_background_color": "000000", "profile_background_image_url": "http://abs.twimg.com/images/themes/theme1/bg.png", "profile_background_image_url_https": "https://abs.twimg.com/images/themes/theme1/bg.png", "profile_background_tile": false, "profile_image_url": "http://pbs.twimg.com/profile_images/790548005783015424/DtTUj-Vr_normal.jpg", "profile_image_url_https": "https://pbs.twimg.com/profile_images/790548005783015424/DtTUj-Vr_normal.jpg", "profile_banner_url": "https://pbs.twimg.com/profile_banners/219997270/1597677900", "profile_link_color": "AA642E", "profile_sidebar_border_color": "FFFFFF", "profile_sidebar_fill_color": "1D130D", "profile_text_color": "5A5247", "profile_use_background_image": true, "has_extended_profile": false, "default_profile": false, "default_profile_image": false, "following": false, "follow_request_sent": false, "notifications": false, "translator_type": "none"}, "geo": null, "coordinates": null, "place": null, "contributors": null, "is_quote_status": false, "retweet_count": 1, "favorite_count": 1, "favorited": false, "retweeted": false, "possibly_sensitive": false, "lang": "en"}