{"created_at": "Wed Jan 24 03:22:29 +0000 2018", "id": 956004250785591297, "id_str": "956004250785591297", "text": "As founder and current chairman of the board Houston Millennials, I am immensely proud of President Victoria Lara a\u2026 https://t.co/UovQ1xKuYG", "truncated": true, "entities": {"hashtags": [], "symbols": [], "user_mentions": [], "urls": [{"url": "https://t.co/UovQ1xKuYG", "expanded_url": "https://twitter.com/i/web/status/956004250785591297", "display_url": "twitter.com/i/web/status/9\u2026", "indices": [117, 140]}]}, "source": "<a href=\"http://twitter.com/download/iphone\" rel=\"nofollow\">Twitter for iPhone</a>", "in_reply_to_status_id": null, "in_reply_to_status_id_str": null, "in_reply_to_user_id": null, "in_reply_to_user_id_str": null, "in_reply_to_screen_name": null, "user": {"id": 424937613, "id_str": "424937613", "name": "VoteIvanSanchez", "screen_name": "Isanchez402", "location": "Houston, Texas", "description": "\u2022President @ Houston Millennials \ud83c\udf10 \u2022Liaison @ US Congress \ud83c\uddfa\ud83c\uddf8 \u2022Advisor @ Mayors Board \ud83d\udca1 \u2022Precinct Chair @ Democratic Party \ud83d\udeb9 \u2022Philanthropist @ Life \u262e\ufe0f", "url": "https://t.co/rtvgNtFp9O", "entities": {"url": {"urls": [{"url": "https://t.co/rtvgNtFp9O", "expanded_url": "http://www.facebook.com/VoteIvanSanchez", "display_url": "facebook.com/VoteIvanSanchez", "indices": [0, 23]}]}, "description": {"urls": []}}, "protected": false, "followers_count": 1043, "friends_count": 1099, "listed_count": 21, "created_at": "Wed Nov 30 10:43:11 +0000 2011", "favourites_count": 137, "utc_offset": null, "time_zone": null, "geo_enabled": true, "verified": false, "statuses_count": 1429, "lang": null, "contributors_enabled": false, "is_translator": false, "is_translation_enabled": false, "profile_background_color": "C0DEED", "profile_background_image_url": "http://abs.twimg.com/images/themes/theme1/bg.png", "profile_background_image_url_https": "https://abs.twimg.com/images/themes/theme1/bg.png", "profile_background_tile": false, "profile_image_url": "http://pbs.twimg.com/profile_images/524934454700417024/B-K9XUZJ_normal.jpeg", "profile_image_url_https": "https://pbs.twimg.com/profile_images/524934454700417024/B-K9XUZJ_normal.jpeg", "profile_banner_url": "https://pbs.twimg.com/profile_banners/424937613/1515107128", "profile_link_color": "1DA1F2", "profile_sidebar_border_color": "C0DEED", "profile_sidebar_fill_color": "DDEEF6", "profile_text_color": "333333", "profile_use_background_image": true, "has_extended_profile": false, "default_profile": true, "default_profile_image": false, "following": false, "follow_request_sent": false, "notifications": false, "translator_type": "none"}, "geo": null, "coordinates": null, "place": {"id": "1c69a67ad480e1b1", "url": "https://api.twitter.com/1.1/geo/id/1c69a67ad480e1b1.json", "place_type": "city", "name": "Houston", "full_name": "Houston, TX", "country_code": "US", "country": "United States", "contained_within": [], "bounding_box": {"type": "Polygon", "coordinates": [[[-95.823268, 29.522325], [-95.069705, 29.522325], [-95.069705, 30.1546646], [-95.823268, 30.1546646]]]}, "attributes": {}}, "contributors": null, "is_quote_status": false, "retweet_count": 1, "favorite_count": 0, "favorited": false, "retweeted": false, "possibly_sensitive": false, "lang": "en"}