{"created_at": "Sat Jan 27 03:40:40 +0000 2018", "id": 957095989688516608, "id_str": "957095989688516608", "text": "Cintas independientes llegan a la TV de paga: M\u00e9xico, 26 Ene .- El cine independiente llega a los hogares latinoame\u2026 https://t.co/PWl9N0ZMFC", "truncated": true, "entities": {"hashtags": [], "symbols": [], "user_mentions": [], "urls": [{"url": "https://t.co/PWl9N0ZMFC", "expanded_url": "https://twitter.com/i/web/status/957095989688516608", "display_url": "twitter.com/i/web/status/9\u2026", "indices": [117, 140]}]}, "source": "<a href=\"https://www.informate.com.mx/\" rel=\"nofollow\">Infomx-joocial</a>", "in_reply_to_status_id": null, "in_reply_to_status_id_str": null, "in_reply_to_user_id": null, "in_reply_to_user_id_str": null, "in_reply_to_screen_name": null, "user": {"id": 152917502, "id_str": "152917502", "name": "Inf\u00f3rmate Diario", "screen_name": "InformateMX", "location": "M\u00e9xico", "description": "Decano en M\u00e9xico de los Diarios On Line, con informaci\u00f3n de inter\u00e9s en temas de pol\u00edtica e informaci\u00f3n general. La noticia al momento. Fundado en el a\u00f1o 2000.", "url": "http://t.co/PjIp9WQiFV", "entities": {"url": {"urls": [{"url": "http://t.co/PjIp9WQiFV", "expanded_url": "http://informate.com.mx", "display_url": "informate.com.mx", "indices": [0, 22]}]}, "description": {"urls": []}}, "protected": false, "followers_count": 8255, "friends_count": 4677, "listed_count": 123, "created_at": "Mon Jun 07 06:00:29 +0000 2010", "favourites_count": 22, "utc_offset": null, "time_zone": null, "geo_enabled": true, "verified": false, "statuses_count": 510582, "lang": null, "contributors_enabled": false, "is_translator": false, "is_translation_enabled": false, "profile_background_color": "022330", "profile_background_image_url": "http://abs.twimg.com/images/themes/theme15/bg.png", "profile_background_image_url_https": "https://abs.twimg.com/images/themes/theme15/bg.png", "profile_background_tile": false, "profile_image_url": "http://pbs.twimg.com/profile_images/1007704315560058880/gUS269zA_normal.jpg", "profile_image_url_https": "https://pbs.twimg.com/profile_images/1007704315560058880/gUS269zA_normal.jpg", "profile_banner_url": "https://pbs.twimg.com/profile_banners/152917502/1398891726", "profile_link_color": "0084B4", "profile_sidebar_border_color": "A8C7F7", "profile_sidebar_fill_color": "C0DFEC", "profile_text_color": "333333", "profile_use_background_image": true, "has_extended_profile": false, "default_profile": false, "default_profile_image": false, "following": false, "follow_request_sent": false, "notifications": false, "translator_type": "none"}, "geo": null, "coordinates": null, "place": null, "contributors": null, "is_quote_status": false, "retweet_count": 0, "favorite_count": 0, "favorited": false, "retweeted": false, "possibly_sensitive": false, "lang": "es"}