{"created_at": "Thu Feb 01 00:45:01 +0000 2018", "id": 958863723170590720, "id_str": "958863723170590720", "text": "Nationally, U.S. infrastructure earns a D+ from the American Society of Civil Engineers; at least $2 trillion is ne\u2026 https://t.co/HVdIQKoyUE", "truncated": true, "entities": {"hashtags": [], "symbols": [], "user_mentions": [], "urls": [{"url": "https://t.co/HVdIQKoyUE", "expanded_url": "https://twitter.com/i/web/status/958863723170590720", "display_url": "twitter.com/i/web/status/9\u2026", "indices": [117, 140]}]}, "source": "<a href=\"https://www.sprinklr.com\" rel=\"nofollow\">Sprinklr</a>", "in_reply_to_status_id": null, "in_reply_to_status_id_str": null, "in_reply_to_user_id": null, "in_reply_to_user_id_str": null, "in_reply_to_screen_name": null, "user": {"id": 15012486, "id_str": "15012486", "name": "CBS News", "screen_name": "CBSNews", "location": "New York, NY", "description": "Your source for original reporting and trusted news.", "url": "https://t.co/VGut7r2Vg5", "entities": {"url": {"urls": [{"url": "https://t.co/VGut7r2Vg5", "expanded_url": "http://CBSNews.com", "display_url": "CBSNews.com", "indices": [0, 23]}]}, "description": {"urls": []}}, "protected": false, "followers_count": 7723265, "friends_count": 529, "listed_count": 51183, "created_at": "Thu Jun 05 00:54:31 +0000 2008", "favourites_count": 298, "utc_offset": null, "time_zone": null, "geo_enabled": false, "verified": true, "statuses_count": 267872, "lang": null, "contributors_enabled": false, "is_translator": false, "is_translation_enabled": true, "profile_background_color": "D9DADA", "profile_background_image_url": "http://abs.twimg.com/images/themes/theme1/bg.png", "profile_background_image_url_https": "https://abs.twimg.com/images/themes/theme1/bg.png", "profile_background_tile": false, "profile_image_url": "http://pbs.twimg.com/profile_images/645966750941626368/d0Q4voGK_normal.jpg", "profile_image_url_https": "https://pbs.twimg.com/profile_images/645966750941626368/d0Q4voGK_normal.jpg", "profile_banner_url": "https://pbs.twimg.com/profile_banners/15012486/1581519449", "profile_link_color": "B12124", "profile_sidebar_border_color": "FFFFFF", "profile_sidebar_fill_color": "EAEDF0", "profile_text_color": "000000", "profile_use_background_image": true, "has_extended_profile": false, "default_profile": false, "default_profile_image": false, "following": false, "follow_request_sent": false, "notifications": false, "translator_type": "none"}, "geo": null, "coordinates": null, "place": null, "contributors": null, "is_quote_status": false, "retweet_count": 83, "favorite_count": 92, "favorited": false, "retweeted": false, "possibly_sensitive": false, "lang": "en"}