{"created_at": "Fri Feb 02 12:31:21 +0000 2018", "id": 959403867057348609, "id_str": "959403867057348609", "text": "How does limited education limit young people? - A recent nationally-representative US Department of Education stud\u2026 https://t.co/lrCd4dL7AR", "truncated": true, "entities": {"hashtags": [], "symbols": [], "user_mentions": [], "urls": [{"url": "https://t.co/lrCd4dL7AR", "expanded_url": "https://twitter.com/i/web/status/959403867057348609", "display_url": "twitter.com/i/web/status/9\u2026", "indices": [117, 140]}]}, "source": "<a href=\"http://www.hootsuite.com\" rel=\"nofollow\">Hootsuite</a>", "in_reply_to_status_id": null, "in_reply_to_status_id_str": null, "in_reply_to_user_id": null, "in_reply_to_user_id_str": null, "in_reply_to_screen_name": null, "user": {"id": 3308329702, "id_str": "3308329702", "name": "Gaby Gurtz, LCPC", "screen_name": "GurtzCounseling", "location": "Arlington Heights , IL", "description": "We specialize in meeting the unique needs of children,  adults and families. Our goal is to provide support, restore hope, empower and raise awareness.", "url": "https://t.co/qQyIxHnS9L", "entities": {"url": {"urls": [{"url": "https://t.co/qQyIxHnS9L", "expanded_url": "http://GurtzCounseling.com", "display_url": "GurtzCounseling.com", "indices": [0, 23]}]}, "description": {"urls": []}}, "protected": false, "followers_count": 509, "friends_count": 220, "listed_count": 12, "created_at": "Thu Jun 04 15:01:10 +0000 2015", "favourites_count": 115, "utc_offset": null, "time_zone": null, "geo_enabled": false, "verified": false, "statuses_count": 1588, "lang": null, "contributors_enabled": false, "is_translator": false, "is_translation_enabled": false, "profile_background_color": "C0DEED", "profile_background_image_url": "http://abs.twimg.com/images/themes/theme1/bg.png", "profile_background_image_url_https": "https://abs.twimg.com/images/themes/theme1/bg.png", "profile_background_tile": false, "profile_image_url": "http://pbs.twimg.com/profile_images/848356948210667520/H_C_yJKP_normal.png", "profile_image_url_https": "https://pbs.twimg.com/profile_images/848356948210667520/H_C_yJKP_normal.png", "profile_banner_url": "https://pbs.twimg.com/profile_banners/3308329702/1438987858", "profile_link_color": "1DA1F2", "profile_sidebar_border_color": "C0DEED", "profile_sidebar_fill_color": "DDEEF6", "profile_text_color": "333333", "profile_use_background_image": true, "has_extended_profile": false, "default_profile": true, "default_profile_image": false, "following": false, "follow_request_sent": false, "notifications": false, "translator_type": "none"}, "geo": null, "coordinates": null, "place": null, "contributors": null, "is_quote_status": false, "retweet_count": 0, "favorite_count": 0, "favorited": false, "retweeted": false, "possibly_sensitive": false, "lang": "en"}