{"created_at": "Fri Feb 02 19:51:20 +0000 2018", "id": 959514591645626368, "id_str": "959514591645626368", "text": "New data story from the US Department of Education on English Learners: https://t.co/Y5fwpqpJvk @usedgov", "truncated": false, "entities": {"hashtags": [], "symbols": [], "user_mentions": [{"screen_name": "usedgov", "name": "U.S. Department of Education", "id": 20437286, "id_str": "20437286", "indices": [96, 104]}], "urls": [{"url": "https://t.co/Y5fwpqpJvk", "expanded_url": "https://www.ed.gov/datastory/el-characteristics/index.html", "display_url": "ed.gov/datastory/el-c\u2026", "indices": [72, 95]}]}, "source": "<a href=\"http://twitter.com\" rel=\"nofollow\">Twitter Web Client</a>", "in_reply_to_status_id": null, "in_reply_to_status_id_str": null, "in_reply_to_user_id": null, "in_reply_to_user_id_str": null, "in_reply_to_screen_name": null, "user": {"id": 1486219506, "id_str": "1486219506", "name": "Claudia K Santamaria", "screen_name": "cksantamaria", "location": "Austin, TX", "description": "Inmigrante - Uruguaya - Latina - Esposa  - Mother of emerging trilinguals - PHD Student - Maestra - Principal of Uphaus ECC", "url": null, "entities": {"description": {"urls": []}}, "protected": false, "followers_count": 460, "friends_count": 396, "listed_count": 0, "created_at": "Wed Jun 05 23:01:16 +0000 2013", "favourites_count": 4034, "utc_offset": null, "time_zone": null, "geo_enabled": true, "verified": false, "statuses_count": 3033, "lang": null, "contributors_enabled": false, "is_translator": false, "is_translation_enabled": false, "profile_background_color": "C0DEED", "profile_background_image_url": "http://abs.twimg.com/images/themes/theme1/bg.png", "profile_background_image_url_https": "https://abs.twimg.com/images/themes/theme1/bg.png", "profile_background_tile": false, "profile_image_url": "http://pbs.twimg.com/profile_images/1294627680772554752/qNVqbY1B_normal.jpg", "profile_image_url_https": "https://pbs.twimg.com/profile_images/1294627680772554752/qNVqbY1B_normal.jpg", "profile_banner_url": "https://pbs.twimg.com/profile_banners/1486219506/1586994699", "profile_link_color": "1DA1F2", "profile_sidebar_border_color": "C0DEED", "profile_sidebar_fill_color": "DDEEF6", "profile_text_color": "333333", "profile_use_background_image": true, "has_extended_profile": true, "default_profile": true, "default_profile_image": false, "following": false, "follow_request_sent": false, "notifications": false, "translator_type": "none"}, "geo": null, "coordinates": null, "place": null, "contributors": null, "is_quote_status": false, "retweet_count": 0, "favorite_count": 0, "favorited": false, "retweeted": false, "possibly_sensitive": false, "lang": "en"}