{"created_at": "Tue Feb 06 03:24:12 +0000 2018", "id": 960715725383127042, "id_str": "960715725383127042", "text": "@5ciguy Funny enough the Monster hunter steve is a giant dinosaur that basically a chainsaw", "truncated": false, "entities": {"hashtags": [], "symbols": [], "user_mentions": [{"screen_name": "5ciguy", "name": "McChicken III", "id": 3237280490, "id_str": "3237280490", "indices": [0, 7]}], "urls": []}, "source": "<a href=\"https://about.twitter.com/products/tweetdeck\" rel=\"nofollow\">TweetDeck</a>", "in_reply_to_status_id": 960714657219489798, "in_reply_to_status_id_str": "960714657219489798", "in_reply_to_user_id": 3237280490, "in_reply_to_user_id_str": "3237280490", "in_reply_to_screen_name": "5ciguy", "user": {"id": 2796268820, "id_str": "2796268820", "name": "Jonie @ Maying My Days", "screen_name": "Arisat0s", "location": "", "description": "Jonie - 23 - They/Them - Cosplay link in bio - Lil Nas Factkin", "url": "https://t.co/22DfPVgEs5", "entities": {"url": {"urls": [{"url": "https://t.co/22DfPVgEs5", "expanded_url": "http://Instagram.com/vapor.raider", "display_url": "Instagram.com/vapor.raider", "indices": [0, 23]}]}, "description": {"urls": []}}, "protected": false, "followers_count": 603, "friends_count": 399, "listed_count": 13, "created_at": "Sun Sep 07 16:56:27 +0000 2014", "favourites_count": 19881, "utc_offset": null, "time_zone": null, "geo_enabled": false, "verified": false, "statuses_count": 124716, "lang": null, "contributors_enabled": false, "is_translator": false, "is_translation_enabled": false, "profile_background_color": "000000", "profile_background_image_url": "http://abs.twimg.com/images/themes/theme1/bg.png", "profile_background_image_url_https": "https://abs.twimg.com/images/themes/theme1/bg.png", "profile_background_tile": false, "profile_image_url": "http://pbs.twimg.com/profile_images/1305612935537004545/YKH5x2Fs_normal.jpg", "profile_image_url_https": "https://pbs.twimg.com/profile_images/1305612935537004545/YKH5x2Fs_normal.jpg", "profile_banner_url": "https://pbs.twimg.com/profile_banners/2796268820/1598413244", "profile_link_color": "981CEB", "profile_sidebar_border_color": "000000", "profile_sidebar_fill_color": "000000", "profile_text_color": "000000", "profile_use_background_image": false, "has_extended_profile": true, "default_profile": false, "default_profile_image": false, "following": false, "follow_request_sent": false, "notifications": false, "translator_type": "none"}, "geo": null, "coordinates": null, "place": null, "contributors": null, "is_quote_status": false, "retweet_count": 0, "favorite_count": 0, "favorited": false, "retweeted": false, "lang": "en"}