{"created_at": "Thu Oct 16 03:14:33 +0000 2008", "id": 961810050, "id_str": "961810050", "text": "Presidential Obama wins the third debate against cranky McCain /AMERICAblog News| A great nation deserves the ... http://tinyurl.com/4ty2c5", "truncated": false, "entities": {"hashtags": [], "symbols": [], "user_mentions": [], "urls": []}, "source": "<a href=\"http://twitter.com\" rel=\"nofollow\">Twitter Web Client</a>", "in_reply_to_status_id": null, "in_reply_to_status_id_str": null, "in_reply_to_user_id": null, "in_reply_to_user_id_str": null, "in_reply_to_screen_name": null, "user": {"id": 15046640, "id_str": "15046640", "name": "souplady \u262e\ud83c\udf0a", "screen_name": "souplady", "location": "Michigan", "description": "\ud83d\udc49 'What you do speaks so loudly that I cannot hear what you say.' - Ralph Waldo Emerson", "url": null, "entities": {"description": {"urls": []}}, "protected": false, "followers_count": 358, "friends_count": 1642, "listed_count": 0, "created_at": "Sun Jun 08 13:34:18 +0000 2008", "favourites_count": 144227, "utc_offset": null, "time_zone": null, "geo_enabled": true, "verified": false, "statuses_count": 20524, "lang": null, "contributors_enabled": false, "is_translator": false, "is_translation_enabled": false, "profile_background_color": "C6E2EE", "profile_background_image_url": "http://abs.twimg.com/images/themes/theme2/bg.gif", "profile_background_image_url_https": "https://abs.twimg.com/images/themes/theme2/bg.gif", "profile_background_tile": false, "profile_image_url": "http://pbs.twimg.com/profile_images/1202599728858435589/m0wcFLG__normal.jpg", "profile_image_url_https": "https://pbs.twimg.com/profile_images/1202599728858435589/m0wcFLG__normal.jpg", "profile_banner_url": "https://pbs.twimg.com/profile_banners/15046640/1582895750", "profile_link_color": "1F98C7", "profile_sidebar_border_color": "C6E2EE", "profile_sidebar_fill_color": "DAECF4", "profile_text_color": "663B12", "profile_use_background_image": true, "has_extended_profile": true, "default_profile": false, "default_profile_image": false, "following": false, "follow_request_sent": false, "notifications": false, "translator_type": "none"}, "geo": null, "coordinates": null, "place": null, "contributors": null, "is_quote_status": false, "retweet_count": 0, "favorite_count": 0, "favorited": false, "retweeted": false, "lang": "en"}