{"created_at": "Sun Feb 11 20:13:07 +0000 2018", "id": 962781565922283523, "id_str": "962781565922283523", "text": "@DanielWWebster1 2/Since the early 1990s, when Clinton pushed the Brady Bill, federal \"assault weapons\" ban and zon\u2026 https://t.co/fw6YLPHSNm", "truncated": true, "entities": {"hashtags": [], "symbols": [], "user_mentions": [{"screen_name": "DanielWWebster1", "name": "Daniel W. Webster", "id": 4882842069, "id_str": "4882842069", "indices": [0, 16]}], "urls": [{"url": "https://t.co/fw6YLPHSNm", "expanded_url": "https://twitter.com/i/web/status/962781565922283523", "display_url": "twitter.com/i/web/status/9\u2026", "indices": [117, 140]}]}, "source": "<a href=\"http://twitter.com\" rel=\"nofollow\">Twitter Web Client</a>", "in_reply_to_status_id": 962777155552841728, "in_reply_to_status_id_str": "962777155552841728", "in_reply_to_user_id": 4882842069, "in_reply_to_user_id_str": "4882842069", "in_reply_to_screen_name": "DanielWWebster1", "user": {"id": 777980351478173696, "id_str": "777980351478173696", "name": "Everygun", "screen_name": "EverygunSafety", "location": "", "description": "", "url": "https://t.co/elBbiEVR1C", "entities": {"url": {"urls": [{"url": "https://t.co/elBbiEVR1C", "expanded_url": "https://www.hoplofobia.info/", "display_url": "hoplofobia.info", "indices": [0, 23]}]}, "description": {"urls": []}}, "protected": false, "followers_count": 614, "friends_count": 24, "listed_count": 1, "created_at": "Mon Sep 19 21:19:04 +0000 2016", "favourites_count": 6500, "utc_offset": null, "time_zone": null, "geo_enabled": false, "verified": false, "statuses_count": 1255, "lang": null, "contributors_enabled": false, "is_translator": false, "is_translation_enabled": false, "profile_background_color": "000000", "profile_background_image_url": "http://abs.twimg.com/images/themes/theme1/bg.png", "profile_background_image_url_https": "https://abs.twimg.com/images/themes/theme1/bg.png", "profile_background_tile": false, "profile_image_url": "http://pbs.twimg.com/profile_images/1220122932443336705/LDTHMBoT_normal.jpg", "profile_image_url_https": "https://pbs.twimg.com/profile_images/1220122932443336705/LDTHMBoT_normal.jpg", "profile_banner_url": "https://pbs.twimg.com/profile_banners/777980351478173696/1583406094", "profile_link_color": "ABB8C2", "profile_sidebar_border_color": "000000", "profile_sidebar_fill_color": "000000", "profile_text_color": "000000", "profile_use_background_image": false, "has_extended_profile": false, "default_profile": false, "default_profile_image": false, "following": false, "follow_request_sent": false, "notifications": false, "translator_type": "none"}, "geo": null, "coordinates": null, "place": null, "contributors": null, "is_quote_status": false, "retweet_count": 0, "favorite_count": 1, "favorited": false, "retweeted": false, "lang": "en"}