{"created_at": "Tue Feb 13 15:51:31 +0000 2018", "id": 963440508906430464, "id_str": "963440508906430464", "text": "US Department of Education will no longer act on trans bathroom complaints via https://t.co/zM6hPONHKf https://t.co/I4kSkOyHR7", "truncated": false, "entities": {"hashtags": [], "symbols": [], "user_mentions": [], "urls": [{"url": "https://t.co/zM6hPONHKf", "expanded_url": "http://OurDailyQueer.com", "display_url": "OurDailyQueer.com", "indices": [79, 102]}, {"url": "https://t.co/I4kSkOyHR7", "expanded_url": "http://ift.tt/2ElpAbD", "display_url": "ift.tt/2ElpAbD", "indices": [103, 126]}]}, "source": "<a href=\"https://ifttt.com\" rel=\"nofollow\">IFTTT</a>", "in_reply_to_status_id": null, "in_reply_to_status_id_str": null, "in_reply_to_user_id": null, "in_reply_to_user_id_str": null, "in_reply_to_screen_name": null, "user": {"id": 4192705452, "id_str": "4192705452", "name": "Our Daily Queer", "screen_name": "OurDailyQueer", "location": "Toronto, Ontario", "description": "Our Daily Queer features #LGBT and #queer news. \u2606 #Pride #Gay #Equality  @QueerDeerMedia website \u2606 Also follow: @QueerStoriesQDM & @QueerHistoryQDM", "url": "https://t.co/Cj0OVkrAU8", "entities": {"url": {"urls": [{"url": "https://t.co/Cj0OVkrAU8", "expanded_url": "http://ourdailyqueer.com", "display_url": "ourdailyqueer.com", "indices": [0, 23]}]}, "description": {"urls": []}}, "protected": false, "followers_count": 93276, "friends_count": 81133, "listed_count": 421, "created_at": "Tue Nov 10 18:02:01 +0000 2015", "favourites_count": 2180, "utc_offset": null, "time_zone": null, "geo_enabled": false, "verified": false, "statuses_count": 35570, "lang": null, "contributors_enabled": false, "is_translator": false, "is_translation_enabled": false, "profile_background_color": "000000", "profile_background_image_url": "http://abs.twimg.com/images/themes/theme1/bg.png", "profile_background_image_url_https": "https://abs.twimg.com/images/themes/theme1/bg.png", "profile_background_tile": false, "profile_image_url": "http://pbs.twimg.com/profile_images/664147852638052353/U3xQMQCB_normal.jpg", "profile_image_url_https": "https://pbs.twimg.com/profile_images/664147852638052353/U3xQMQCB_normal.jpg", "profile_banner_url": "https://pbs.twimg.com/profile_banners/4192705452/1447180685", "profile_link_color": "4A913C", "profile_sidebar_border_color": "000000", "profile_sidebar_fill_color": "000000", "profile_text_color": "000000", "profile_use_background_image": false, "has_extended_profile": false, "default_profile": false, "default_profile_image": false, "following": false, "follow_request_sent": false, "notifications": false, "translator_type": "none"}, "geo": null, "coordinates": null, "place": null, "contributors": null, "is_quote_status": false, "retweet_count": 4, "favorite_count": 5, "favorited": false, "retweeted": false, "possibly_sensitive": false, "lang": "en"}