{"created_at": "Thu Feb 15 14:18:34 +0000 2018", "id": 964141892639191041, "id_str": "964141892639191041", "text": "@DailyMail @MailOnline All American idiots.  Google the Brady Bill or Assault Weapons Ban.  Enacted in 1994...worke\u2026 https://t.co/MiFGM8dxHT", "truncated": true, "entities": {"hashtags": [], "symbols": [], "user_mentions": [{"screen_name": "DailyMail", "name": "Daily Mail US", "id": 380285402, "id_str": "380285402", "indices": [0, 10]}, {"screen_name": "MailOnline", "name": "Daily Mail Online", "id": 15438913, "id_str": "15438913", "indices": [11, 22]}], "urls": [{"url": "https://t.co/MiFGM8dxHT", "expanded_url": "https://twitter.com/i/web/status/964141892639191041", "display_url": "twitter.com/i/web/status/9\u2026", "indices": [117, 140]}]}, "source": "<a href=\"http://twitter.com/#!/download/ipad\" rel=\"nofollow\">Twitter for iPad</a>", "in_reply_to_status_id": 964139767595196416, "in_reply_to_status_id_str": "964139767595196416", "in_reply_to_user_id": 380285402, "in_reply_to_user_id_str": "380285402", "in_reply_to_screen_name": "DailyMail", "user": {"id": 845977366375555072, "id_str": "845977366375555072", "name": "IndoTweet", "screen_name": "IndoTweet1", "location": "Bali, Indonesia", "description": "#WearADamnMask.  Expat Tweeter. Proud member of #TheResistance, #TheResistance2018, #MeToo, #Resist, #FBR, #BlueWave", "url": null, "entities": {"description": {"urls": []}}, "protected": false, "followers_count": 742, "friends_count": 2115, "listed_count": 2, "created_at": "Sun Mar 26 12:34:56 +0000 2017", "favourites_count": 4712, "utc_offset": null, "time_zone": null, "geo_enabled": false, "verified": false, "statuses_count": 11495, "lang": null, "contributors_enabled": false, "is_translator": false, "is_translation_enabled": false, "profile_background_color": "F5F8FA", "profile_background_image_url": null, "profile_background_image_url_https": null, "profile_background_tile": false, "profile_image_url": "http://pbs.twimg.com/profile_images/973841857695436800/T88d-NSV_normal.jpg", "profile_image_url_https": "https://pbs.twimg.com/profile_images/973841857695436800/T88d-NSV_normal.jpg", "profile_banner_url": "https://pbs.twimg.com/profile_banners/845977366375555072/1521016845", "profile_link_color": "1DA1F2", "profile_sidebar_border_color": "C0DEED", "profile_sidebar_fill_color": "DDEEF6", "profile_text_color": "333333", "profile_use_background_image": true, "has_extended_profile": false, "default_profile": true, "default_profile_image": false, "following": false, "follow_request_sent": false, "notifications": false, "translator_type": "none"}, "geo": null, "coordinates": null, "place": null, "contributors": null, "is_quote_status": false, "retweet_count": 0, "favorite_count": 0, "favorited": false, "retweeted": false, "lang": "en"}