{"created_at": "Sun Feb 18 23:48:55 +0000 2018", "id": 965372587873374209, "id_str": "965372587873374209", "text": "@msoptimistic101 Mine came from the US Department of Education y\u2019all better get y\u2019all president while he round here\u2026 https://t.co/Ogjz3PFGbx", "truncated": true, "entities": {"hashtags": [], "symbols": [], "user_mentions": [{"screen_name": "msoptimistic101", "name": "twentytewpikachews", "id": 1318905126, "id_str": "1318905126", "indices": [0, 16]}], "urls": [{"url": "https://t.co/Ogjz3PFGbx", "expanded_url": "https://twitter.com/i/web/status/965372587873374209", "display_url": "twitter.com/i/web/status/9\u2026", "indices": [117, 140]}]}, "source": "<a href=\"http://twitter.com/download/iphone\" rel=\"nofollow\">Twitter for iPhone</a>", "in_reply_to_status_id": 965371963454754817, "in_reply_to_status_id_str": "965371963454754817", "in_reply_to_user_id": 1318905126, "in_reply_to_user_id_str": "1318905126", "in_reply_to_screen_name": "msoptimistic101", "user": {"id": 865396466189123585, "id_str": "865396466189123585", "name": "Chip \u03a3kylark \ud83e\udd75", "screen_name": "quezzooooo", "location": "910|919|313", "description": "#NCCU Snap: @jay_double02 Ig:@turnmeupquezzo SOAR Leader \ud83e\udd85 Mr. AL \ud83e\udd34\ud83c\udffe PBS \ud83e\udd18\ud83c\udffe\ud83c\udf19 GGC Ambassador \ud83d\udc3b", "url": null, "entities": {"description": {"urls": []}}, "protected": false, "followers_count": 2893, "friends_count": 3126, "listed_count": 3, "created_at": "Fri May 19 02:39:30 +0000 2017", "favourites_count": 16181, "utc_offset": null, "time_zone": null, "geo_enabled": true, "verified": false, "statuses_count": 12392, "lang": null, "contributors_enabled": false, "is_translator": false, "is_translation_enabled": false, "profile_background_color": "F5F8FA", "profile_background_image_url": null, "profile_background_image_url_https": null, "profile_background_tile": false, "profile_image_url": "http://pbs.twimg.com/profile_images/1211011695847579653/Dt-SNH7__normal.jpg", "profile_image_url_https": "https://pbs.twimg.com/profile_images/1211011695847579653/Dt-SNH7__normal.jpg", "profile_banner_url": "https://pbs.twimg.com/profile_banners/865396466189123585/1580693580", "profile_link_color": "1DA1F2", "profile_sidebar_border_color": "C0DEED", "profile_sidebar_fill_color": "DDEEF6", "profile_text_color": "333333", "profile_use_background_image": true, "has_extended_profile": true, "default_profile": true, "default_profile_image": false, "following": false, "follow_request_sent": false, "notifications": false, "translator_type": "none"}, "geo": null, "coordinates": null, "place": null, "contributors": null, "is_quote_status": false, "retweet_count": 0, "favorite_count": 0, "favorited": false, "retweeted": false, "lang": "en"}