{"created_at": "Mon Feb 19 13:32:39 +0000 2018", "id": 965579885749178368, "id_str": "965579885749178368", "text": "https://t.co/ovuwoNhFU6 Joseph Mifsud meeting with Richard Riley at the US Department of Education as part of a Mal\u2026 https://t.co/9ty8BWH9xN", "truncated": true, "entities": {"hashtags": [], "symbols": [], "user_mentions": [], "urls": [{"url": "https://t.co/ovuwoNhFU6", "expanded_url": "http://www.doi-archived.gov.mt/EN/press_releases/1998/04/pr0738.asp", "display_url": "doi-archived.gov.mt/EN/press_relea\u2026", "indices": [0, 23]}, {"url": "https://t.co/9ty8BWH9xN", "expanded_url": "https://twitter.com/i/web/status/965579885749178368", "display_url": "twitter.com/i/web/status/9\u2026", "indices": [117, 140]}]}, "source": "<a href=\"http://twitter.com\" rel=\"nofollow\">Twitter Web Client</a>", "in_reply_to_status_id": null, "in_reply_to_status_id_str": null, "in_reply_to_user_id": null, "in_reply_to_user_id_str": null, "in_reply_to_screen_name": null, "user": {"id": 1307196882, "id_str": "1307196882", "name": "Chris Blackburn", "screen_name": "CJBdingo25", "location": "UK", "description": "Political Analyst UK. I'm interested in international relations and security.", "url": null, "entities": {"description": {"urls": []}}, "protected": false, "followers_count": 8344, "friends_count": 842, "listed_count": 66, "created_at": "Wed Mar 27 11:10:10 +0000 2013", "favourites_count": 16148, "utc_offset": null, "time_zone": null, "geo_enabled": false, "verified": false, "statuses_count": 13036, "lang": null, "contributors_enabled": false, "is_translator": false, "is_translation_enabled": false, "profile_background_color": "C0DEED", "profile_background_image_url": "http://abs.twimg.com/images/themes/theme1/bg.png", "profile_background_image_url_https": "https://abs.twimg.com/images/themes/theme1/bg.png", "profile_background_tile": false, "profile_image_url": "http://pbs.twimg.com/profile_images/1265045478540009472/fjI13dV4_normal.jpg", "profile_image_url_https": "https://pbs.twimg.com/profile_images/1265045478540009472/fjI13dV4_normal.jpg", "profile_banner_url": "https://pbs.twimg.com/profile_banners/1307196882/1370863260", "profile_link_color": "1DA1F2", "profile_sidebar_border_color": "C0DEED", "profile_sidebar_fill_color": "DDEEF6", "profile_text_color": "333333", "profile_use_background_image": true, "has_extended_profile": false, "default_profile": true, "default_profile_image": false, "following": false, "follow_request_sent": false, "notifications": false, "translator_type": "none"}, "geo": null, "coordinates": null, "place": null, "contributors": null, "is_quote_status": false, "retweet_count": 2, "favorite_count": 2, "favorited": false, "retweeted": false, "possibly_sensitive": false, "lang": "en"}