{"created_at": "Mon Feb 19 21:04:25 +0000 2018", "id": 965693580458254336, "id_str": "965693580458254336", "text": "President Trump is either totally compromised by the Russians or is a towering fool, or both, but either way he has\u2026 https://t.co/C79hRKdI2Y", "truncated": true, "entities": {"hashtags": [], "symbols": [], "user_mentions": [], "urls": [{"url": "https://t.co/C79hRKdI2Y", "expanded_url": "https://twitter.com/i/web/status/965693580458254336", "display_url": "twitter.com/i/web/status/9\u2026", "indices": [117, 140]}]}, "source": "<a href=\"http://twitter.com\" rel=\"nofollow\">Twitter Web Client</a>", "in_reply_to_status_id": null, "in_reply_to_status_id_str": null, "in_reply_to_user_id": null, "in_reply_to_user_id_str": null, "in_reply_to_screen_name": null, "user": {"id": 15084080, "id_str": "15084080", "name": "Jake Spencer", "screen_name": "jakes1018", "location": "Baltimore, MD", "description": "Itinerant Passive Aggressive #UniteBlue #SinglePayer #Orioles #Ravens #AnySportWhereMenWearShorts #VietnamVet", "url": "https://t.co/sEYHcIXCVv", "entities": {"url": {"urls": [{"url": "https://t.co/sEYHcIXCVv", "expanded_url": "http://www.facebook.com/people/Jake-Spencer/1262434166", "display_url": "facebook.com/people/Jake-Sp\u2026", "indices": [0, 23]}]}, "description": {"urls": []}}, "protected": false, "followers_count": 1998, "friends_count": 2194, "listed_count": 55, "created_at": "Wed Jun 11 12:14:06 +0000 2008", "favourites_count": 92, "utc_offset": null, "time_zone": null, "geo_enabled": true, "verified": false, "statuses_count": 24421, "lang": null, "contributors_enabled": false, "is_translator": false, "is_translation_enabled": false, "profile_background_color": "FFF04D", "profile_background_image_url": "http://abs.twimg.com/images/themes/theme19/bg.gif", "profile_background_image_url_https": "https://abs.twimg.com/images/themes/theme19/bg.gif", "profile_background_tile": false, "profile_image_url": "http://pbs.twimg.com/profile_images/1055086157376118785/2s5LhR2Q_normal.jpg", "profile_image_url_https": "https://pbs.twimg.com/profile_images/1055086157376118785/2s5LhR2Q_normal.jpg", "profile_banner_url": "https://pbs.twimg.com/profile_banners/15084080/1517659336", "profile_link_color": "0099CC", "profile_sidebar_border_color": "FFF8AD", "profile_sidebar_fill_color": "F6FFD1", "profile_text_color": "333333", "profile_use_background_image": true, "has_extended_profile": false, "default_profile": false, "default_profile_image": false, "following": false, "follow_request_sent": false, "notifications": false, "translator_type": "none"}, "geo": null, "coordinates": null, "place": null, "contributors": null, "is_quote_status": false, "retweet_count": 0, "favorite_count": 0, "favorited": false, "retweeted": false, "possibly_sensitive": false, "lang": "en"}