{"created_at": "Mon Feb 19 20:10:20 +0000 2018", "id": 965679967039315969, "id_str": "965679967039315969", "text": "Sad state of our democracy = \"President Trump is either totally compromised by the Russians or is a towering fool,\u2026 https://t.co/guMcGFXVEa", "truncated": true, "entities": {"hashtags": [], "symbols": [], "user_mentions": [], "urls": [{"url": "https://t.co/guMcGFXVEa", "expanded_url": "https://twitter.com/i/web/status/965679967039315969", "display_url": "twitter.com/i/web/status/9\u2026", "indices": [116, 139]}]}, "source": "<a href=\"http://twitter.com\" rel=\"nofollow\">Twitter Web Client</a>", "in_reply_to_status_id": null, "in_reply_to_status_id_str": null, "in_reply_to_user_id": null, "in_reply_to_user_id_str": null, "in_reply_to_screen_name": null, "user": {"id": 976927777, "id_str": "976927777", "name": "Sandra Wastler", "screen_name": "Swast90024", "location": "Frederick, MD", "description": "", "url": null, "entities": {"description": {"urls": []}}, "protected": false, "followers_count": 12, "friends_count": 19, "listed_count": 1, "created_at": "Wed Nov 28 20:38:30 +0000 2012", "favourites_count": 11, "utc_offset": null, "time_zone": null, "geo_enabled": false, "verified": false, "statuses_count": 9717, "lang": null, "contributors_enabled": false, "is_translator": false, "is_translation_enabled": false, "profile_background_color": "352726", "profile_background_image_url": "http://abs.twimg.com/images/themes/theme5/bg.gif", "profile_background_image_url_https": "https://abs.twimg.com/images/themes/theme5/bg.gif", "profile_background_tile": false, "profile_image_url": "http://abs.twimg.com/sticky/default_profile_images/default_profile_normal.png", "profile_image_url_https": "https://abs.twimg.com/sticky/default_profile_images/default_profile_normal.png", "profile_link_color": "D02B55", "profile_sidebar_border_color": "829D5E", "profile_sidebar_fill_color": "99CC33", "profile_text_color": "3E4415", "profile_use_background_image": true, "has_extended_profile": false, "default_profile": false, "default_profile_image": true, "following": false, "follow_request_sent": false, "notifications": false, "translator_type": "none"}, "geo": null, "coordinates": null, "place": null, "contributors": null, "is_quote_status": false, "retweet_count": 0, "favorite_count": 0, "favorited": false, "retweeted": false, "lang": "en"}