{"created_at": "Mon Feb 19 19:39:44 +0000 2018", "id": 965672265277890560, "id_str": "965672265277890560", "text": "I'm going with \"or both.\"\n\n\"President Trump is either totally compromised by the Russians or is a towering fool, or\u2026 https://t.co/HBtKlS6RTX", "truncated": true, "entities": {"hashtags": [], "symbols": [], "user_mentions": [], "urls": [{"url": "https://t.co/HBtKlS6RTX", "expanded_url": "https://twitter.com/i/web/status/965672265277890560", "display_url": "twitter.com/i/web/status/9\u2026", "indices": [117, 140]}]}, "source": "<a href=\"http://twitter.com\" rel=\"nofollow\">Twitter Web Client</a>", "in_reply_to_status_id": null, "in_reply_to_status_id_str": null, "in_reply_to_user_id": null, "in_reply_to_user_id_str": null, "in_reply_to_screen_name": null, "user": {"id": 90291844, "id_str": "90291844", "name": "jl croner", "screen_name": "jlcroner", "location": "\u270d\ufe0f #HandMarkedPaperBallots \u270d\ufe0f", "description": "Back then, managing editor, KTTV. Now, \u201cOrdinariness/ bright as raspberries\u201d (from This Morning by Jo McDougall.) #FedsOutOfPortland", "url": null, "entities": {"description": {"urls": []}}, "protected": false, "followers_count": 217, "friends_count": 2779, "listed_count": 3, "created_at": "Mon Nov 16 01:17:15 +0000 2009", "favourites_count": 50987, "utc_offset": null, "time_zone": null, "geo_enabled": true, "verified": false, "statuses_count": 28469, "lang": null, "contributors_enabled": false, "is_translator": false, "is_translation_enabled": false, "profile_background_color": "709397", "profile_background_image_url": "http://abs.twimg.com/images/themes/theme6/bg.gif", "profile_background_image_url_https": "https://abs.twimg.com/images/themes/theme6/bg.gif", "profile_background_tile": false, "profile_image_url": "http://pbs.twimg.com/profile_images/839622699848613888/gVBJA4vp_normal.jpg", "profile_image_url_https": "https://pbs.twimg.com/profile_images/839622699848613888/gVBJA4vp_normal.jpg", "profile_banner_url": "https://pbs.twimg.com/profile_banners/90291844/1475530754", "profile_link_color": "FF3300", "profile_sidebar_border_color": "86A4A6", "profile_sidebar_fill_color": "A0C5C7", "profile_text_color": "333333", "profile_use_background_image": true, "has_extended_profile": false, "default_profile": false, "default_profile_image": false, "following": false, "follow_request_sent": false, "notifications": false, "translator_type": "none"}, "geo": null, "coordinates": null, "place": null, "contributors": null, "is_quote_status": false, "retweet_count": 0, "favorite_count": 1, "favorited": false, "retweeted": false, "possibly_sensitive": false, "lang": "en"}