{"created_at": "Mon Feb 19 15:05:11 +0000 2018", "id": 965603174240354304, "id_str": "965603174240354304", "text": "@realDonaldTrump Reflect on this:\n\n\"Our democracy is in serious danger.\nTrump is either totally compromised by the\u2026 https://t.co/Y73yPGIUpN", "truncated": true, "entities": {"hashtags": [], "symbols": [], "user_mentions": [{"screen_name": "realDonaldTrump", "name": "Donald J. Trump", "id": 25073877, "id_str": "25073877", "indices": [0, 16]}], "urls": [{"url": "https://t.co/Y73yPGIUpN", "expanded_url": "https://twitter.com/i/web/status/965603174240354304", "display_url": "twitter.com/i/web/status/9\u2026", "indices": [116, 139]}]}, "source": "<a href=\"http://twitter.com/#!/download/ipad\" rel=\"nofollow\">Twitter for iPad</a>", "in_reply_to_status_id": 965582280772276224, "in_reply_to_status_id_str": "965582280772276224", "in_reply_to_user_id": 25073877, "in_reply_to_user_id_str": "25073877", "in_reply_to_screen_name": "realDonaldTrump", "user": {"id": 4355387603, "id_str": "4355387603", "name": "DRL", "screen_name": "DRL96017573", "location": "", "description": "", "url": null, "entities": {"description": {"urls": []}}, "protected": false, "followers_count": 4, "friends_count": 86, "listed_count": 0, "created_at": "Wed Dec 02 23:25:34 +0000 2015", "favourites_count": 419, "utc_offset": null, "time_zone": null, "geo_enabled": false, "verified": false, "statuses_count": 988, "lang": null, "contributors_enabled": false, "is_translator": false, "is_translation_enabled": false, "profile_background_color": "C0DEED", "profile_background_image_url": "http://abs.twimg.com/images/themes/theme1/bg.png", "profile_background_image_url_https": "https://abs.twimg.com/images/themes/theme1/bg.png", "profile_background_tile": false, "profile_image_url": "http://pbs.twimg.com/profile_images/672195792430612481/Dj7QOnC4_normal.jpg", "profile_image_url_https": "https://pbs.twimg.com/profile_images/672195792430612481/Dj7QOnC4_normal.jpg", "profile_link_color": "1DA1F2", "profile_sidebar_border_color": "C0DEED", "profile_sidebar_fill_color": "DDEEF6", "profile_text_color": "333333", "profile_use_background_image": true, "has_extended_profile": false, "default_profile": true, "default_profile_image": false, "following": false, "follow_request_sent": false, "notifications": false, "translator_type": "none"}, "geo": null, "coordinates": null, "place": null, "contributors": null, "is_quote_status": false, "retweet_count": 0, "favorite_count": 0, "favorited": false, "retweeted": false, "lang": "en"}