{"created_at": "Mon Feb 19 21:45:02 +0000 2018", "id": 965703799267627008, "id_str": "965703799267627008", "text": "@originalspin @JoyAnnReid @realDonaldTrump This clown built his campaign on his hatred of Obama and has continued t\u2026 https://t.co/VBr4di4XxS", "truncated": true, "entities": {"hashtags": [], "symbols": [], "user_mentions": [{"screen_name": "originalspin", "name": "Jeff Yang", "id": 14278608, "id_str": "14278608", "indices": [0, 13]}, {"screen_name": "JoyAnnReid", "name": "Joy Reid", "id": 49698134, "id_str": "49698134", "indices": [14, 25]}, {"screen_name": "realDonaldTrump", "name": "Donald J. Trump", "id": 25073877, "id_str": "25073877", "indices": [26, 42]}], "urls": [{"url": "https://t.co/VBr4di4XxS", "expanded_url": "https://twitter.com/i/web/status/965703799267627008", "display_url": "twitter.com/i/web/status/9\u2026", "indices": [117, 140]}]}, "source": "<a href=\"https://mobile.twitter.com\" rel=\"nofollow\">Twitter Web App</a>", "in_reply_to_status_id": 965616960779182080, "in_reply_to_status_id_str": "965616960779182080", "in_reply_to_user_id": 14278608, "in_reply_to_user_id_str": "14278608", "in_reply_to_screen_name": "originalspin", "user": {"id": 826567649199013889, "id_str": "826567649199013889", "name": "oldtimerchip(1)", "screen_name": "tjgranger74", "location": "Haslett, MI", "description": "CMU 1974  Family first...always", "url": null, "entities": {"description": {"urls": []}}, "protected": false, "followers_count": 263, "friends_count": 292, "listed_count": 0, "created_at": "Tue Jan 31 23:07:39 +0000 2017", "favourites_count": 21165, "utc_offset": null, "time_zone": null, "geo_enabled": false, "verified": false, "statuses_count": 26359, "lang": null, "contributors_enabled": false, "is_translator": false, "is_translation_enabled": false, "profile_background_color": "000000", "profile_background_image_url": "http://abs.twimg.com/images/themes/theme1/bg.png", "profile_background_image_url_https": "https://abs.twimg.com/images/themes/theme1/bg.png", "profile_background_tile": false, "profile_image_url": "http://pbs.twimg.com/profile_images/1064221010050859014/fOD5tUXw_normal.jpg", "profile_image_url_https": "https://pbs.twimg.com/profile_images/1064221010050859014/fOD5tUXw_normal.jpg", "profile_banner_url": "https://pbs.twimg.com/profile_banners/826567649199013889/1542564844", "profile_link_color": "E81C4F", "profile_sidebar_border_color": "000000", "profile_sidebar_fill_color": "000000", "profile_text_color": "000000", "profile_use_background_image": false, "has_extended_profile": false, "default_profile": false, "default_profile_image": false, "following": false, "follow_request_sent": false, "notifications": false, "translator_type": "none"}, "geo": null, "coordinates": null, "place": null, "contributors": null, "is_quote_status": false, "retweet_count": 0, "favorite_count": 0, "favorited": false, "retweeted": false, "lang": "en"}