{"created_at": "Thu Feb 22 03:55:28 +0000 2018", "id": 966521800468283392, "id_str": "966521800468283392", "text": "Let's all remember the NRA fought reg flag laws, they fought the Brady Bill, they fought the assault weapons ban, t\u2026 https://t.co/W2E4reBw3I", "truncated": true, "entities": {"hashtags": [], "symbols": [], "user_mentions": [], "urls": [{"url": "https://t.co/W2E4reBw3I", "expanded_url": "https://twitter.com/i/web/status/966521800468283392", "display_url": "twitter.com/i/web/status/9\u2026", "indices": [117, 140]}]}, "source": "<a href=\"http://twitter.com/download/android\" rel=\"nofollow\">Twitter for Android</a>", "in_reply_to_status_id": null, "in_reply_to_status_id_str": null, "in_reply_to_user_id": null, "in_reply_to_user_id_str": null, "in_reply_to_screen_name": null, "user": {"id": 726917584256278528, "id_str": "726917584256278528", "name": "Melissa Smith", "screen_name": "Melissa22461016", "location": "Nowhere & everywhere", "description": "Mother, educator, advocate, DOJ Dip Brat, wife of Marine Security Guard, & mathematician who blocks those who refuse to understand facts & math.", "url": null, "entities": {"description": {"urls": []}}, "protected": false, "followers_count": 420, "friends_count": 769, "listed_count": 13, "created_at": "Sun May 01 23:33:52 +0000 2016", "favourites_count": 85212, "utc_offset": null, "time_zone": null, "geo_enabled": false, "verified": false, "statuses_count": 14434, "lang": null, "contributors_enabled": false, "is_translator": false, "is_translation_enabled": false, "profile_background_color": "F5F8FA", "profile_background_image_url": null, "profile_background_image_url_https": null, "profile_background_tile": false, "profile_image_url": "http://pbs.twimg.com/profile_images/820806745622650880/0OjXgD8D_normal.jpg", "profile_image_url_https": "https://pbs.twimg.com/profile_images/820806745622650880/0OjXgD8D_normal.jpg", "profile_banner_url": "https://pbs.twimg.com/profile_banners/726917584256278528/1571276612", "profile_link_color": "1DA1F2", "profile_sidebar_border_color": "C0DEED", "profile_sidebar_fill_color": "DDEEF6", "profile_text_color": "333333", "profile_use_background_image": true, "has_extended_profile": false, "default_profile": true, "default_profile_image": false, "following": false, "follow_request_sent": false, "notifications": false, "translator_type": "none"}, "geo": null, "coordinates": null, "place": null, "contributors": null, "is_quote_status": false, "retweet_count": 4, "favorite_count": 7, "favorited": false, "retweeted": false, "lang": "en"}