{"created_at": "Sun Feb 25 20:19:44 +0000 2018", "id": 967856658855608320, "id_str": "967856658855608320", "text": "President Trump is either totally compromised by the Russians or is a towering fool, or both, but either way he has\u2026 https://t.co/e4hdMxK0GD", "truncated": true, "entities": {"hashtags": [], "symbols": [], "user_mentions": [], "urls": [{"url": "https://t.co/e4hdMxK0GD", "expanded_url": "https://twitter.com/i/web/status/967856658855608320", "display_url": "twitter.com/i/web/status/9\u2026", "indices": [117, 140]}]}, "source": "<a href=\"https://mobile.twitter.com\" rel=\"nofollow\">Twitter Web App</a>", "in_reply_to_status_id": null, "in_reply_to_status_id_str": null, "in_reply_to_user_id": null, "in_reply_to_user_id_str": null, "in_reply_to_screen_name": null, "user": {"id": 32582937, "id_str": "32582937", "name": "Lillith Alexander", "screen_name": "lillithmind", "location": "Califorbia", "description": "clinical trials research and epidemiology. My hobby is researching viruses. Other hobbies include making jewelry, reading scientific journals, reading", "url": null, "entities": {"description": {"urls": []}}, "protected": false, "followers_count": 1448, "friends_count": 3314, "listed_count": 23, "created_at": "Fri Apr 17 21:03:44 +0000 2009", "favourites_count": 13095, "utc_offset": null, "time_zone": null, "geo_enabled": true, "verified": false, "statuses_count": 62229, "lang": null, "contributors_enabled": false, "is_translator": false, "is_translation_enabled": false, "profile_background_color": "0099B9", "profile_background_image_url": "http://abs.twimg.com/images/themes/theme3/bg.gif", "profile_background_image_url_https": "https://abs.twimg.com/images/themes/theme3/bg.gif", "profile_background_tile": true, "profile_image_url": "http://pbs.twimg.com/profile_images/1268947765511352320/Ldfbg4G__normal.jpg", "profile_image_url_https": "https://pbs.twimg.com/profile_images/1268947765511352320/Ldfbg4G__normal.jpg", "profile_banner_url": "https://pbs.twimg.com/profile_banners/32582937/1590690395", "profile_link_color": "E81C4F", "profile_sidebar_border_color": "FFFFFF", "profile_sidebar_fill_color": "E3E2DE", "profile_text_color": "634047", "profile_use_background_image": true, "has_extended_profile": false, "default_profile": false, "default_profile_image": false, "following": false, "follow_request_sent": false, "notifications": false, "translator_type": "none"}, "geo": null, "coordinates": null, "place": null, "contributors": null, "is_quote_status": false, "retweet_count": 0, "favorite_count": 0, "favorited": false, "retweeted": false, "lang": "en"}