{"created_at": "Tue Feb 27 15:22:44 +0000 2018", "id": 968506692433424384, "id_str": "968506692433424384", "text": "More to the point, Candice Jackson is a terrible choice to serve as the acting head of the US Department of Educati\u2026 https://t.co/LQjXlGhO0g", "truncated": true, "entities": {"hashtags": [], "symbols": [], "user_mentions": [], "urls": [{"url": "https://t.co/LQjXlGhO0g", "expanded_url": "https://twitter.com/i/web/status/968506692433424384", "display_url": "twitter.com/i/web/status/9\u2026", "indices": [117, 140]}]}, "source": "<a href=\"http://twitter.com/download/iphone\" rel=\"nofollow\">Twitter for iPhone</a>", "in_reply_to_status_id": null, "in_reply_to_status_id_str": null, "in_reply_to_user_id": null, "in_reply_to_user_id_str": null, "in_reply_to_screen_name": null, "user": {"id": 7183282, "id_str": "7183282", "name": "Nion McEvoy", "screen_name": "ntmce", "location": "San Francisco", "description": "Chronicle Books, the McEvoy Group, and the McEvoy Ranch.", "url": null, "entities": {"description": {"urls": []}}, "protected": false, "followers_count": 3032, "friends_count": 5001, "listed_count": 98, "created_at": "Sun Jul 01 08:39:00 +0000 2007", "favourites_count": 89409, "utc_offset": null, "time_zone": null, "geo_enabled": true, "verified": false, "statuses_count": 9574, "lang": null, "contributors_enabled": false, "is_translator": false, "is_translation_enabled": false, "profile_background_color": "9AE4E8", "profile_background_image_url": "http://abs.twimg.com/images/themes/theme1/bg.png", "profile_background_image_url_https": "https://abs.twimg.com/images/themes/theme1/bg.png", "profile_background_tile": false, "profile_image_url": "http://pbs.twimg.com/profile_images/90830555/Clear_normal", "profile_image_url_https": "https://pbs.twimg.com/profile_images/90830555/Clear_normal", "profile_link_color": "0000FF", "profile_sidebar_border_color": "87BC44", "profile_sidebar_fill_color": "E0FF92", "profile_text_color": "000000", "profile_use_background_image": true, "has_extended_profile": false, "default_profile": false, "default_profile_image": false, "following": false, "follow_request_sent": false, "notifications": false, "translator_type": "none"}, "geo": null, "coordinates": null, "place": null, "contributors": null, "is_quote_status": false, "retweet_count": 0, "favorite_count": 0, "favorited": false, "retweeted": false, "possibly_sensitive": false, "lang": "en"}