{"created_at": "Wed Feb 28 11:57:39 +0000 2018", "id": 968817470512467969, "id_str": "968817470512467969", "text": "Announcing his peace strategy #Afghanistan president @ashrafghani offers: 1, Recognition of Taliban as political pa\u2026 https://t.co/kPDntuKDMZ", "truncated": true, "entities": {"hashtags": [{"text": "Afghanistan", "indices": [30, 42]}], "symbols": [], "user_mentions": [{"screen_name": "ashrafghani", "name": "Ashraf Ghani", "id": 46376581, "id_str": "46376581", "indices": [53, 65]}], "urls": [{"url": "https://t.co/kPDntuKDMZ", "expanded_url": "https://twitter.com/i/web/status/968817470512467969", "display_url": "twitter.com/i/web/status/9\u2026", "indices": [117, 140]}]}, "source": "<a href=\"http://twitter.com\" rel=\"nofollow\">Twitter Web Client</a>", "in_reply_to_status_id": null, "in_reply_to_status_id_str": null, "in_reply_to_user_id": null, "in_reply_to_user_id_str": null, "in_reply_to_screen_name": null, "user": {"id": 22651121, "id_str": "22651121", "name": "Bashir Ahmad Gwakh", "screen_name": "bashirgwakh", "location": "", "description": "Journalist covering #Afghanistan #Pakistan #ISIS #Taliban #TerrorMedia| I also write poetry and play cricket | Views are personal. RTs not endorsement", "url": "https://t.co/Hc6EWfH1Hz", "entities": {"url": {"urls": [{"url": "https://t.co/Hc6EWfH1Hz", "expanded_url": "http://Instagram.com/bashirgwakh", "display_url": "Instagram.com/bashirgwakh", "indices": [0, 23]}]}, "description": {"urls": []}}, "protected": false, "followers_count": 73823, "friends_count": 1111, "listed_count": 393, "created_at": "Tue Mar 03 17:48:05 +0000 2009", "favourites_count": 11230, "utc_offset": null, "time_zone": null, "geo_enabled": false, "verified": true, "statuses_count": 19822, "lang": null, "contributors_enabled": false, "is_translator": false, "is_translation_enabled": false, "profile_background_color": "ACDED6", "profile_background_image_url": "http://abs.twimg.com/images/themes/theme18/bg.gif", "profile_background_image_url_https": "https://abs.twimg.com/images/themes/theme18/bg.gif", "profile_background_tile": false, "profile_image_url": "http://pbs.twimg.com/profile_images/1271698067377606657/AAcYbTdB_normal.jpg", "profile_image_url_https": "https://pbs.twimg.com/profile_images/1271698067377606657/AAcYbTdB_normal.jpg", "profile_link_color": "038543", "profile_sidebar_border_color": "000000", "profile_sidebar_fill_color": "000000", "profile_text_color": "000000", "profile_use_background_image": true, "has_extended_profile": true, "default_profile": false, "default_profile_image": false, "following": false, "follow_request_sent": false, "notifications": false, "translator_type": "regular"}, "geo": null, "coordinates": null, "place": null, "contributors": null, "is_quote_status": false, "retweet_count": 8, "favorite_count": 7, "favorited": false, "retweeted": false, "lang": "en"}