{"created_at": "Wed Feb 28 20:21:36 +0000 2018", "id": 968944293628071937, "id_str": "968944293628071937", "text": "@LynnNBenjie @CombatCavScout In 1993 the NRA told me that the Brady Bill would lead to all-out confiscation. Then a\u2026 https://t.co/Bjy22bj4td", "truncated": true, "entities": {"hashtags": [], "symbols": [], "user_mentions": [{"screen_name": "CombatCavScout", "name": "Cav is a Racket", "id": 231521378, "id_str": "231521378", "indices": [13, 28]}], "urls": [{"url": "https://t.co/Bjy22bj4td", "expanded_url": "https://twitter.com/i/web/status/968944293628071937", "display_url": "twitter.com/i/web/status/9\u2026", "indices": [117, 140]}]}, "source": "<a href=\"http://twitter.com/download/android\" rel=\"nofollow\">Twitter for Android</a>", "in_reply_to_status_id": null, "in_reply_to_status_id_str": null, "in_reply_to_user_id": null, "in_reply_to_user_id_str": null, "in_reply_to_screen_name": null, "user": {"id": 1362237086, "id_str": "1362237086", "name": "Mike Obach", "screen_name": "MikeObach", "location": "Fargo, ND", "description": "Infantry FGO in USAR & volunteer for West Fargo Fire Dept; whisky snob, Dirty Centrist, & know-it-all for hire. Replies w/out likes will be treated as hostile", "url": null, "entities": {"description": {"urls": []}}, "protected": false, "followers_count": 1813, "friends_count": 1013, "listed_count": 12, "created_at": "Thu Apr 18 15:38:11 +0000 2013", "favourites_count": 120832, "utc_offset": null, "time_zone": null, "geo_enabled": true, "verified": false, "statuses_count": 26504, "lang": null, "contributors_enabled": false, "is_translator": false, "is_translation_enabled": false, "profile_background_color": "C0DEED", "profile_background_image_url": "http://abs.twimg.com/images/themes/theme1/bg.png", "profile_background_image_url_https": "https://abs.twimg.com/images/themes/theme1/bg.png", "profile_background_tile": false, "profile_image_url": "http://pbs.twimg.com/profile_images/1094132122917502976/xpvCU1bs_normal.jpg", "profile_image_url_https": "https://pbs.twimg.com/profile_images/1094132122917502976/xpvCU1bs_normal.jpg", "profile_banner_url": "https://pbs.twimg.com/profile_banners/1362237086/1496281872", "profile_link_color": "1DA1F2", "profile_sidebar_border_color": "C0DEED", "profile_sidebar_fill_color": "DDEEF6", "profile_text_color": "333333", "profile_use_background_image": true, "has_extended_profile": false, "default_profile": true, "default_profile_image": false, "following": false, "follow_request_sent": false, "notifications": false, "translator_type": "none"}, "geo": null, "coordinates": null, "place": null, "contributors": null, "is_quote_status": false, "retweet_count": 0, "favorite_count": 1, "favorited": false, "retweeted": false, "lang": "en"}