{"created_at": "Wed Feb 28 19:35:28 +0000 2018", "id": 968932683828088832, "id_str": "968932683828088832", "text": "The highlight of my day so far is @BigBadBenSchad booing the US Department of Education building.", "truncated": false, "entities": {"hashtags": [], "symbols": [], "user_mentions": [], "urls": []}, "source": "<a href=\"http://twitter.com/download/android\" rel=\"nofollow\">Twitter for Android</a>", "in_reply_to_status_id": null, "in_reply_to_status_id_str": null, "in_reply_to_user_id": null, "in_reply_to_user_id_str": null, "in_reply_to_screen_name": null, "user": {"id": 1649041280, "id_str": "1649041280", "name": "Dan Zalewski III", "screen_name": "danzalewski3", "location": "Pennsylvania, USA", "description": "Content is king, consistency is queen. President @RubyMediaLLC", "url": null, "entities": {"description": {"urls": []}}, "protected": false, "followers_count": 168, "friends_count": 163, "listed_count": 1, "created_at": "Tue Aug 06 00:27:58 +0000 2013", "favourites_count": 6191, "utc_offset": null, "time_zone": null, "geo_enabled": false, "verified": false, "statuses_count": 3645, "lang": null, "contributors_enabled": false, "is_translator": false, "is_translation_enabled": false, "profile_background_color": "C0DEED", "profile_background_image_url": "http://abs.twimg.com/images/themes/theme1/bg.png", "profile_background_image_url_https": "https://abs.twimg.com/images/themes/theme1/bg.png", "profile_background_tile": false, "profile_image_url": "http://pbs.twimg.com/profile_images/943518721674502144/UHdqnmlr_normal.jpg", "profile_image_url_https": "https://pbs.twimg.com/profile_images/943518721674502144/UHdqnmlr_normal.jpg", "profile_banner_url": "https://pbs.twimg.com/profile_banners/1649041280/1511900781", "profile_link_color": "094200", "profile_sidebar_border_color": "C0DEED", "profile_sidebar_fill_color": "DDEEF6", "profile_text_color": "333333", "profile_use_background_image": true, "has_extended_profile": false, "default_profile": false, "default_profile_image": false, "following": false, "follow_request_sent": false, "notifications": false, "translator_type": "none"}, "geo": null, "coordinates": null, "place": null, "contributors": null, "is_quote_status": false, "retweet_count": 0, "favorite_count": 3, "favorited": false, "retweeted": false, "lang": "en"}