{"created_at": "Thu Mar 01 03:38:52 +0000 2018", "id": 969054336004304896, "id_str": "969054336004304896", "text": "Noticed that in Fellowship of the Ring (in the mines of Moria at Balin's tomb) the sound of the orc first getting s\u2026 https://t.co/AlWLLAP2Jm", "truncated": true, "entities": {"hashtags": [], "symbols": [], "user_mentions": [], "urls": [{"url": "https://t.co/AlWLLAP2Jm", "expanded_url": "https://twitter.com/i/web/status/969054336004304896", "display_url": "twitter.com/i/web/status/9\u2026", "indices": [117, 140]}]}, "source": "<a href=\"http://twitter.com\" rel=\"nofollow\">Twitter Web Client</a>", "in_reply_to_status_id": null, "in_reply_to_status_id_str": null, "in_reply_to_user_id": null, "in_reply_to_user_id_str": null, "in_reply_to_screen_name": null, "user": {"id": 35532281, "id_str": "35532281", "name": "The Mazoo", "screen_name": "jmatta27", "location": "", "description": "412 to 919 \nEx-GOP", "url": null, "entities": {"description": {"urls": []}}, "protected": false, "followers_count": 568, "friends_count": 317, "listed_count": 10, "created_at": "Sun Apr 26 18:49:11 +0000 2009", "favourites_count": 15011, "utc_offset": null, "time_zone": null, "geo_enabled": true, "verified": false, "statuses_count": 32491, "lang": null, "contributors_enabled": false, "is_translator": false, "is_translation_enabled": false, "profile_background_color": "C0DEED", "profile_background_image_url": "http://abs.twimg.com/images/themes/theme1/bg.png", "profile_background_image_url_https": "https://abs.twimg.com/images/themes/theme1/bg.png", "profile_background_tile": false, "profile_image_url": "http://pbs.twimg.com/profile_images/1052359142625529858/KaRlyZq0_normal.jpg", "profile_image_url_https": "https://pbs.twimg.com/profile_images/1052359142625529858/KaRlyZq0_normal.jpg", "profile_banner_url": "https://pbs.twimg.com/profile_banners/35532281/1583955217", "profile_link_color": "0084B4", "profile_sidebar_border_color": "000000", "profile_sidebar_fill_color": "DDEEF6", "profile_text_color": "333333", "profile_use_background_image": true, "has_extended_profile": false, "default_profile": false, "default_profile_image": false, "following": false, "follow_request_sent": false, "notifications": false, "translator_type": "none"}, "geo": null, "coordinates": null, "place": null, "contributors": null, "is_quote_status": false, "retweet_count": 0, "favorite_count": 1, "favorited": false, "retweeted": false, "lang": "en"}