{"created_at": "Fri Mar 02 14:28:22 +0000 2018", "id": 969580175393517569, "id_str": "969580175393517569", "text": "ICYMI: we'll be streaming the Turok: Dinosaur Hunter remaster on Xbox One at 19:30 GMT tonight! Join the hunt at https://t.co/WeHwxS09Z5.", "truncated": false, "entities": {"hashtags": [], "symbols": [], "user_mentions": [], "urls": [{"url": "https://t.co/WeHwxS09Z5", "expanded_url": "http://twitch.tv/n64today", "display_url": "twitch.tv/n64today", "indices": [113, 136]}]}, "source": "<a href=\"http://twitter.com/download/android\" rel=\"nofollow\">Twitter for Android</a>", "in_reply_to_status_id": null, "in_reply_to_status_id_str": null, "in_reply_to_user_id": null, "in_reply_to_user_id_str": null, "in_reply_to_screen_name": null, "user": {"id": 160576109, "id_str": "160576109", "name": "N64 Today", "screen_name": "N64Today", "location": "UK", "description": "Blog for people who still play #Nintendo64. Covering the latest #N64 ROM hacks & mods, as well as reviewing original games to let you know how they play today.", "url": "https://t.co/1mJKqJjA9I", "entities": {"url": {"urls": [{"url": "https://t.co/1mJKqJjA9I", "expanded_url": "https://n64today.com", "display_url": "n64today.com", "indices": [0, 23]}]}, "description": {"urls": []}}, "protected": false, "followers_count": 9932, "friends_count": 1128, "listed_count": 97, "created_at": "Mon Jun 28 15:23:25 +0000 2010", "favourites_count": 27490, "utc_offset": null, "time_zone": null, "geo_enabled": false, "verified": false, "statuses_count": 18853, "lang": null, "contributors_enabled": false, "is_translator": false, "is_translation_enabled": false, "profile_background_color": "E53027", "profile_background_image_url": "http://abs.twimg.com/images/themes/theme14/bg.gif", "profile_background_image_url_https": "https://abs.twimg.com/images/themes/theme14/bg.gif", "profile_background_tile": true, "profile_image_url": "http://pbs.twimg.com/profile_images/810601305861406722/hdXAY4p4_normal.jpg", "profile_image_url_https": "https://pbs.twimg.com/profile_images/810601305861406722/hdXAY4p4_normal.jpg", "profile_banner_url": "https://pbs.twimg.com/profile_banners/160576109/1552121501", "profile_link_color": "52AC00", "profile_sidebar_border_color": "FFFFFF", "profile_sidebar_fill_color": "EFEFEF", "profile_text_color": "333333", "profile_use_background_image": false, "has_extended_profile": true, "default_profile": false, "default_profile_image": false, "following": false, "follow_request_sent": false, "notifications": false, "translator_type": "none"}, "geo": null, "coordinates": null, "place": null, "contributors": null, "is_quote_status": false, "retweet_count": 1, "favorite_count": 5, "favorited": false, "retweeted": false, "possibly_sensitive": false, "lang": "en"}