{"created_at": "Sun Mar 04 03:34:41 +0000 2018", "id": 970140445253816320, "id_str": "970140445253816320", "text": "@Fox11Ben The handling of the Appling and Payne incident lead to the US Department of Education\u2019s Office of Civil R\u2026 https://t.co/IytjwgmxAq", "truncated": true, "entities": {"hashtags": [], "symbols": [], "user_mentions": [{"screen_name": "Fox11Ben", "name": "Ben Fox", "id": 2294491200, "id_str": "2294491200", "indices": [0, 9]}], "urls": [{"url": "https://t.co/IytjwgmxAq", "expanded_url": "https://twitter.com/i/web/status/970140445253816320", "display_url": "twitter.com/i/web/status/9\u2026", "indices": [117, 140]}]}, "source": "<a href=\"http://twitter.com/download/iphone\" rel=\"nofollow\">Twitter for iPhone</a>", "in_reply_to_status_id": 970123555454275585, "in_reply_to_status_id_str": "970123555454275585", "in_reply_to_user_id": 2294491200, "in_reply_to_user_id_str": "2294491200", "in_reply_to_screen_name": "Fox11Ben", "user": {"id": 1289485338, "id_str": "1289485338", "name": "Scott Childers", "screen_name": "GoBlueZ06", "location": "Canton, MI", "description": "Michigan fan, automotive enthusiast, golf aficiando, still believes Caddyshack was the greatest film ever made", "url": null, "entities": {"description": {"urls": []}}, "protected": false, "followers_count": 90, "friends_count": 248, "listed_count": 4, "created_at": "Fri Mar 22 19:40:28 +0000 2013", "favourites_count": 7318, "utc_offset": null, "time_zone": null, "geo_enabled": true, "verified": false, "statuses_count": 6404, "lang": null, "contributors_enabled": false, "is_translator": false, "is_translation_enabled": false, "profile_background_color": "C0DEED", "profile_background_image_url": "http://abs.twimg.com/images/themes/theme1/bg.png", "profile_background_image_url_https": "https://abs.twimg.com/images/themes/theme1/bg.png", "profile_background_tile": false, "profile_image_url": "http://pbs.twimg.com/profile_images/784901024083501056/Sw97rqhw_normal.jpg", "profile_image_url_https": "https://pbs.twimg.com/profile_images/784901024083501056/Sw97rqhw_normal.jpg", "profile_banner_url": "https://pbs.twimg.com/profile_banners/1289485338/1470317967", "profile_link_color": "1DA1F2", "profile_sidebar_border_color": "C0DEED", "profile_sidebar_fill_color": "DDEEF6", "profile_text_color": "333333", "profile_use_background_image": true, "has_extended_profile": false, "default_profile": true, "default_profile_image": false, "following": false, "follow_request_sent": false, "notifications": false, "translator_type": "none"}, "geo": null, "coordinates": null, "place": null, "contributors": null, "is_quote_status": false, "retweet_count": 0, "favorite_count": 0, "favorited": false, "retweeted": false, "lang": "en"}