{"created_at": "Mon Mar 05 20:37:55 +0000 2018", "id": 970760337757585408, "id_str": "970760337757585408", "text": "#climatechange It's not a climate plan @cathmckenna , if it does not acknowledge and include adaptation to other fo\u2026 https://t.co/N7Ds0HJkQt", "truncated": true, "entities": {"hashtags": [{"text": "climatechange", "indices": [0, 14]}], "symbols": [], "user_mentions": [{"screen_name": "cathmckenna", "name": "Catherine McKenna", "id": 140252240, "id_str": "140252240", "indices": [39, 51]}], "urls": [{"url": "https://t.co/N7Ds0HJkQt", "expanded_url": "https://twitter.com/i/web/status/970760337757585408", "display_url": "twitter.com/i/web/status/9\u2026", "indices": [117, 140]}]}, "source": "<a href=\"http://twitter.com/#!/download/ipad\" rel=\"nofollow\">Twitter for iPad</a>", "in_reply_to_status_id": null, "in_reply_to_status_id_str": null, "in_reply_to_user_id": null, "in_reply_to_user_id_str": null, "in_reply_to_screen_name": null, "user": {"id": 784853485095231489, "id_str": "784853485095231489", "name": "Lorne Cooper", "screen_name": "CooperLorne", "location": "Saskatoon, Saskatchewan", "description": "44 yrs Environmental experience. Love outdoors. saw the 70's Global Cooling scare, the 90's+ AGW/CC scare and thankfully, emergence of climate skepticism\ud83c\udf1e NoDM", "url": null, "entities": {"description": {"urls": []}}, "protected": false, "followers_count": 2308, "friends_count": 2621, "listed_count": 5, "created_at": "Sat Oct 08 20:30:27 +0000 2016", "favourites_count": 3958, "utc_offset": null, "time_zone": null, "geo_enabled": true, "verified": false, "statuses_count": 9590, "lang": null, "contributors_enabled": false, "is_translator": false, "is_translation_enabled": false, "profile_background_color": "F5F8FA", "profile_background_image_url": null, "profile_background_image_url_https": null, "profile_background_tile": false, "profile_image_url": "http://pbs.twimg.com/profile_images/914979378798354432/UwiY4v5N_normal.jpg", "profile_image_url_https": "https://pbs.twimg.com/profile_images/914979378798354432/UwiY4v5N_normal.jpg", "profile_link_color": "1DA1F2", "profile_sidebar_border_color": "C0DEED", "profile_sidebar_fill_color": "DDEEF6", "profile_text_color": "333333", "profile_use_background_image": true, "has_extended_profile": false, "default_profile": true, "default_profile_image": false, "following": false, "follow_request_sent": false, "notifications": false, "translator_type": "none"}, "geo": null, "coordinates": null, "place": null, "contributors": null, "is_quote_status": true, "quoted_status_id": 970745606552485889, "quoted_status_id_str": "970745606552485889", "quoted_status": {"created_at": "Mon Mar 05 19:39:22 +0000 2018", "id": 970745606552485889, "id_str": "970745606552485889", "text": "\"It is not a climate plan if it is not also a plan for working people.\" @SPhillipsAB", "truncated": false, "entities": {"hashtags": [], "symbols": [], "user_mentions": [{"screen_name": "SPhillipsAB", "name": "Shannon Phillips", "id": 43280157, "id_str": "43280157", "indices": [72, 84]}], "urls": []}, "source": "<a href=\"http://twitter.com/download/iphone\" rel=\"nofollow\">Twitter for iPhone</a>", "in_reply_to_status_id": null, "in_reply_to_status_id_str": null, "in_reply_to_user_id": null, "in_reply_to_user_id_str": null, "in_reply_to_screen_name": null, "user": {"id": 140252240, "id_str": "140252240", "name": "Catherine McKenna", "screen_name": "cathmckenna", "location": "Ottawa Centre", "description": "Mom. Swimmer. Climate advocate. Ottawa Centre MP/D\u00e9put\u00e9e. Minister of Infrastructure and Communities/Ministre de l'Infrastructure et des Collectivit\u00e9s. \ud83c\udde8\ud83c\udde6", "url": "https://t.co/aZFI7ibXIq", "entities": {"url": {"urls": [{"url": "https://t.co/aZFI7ibXIq", "expanded_url": "http://facebook.com/McKenna.Ottawa/", "display_url": "facebook.com/McKenna.Ottawa/", "indices": [0, 23]}]}, "description": {"urls": []}}, "protected": false, "followers_count": 141684, "friends_count": 7300, "listed_count": 1489, "created_at": "Wed May 05 01:09:09 +0000 2010", "favourites_count": 80816, "utc_offset": null, "time_zone": null, "geo_enabled": true, "verified": true, "statuses_count": 72063, "lang": null, "contributors_enabled": false, "is_translator": false, "is_translation_enabled": false, "profile_background_color": "C0DEED", "profile_background_image_url": "http://abs.twimg.com/images/themes/theme1/bg.png", "profile_background_image_url_https": "https://abs.twimg.com/images/themes/theme1/bg.png", "profile_background_tile": false, "profile_image_url": "http://pbs.twimg.com/profile_images/1141028960295432193/G3CLSJyG_normal.png", "profile_image_url_https": "https://pbs.twimg.com/profile_images/1141028960295432193/G3CLSJyG_normal.png", "profile_banner_url": "https://pbs.twimg.com/profile_banners/140252240/1587848851", "profile_link_color": "B30015", "profile_sidebar_border_color": "C0DEED", "profile_sidebar_fill_color": "DDEEF6", "profile_text_color": "333333", "profile_use_background_image": true, "has_extended_profile": false, "default_profile": false, "default_profile_image": false, "following": false, "follow_request_sent": false, "notifications": false, "translator_type": "none"}, "geo": null, "coordinates": null, "place": {"id": "6a6d896ba1cb5dc4", "url": "https://api.twitter.com/1.1/geo/id/6a6d896ba1cb5dc4.json", "place_type": "city", "name": "Edmonton", "full_name": "Edmonton, Alberta", "country_code": "CA", "country": "Canada", "contained_within": [], "bounding_box": {"type": "Polygon", "coordinates": [[[-113.71368, 53.395531], [-113.271555, 53.395531], [-113.271555, 53.7161084], [-113.71368, 53.7161084]]]}, "attributes": {}}, "contributors": null, "is_quote_status": false, "retweet_count": 9, "favorite_count": 15, "favorited": false, "retweeted": false, "lang": "en"}, "retweet_count": 0, "favorite_count": 1, "favorited": false, "retweeted": false, "possibly_sensitive": false, "lang": "en"}