{"created_at": "Sat Jul 30 00:17:59 +0000 2011", "id": 97098579340042240, "id_str": "97098579340042240", "text": "I'm at Apostolic Church of God (6300 S Dorchester, 63rd Street, Chicago) http://4sq.com/q1ZTnc", "truncated": false, "entities": {"hashtags": [], "symbols": [], "user_mentions": [], "urls": []}, "source": "<a href=\"http://foursquare.com\" rel=\"nofollow\">Foursquare</a>", "in_reply_to_status_id": null, "in_reply_to_status_id_str": null, "in_reply_to_user_id": null, "in_reply_to_user_id_str": null, "in_reply_to_screen_name": null, "user": {"id": 146244816, "id_str": "146244816", "name": "Whipped Inc", "screen_name": "Jacquielaine", "location": "Chicago", "description": "Chicago native and Owner of Whipped Inc. Fashion-Friends-Fun Wine life Wine=good times! https://t.co/rOxnJIoJ0l", "url": "https://t.co/rOxnJIoJ0l", "entities": {"url": {"urls": [{"url": "https://t.co/rOxnJIoJ0l", "expanded_url": "http://fb.me/whippeddessert", "display_url": "fb.me/whippeddessert", "indices": [0, 23]}]}, "description": {"urls": [{"url": "https://t.co/rOxnJIoJ0l", "expanded_url": "http://fb.me/whippeddessert", "display_url": "fb.me/whippeddessert", "indices": [88, 111]}]}}, "protected": false, "followers_count": 99, "friends_count": 251, "listed_count": 2, "created_at": "Thu May 20 23:44:58 +0000 2010", "favourites_count": 123, "utc_offset": null, "time_zone": null, "geo_enabled": true, "verified": false, "statuses_count": 2183, "lang": null, "contributors_enabled": false, "is_translator": false, "is_translation_enabled": false, "profile_background_color": "000000", "profile_background_image_url": "http://abs.twimg.com/images/themes/theme11/bg.gif", "profile_background_image_url_https": "https://abs.twimg.com/images/themes/theme11/bg.gif", "profile_background_tile": true, "profile_image_url": "http://pbs.twimg.com/profile_images/843617471294791680/I9kteGCc_normal.jpg", "profile_image_url_https": "https://pbs.twimg.com/profile_images/843617471294791680/I9kteGCc_normal.jpg", "profile_banner_url": "https://pbs.twimg.com/profile_banners/146244816/1534892092", "profile_link_color": "EB125B", "profile_sidebar_border_color": "FFFFFF", "profile_sidebar_fill_color": "E5507E", "profile_text_color": "D4B7AA", "profile_use_background_image": true, "has_extended_profile": true, "default_profile": false, "default_profile_image": false, "following": false, "follow_request_sent": false, "notifications": false, "translator_type": "none"}, "geo": null, "coordinates": null, "place": null, "contributors": null, "is_quote_status": false, "retweet_count": 0, "favorite_count": 0, "favorited": false, "retweeted": false, "lang": "en"}