{"created_at": "Wed Oct 22 20:48:06 +0000 2008", "id": 971043228, "id_str": "971043228", "text": "** CNN's Situation Room: more of Wolf Blitzer's interview with Sen. John McCain coming up at 5pm and 6pm ET on The Situation Room", "truncated": false, "entities": {"hashtags": [], "symbols": [], "user_mentions": [], "urls": []}, "source": "<a href=\"http://twitter.com\" rel=\"nofollow\">Twitter Web Client</a>", "in_reply_to_status_id": null, "in_reply_to_status_id_str": null, "in_reply_to_user_id": null, "in_reply_to_user_id_str": null, "in_reply_to_screen_name": null, "user": {"id": 16050807, "id_str": "16050807", "name": "toriblaseCNN", "screen_name": "toriblaseCNN", "location": "Atlanta", "description": "@CNN Supervisor/Executive Producer; IRTS Fellow ~ 1993 @ABC News/PrimeTime Live. UT grad. Retweets are not endorsements.", "url": "http://t.co/RXO2CV8ULg", "entities": {"url": {"urls": [{"url": "http://t.co/RXO2CV8ULg", "expanded_url": "http://www.cnn.com", "display_url": "cnn.com", "indices": [0, 22]}]}, "description": {"urls": []}}, "protected": false, "followers_count": 12912, "friends_count": 11398, "listed_count": 355, "created_at": "Sat Aug 30 02:53:13 +0000 2008", "favourites_count": 235, "utc_offset": null, "time_zone": null, "geo_enabled": false, "verified": true, "statuses_count": 12391, "lang": null, "contributors_enabled": false, "is_translator": false, "is_translation_enabled": false, "profile_background_color": "0099B9", "profile_background_image_url": "http://abs.twimg.com/images/themes/theme4/bg.gif", "profile_background_image_url_https": "https://abs.twimg.com/images/themes/theme4/bg.gif", "profile_background_tile": false, "profile_image_url": "http://pbs.twimg.com/profile_images/559909521061998593/UH7OJSC__normal.jpeg", "profile_image_url_https": "https://pbs.twimg.com/profile_images/559909521061998593/UH7OJSC__normal.jpeg", "profile_banner_url": "https://pbs.twimg.com/profile_banners/16050807/1348871972", "profile_link_color": "0099B9", "profile_sidebar_border_color": "FFFFFF", "profile_sidebar_fill_color": "95E8EC", "profile_text_color": "3C3940", "profile_use_background_image": true, "has_extended_profile": false, "default_profile": false, "default_profile_image": false, "following": false, "follow_request_sent": false, "notifications": false, "translator_type": "none"}, "geo": null, "coordinates": null, "place": null, "contributors": null, "is_quote_status": false, "retweet_count": 0, "favorite_count": 0, "favorited": false, "retweeted": false, "lang": "en"}