{"created_at": "Fri Mar 09 22:07:47 +0000 2018", "id": 972232505570091008, "id_str": "972232505570091008", "text": "@camilzf I have been playing monster hunter and because it pushed me over the edge, there are no dinosaurs and drag\u2026 https://t.co/aKgNrrPEgq", "truncated": true, "entities": {"hashtags": [], "symbols": [], "user_mentions": [{"screen_name": "camilzf", "name": "Cameowla", "id": 3040368190, "id_str": "3040368190", "indices": [0, 8]}], "urls": [{"url": "https://t.co/aKgNrrPEgq", "expanded_url": "https://twitter.com/i/web/status/972232505570091008", "display_url": "twitter.com/i/web/status/9\u2026", "indices": [117, 140]}]}, "source": "<a href=\"http://twitter.com/download/iphone\" rel=\"nofollow\">Twitter for iPhone</a>", "in_reply_to_status_id": 972231729237970944, "in_reply_to_status_id_str": "972231729237970944", "in_reply_to_user_id": 3040368190, "in_reply_to_user_id_str": "3040368190", "in_reply_to_screen_name": "camilzf", "user": {"id": 881674351, "id_str": "881674351", "name": "Zippy213\ud83d\udc9a", "screen_name": "DavidMatthewBy1", "location": "", "description": "lover of Horror! Disabled veteran living in hell. Commie bastard. I retweet a lot, but I am now all out of f***s to give. #HorrorFamily #MutantFamily", "url": null, "entities": {"description": {"urls": []}}, "protected": false, "followers_count": 2094, "friends_count": 3425, "listed_count": 12, "created_at": "Mon Oct 15 06:06:50 +0000 2012", "favourites_count": 150141, "utc_offset": null, "time_zone": null, "geo_enabled": true, "verified": false, "statuses_count": 35059, "lang": null, "contributors_enabled": false, "is_translator": false, "is_translation_enabled": false, "profile_background_color": "C0DEED", "profile_background_image_url": "http://abs.twimg.com/images/themes/theme1/bg.png", "profile_background_image_url_https": "https://abs.twimg.com/images/themes/theme1/bg.png", "profile_background_tile": false, "profile_image_url": "http://pbs.twimg.com/profile_images/1103795101212516353/waENIUrP_normal.jpg", "profile_image_url_https": "https://pbs.twimg.com/profile_images/1103795101212516353/waENIUrP_normal.jpg", "profile_banner_url": "https://pbs.twimg.com/profile_banners/881674351/1596723257", "profile_link_color": "1DA1F2", "profile_sidebar_border_color": "C0DEED", "profile_sidebar_fill_color": "DDEEF6", "profile_text_color": "333333", "profile_use_background_image": true, "has_extended_profile": true, "default_profile": true, "default_profile_image": false, "following": false, "follow_request_sent": false, "notifications": false, "translator_type": "none"}, "geo": null, "coordinates": null, "place": {"id": "00bad99d6b05a213", "url": "https://api.twitter.com/1.1/geo/id/00bad99d6b05a213.json", "place_type": "city", "name": "Elizabethton", "full_name": "Elizabethton, TN", "country_code": "US", "country": "United States", "contained_within": [], "bounding_box": {"type": "Polygon", "coordinates": [[[-82.319523, 36.285879], [-82.154114, 36.285879], [-82.154114, 36.3680325], [-82.319523, 36.3680325]]]}, "attributes": {}}, "contributors": null, "is_quote_status": false, "retweet_count": 0, "favorite_count": 1, "favorited": false, "retweeted": false, "lang": "en"}