{"created_at": "Thu Mar 15 18:55:43 +0000 2018", "id": 974358500464910336, "id_str": "974358500464910336", "text": "@NathanBLawrence @crannburied @thetomzone Turok was the dinosaur hunter, come on man", "truncated": false, "entities": {"hashtags": [], "symbols": [], "user_mentions": [{"screen_name": "NathanBLawrence", "name": "Nathan Lawrence \ud83c\udf08", "id": 175511941, "id_str": "175511941", "indices": [0, 16]}, {"screen_name": "thetomzone", "name": "lvl 45 chaos potus", "id": 119756545, "id_str": "119756545", "indices": [30, 41]}], "urls": []}, "source": "<a href=\"http://twitter.com/download/iphone\" rel=\"nofollow\">Twitter for iPhone</a>", "in_reply_to_status_id": 974358167462318081, "in_reply_to_status_id_str": "974358167462318081", "in_reply_to_user_id": 175511941, "in_reply_to_user_id_str": "175511941", "in_reply_to_screen_name": "NathanBLawrence", "user": {"id": 2342493836, "id_str": "2342493836", "name": "Alex Dropkin", "screen_name": "AlexDropkin", "location": "Chicago, IL", "description": "Human", "url": null, "entities": {"description": {"urls": []}}, "protected": false, "followers_count": 848, "friends_count": 1202, "listed_count": 26, "created_at": "Thu Feb 13 19:45:52 +0000 2014", "favourites_count": 134354, "utc_offset": null, "time_zone": null, "geo_enabled": true, "verified": false, "statuses_count": 66884, "lang": null, "contributors_enabled": false, "is_translator": false, "is_translation_enabled": false, "profile_background_color": "C0DEED", "profile_background_image_url": "http://abs.twimg.com/images/themes/theme1/bg.png", "profile_background_image_url_https": "https://abs.twimg.com/images/themes/theme1/bg.png", "profile_background_tile": false, "profile_image_url": "http://pbs.twimg.com/profile_images/1134287843516473347/5_SpIE2H_normal.jpg", "profile_image_url_https": "https://pbs.twimg.com/profile_images/1134287843516473347/5_SpIE2H_normal.jpg", "profile_link_color": "1DA1F2", "profile_sidebar_border_color": "C0DEED", "profile_sidebar_fill_color": "DDEEF6", "profile_text_color": "333333", "profile_use_background_image": true, "has_extended_profile": false, "default_profile": true, "default_profile_image": false, "following": false, "follow_request_sent": false, "notifications": false, "translator_type": "none"}, "geo": null, "coordinates": null, "place": null, "contributors": null, "is_quote_status": false, "retweet_count": 0, "favorite_count": 0, "favorited": false, "retweeted": false, "lang": "en"}