{"created_at": "Tue Mar 20 23:34:14 +0000 2018", "id": 976240529984950274, "id_str": "976240529984950274", "text": "*President Donald J. #Trump delivers remarks at the National #Republican #Congressional Committee March Dinner.\u2026 https://t.co/iBI1b3Tjx2", "truncated": true, "entities": {"hashtags": [{"text": "Trump", "indices": [21, 27]}, {"text": "Republican", "indices": [61, 72]}, {"text": "Congressional", "indices": [73, 87]}], "symbols": [], "user_mentions": [], "urls": [{"url": "https://t.co/iBI1b3Tjx2", "expanded_url": "https://twitter.com/i/web/status/976240529984950274", "display_url": "twitter.com/i/web/status/9\u2026", "indices": [113, 136]}]}, "source": "<a href=\"http://www.facebook.com/twitter\" rel=\"nofollow\">Facebook</a>", "in_reply_to_status_id": null, "in_reply_to_status_id_str": null, "in_reply_to_user_id": null, "in_reply_to_user_id_str": null, "in_reply_to_screen_name": null, "user": {"id": 774757641088294914, "id_str": "774757641088294914", "name": "PC GOP for Trump", "screen_name": "PCGOP4TRUMP", "location": "Passaic County, New Jersey", "description": "Make America Great Again", "url": "https://t.co/GkIQWVeWba", "entities": {"url": {"urls": [{"url": "https://t.co/GkIQWVeWba", "expanded_url": "https://www.facebook.com/Passaic-County-Republicans-For-Trump-1701753293423816/", "display_url": "facebook.com/Passaic-County\u2026", "indices": [0, 23]}]}, "description": {"urls": []}}, "protected": false, "followers_count": 72, "friends_count": 114, "listed_count": 0, "created_at": "Sat Sep 10 23:53:10 +0000 2016", "favourites_count": 0, "utc_offset": null, "time_zone": null, "geo_enabled": false, "verified": false, "statuses_count": 139, "lang": null, "contributors_enabled": false, "is_translator": false, "is_translation_enabled": false, "profile_background_color": "F5F8FA", "profile_background_image_url": null, "profile_background_image_url_https": null, "profile_background_tile": false, "profile_image_url": "http://pbs.twimg.com/profile_images/879793088704720896/Tl-sX42v_normal.jpg", "profile_image_url_https": "https://pbs.twimg.com/profile_images/879793088704720896/Tl-sX42v_normal.jpg", "profile_banner_url": "https://pbs.twimg.com/profile_banners/774757641088294914/1473551821", "profile_link_color": "1DA1F2", "profile_sidebar_border_color": "C0DEED", "profile_sidebar_fill_color": "DDEEF6", "profile_text_color": "333333", "profile_use_background_image": true, "has_extended_profile": false, "default_profile": true, "default_profile_image": false, "following": false, "follow_request_sent": false, "notifications": false, "translator_type": "none"}, "geo": null, "coordinates": null, "place": null, "contributors": null, "is_quote_status": false, "retweet_count": 0, "favorite_count": 0, "favorited": false, "retweeted": false, "possibly_sensitive": false, "lang": "en"}