{"created_at": "Sun Mar 25 15:32:39 +0000 2018", "id": 977931274688999424, "id_str": "977931274688999424", "text": "@UnlearningEcon What's especially obtuse is the fact that \"no marches\" appears right where you'd put \"Brady bill pa\u2026 https://t.co/YsjKXyEg0N", "truncated": true, "entities": {"hashtags": [], "symbols": [], "user_mentions": [], "urls": [{"url": "https://t.co/YsjKXyEg0N", "expanded_url": "https://twitter.com/i/web/status/977931274688999424", "display_url": "twitter.com/i/web/status/9\u2026", "indices": [117, 140]}]}, "source": "<a href=\"http://twitter.com/download/iphone\" rel=\"nofollow\">Twitter for iPhone</a>", "in_reply_to_status_id": 977904508582887425, "in_reply_to_status_id_str": "977904508582887425", "in_reply_to_user_id": 189948728, "in_reply_to_user_id_str": "189948728", "in_reply_to_screen_name": "UnlearnEcon", "user": {"id": 284213310, "id_str": "284213310", "name": "Jason Smith", "screen_name": "infotranecon", "location": "Seattle, WA", "description": "Physicist who messes around with economic theory. Author: A Random Physicist Takes on Economics + A Workers' History of the United States. He/Him.", "url": "https://t.co/uFkGIcHuZP", "entities": {"url": {"urls": [{"url": "https://t.co/uFkGIcHuZP", "expanded_url": "http://www.informationtransfereconomics.com/", "display_url": "informationtransfereconomics.com", "indices": [0, 23]}]}, "description": {"urls": []}}, "protected": false, "followers_count": 1887, "friends_count": 371, "listed_count": 50, "created_at": "Mon Apr 18 21:21:26 +0000 2011", "favourites_count": 20510, "utc_offset": null, "time_zone": null, "geo_enabled": false, "verified": false, "statuses_count": 14218, "lang": null, "contributors_enabled": false, "is_translator": false, "is_translation_enabled": false, "profile_background_color": "000000", "profile_background_image_url": "http://abs.twimg.com/images/themes/theme1/bg.png", "profile_background_image_url_https": "https://abs.twimg.com/images/themes/theme1/bg.png", "profile_background_tile": false, "profile_image_url": "http://pbs.twimg.com/profile_images/1284974701010317312/XrrFhbF8_normal.jpg", "profile_image_url_https": "https://pbs.twimg.com/profile_images/1284974701010317312/XrrFhbF8_normal.jpg", "profile_banner_url": "https://pbs.twimg.com/profile_banners/284213310/1593129466", "profile_link_color": "91D2FA", "profile_sidebar_border_color": "000000", "profile_sidebar_fill_color": "000000", "profile_text_color": "000000", "profile_use_background_image": false, "has_extended_profile": true, "default_profile": false, "default_profile_image": false, "following": false, "follow_request_sent": false, "notifications": false, "translator_type": "none"}, "geo": null, "coordinates": null, "place": null, "contributors": null, "is_quote_status": false, "retweet_count": 0, "favorite_count": 2, "favorited": false, "retweeted": false, "possibly_sensitive": false, "lang": "en"}