{"created_at": "Thu Mar 29 14:37:05 +0000 2018", "id": 979366840941056000, "id_str": "979366840941056000", "text": "@JBane87 The same reason the dinosaurs died out", "truncated": false, "entities": {"hashtags": [], "symbols": [], "user_mentions": [{"screen_name": "JBane87", "name": "Jackson Schneider", "id": 417539590, "id_str": "417539590", "indices": [0, 8]}], "urls": []}, "source": "<a href=\"http://twitter.com/download/iphone\" rel=\"nofollow\">Twitter for iPhone</a>", "in_reply_to_status_id": 979362543683751936, "in_reply_to_status_id_str": "979362543683751936", "in_reply_to_user_id": 417539590, "in_reply_to_user_id_str": "417539590", "in_reply_to_screen_name": "JBane87", "user": {"id": 201509748, "id_str": "201509748", "name": "Hunter Dedloff", "screen_name": "Hunter_Dedloff", "location": "New Orleans, LA", "description": "There is water at the bottom of the ocean", "url": null, "entities": {"description": {"urls": []}}, "protected": false, "followers_count": 381, "friends_count": 186, "listed_count": 3, "created_at": "Tue Oct 12 00:44:22 +0000 2010", "favourites_count": 5574, "utc_offset": null, "time_zone": null, "geo_enabled": true, "verified": false, "statuses_count": 8828, "lang": null, "contributors_enabled": false, "is_translator": false, "is_translation_enabled": false, "profile_background_color": "131516", "profile_background_image_url": "http://abs.twimg.com/images/themes/theme14/bg.gif", "profile_background_image_url_https": "https://abs.twimg.com/images/themes/theme14/bg.gif", "profile_background_tile": true, "profile_image_url": "http://pbs.twimg.com/profile_images/1228177613111218177/CwA-E8Zc_normal.jpg", "profile_image_url_https": "https://pbs.twimg.com/profile_images/1228177613111218177/CwA-E8Zc_normal.jpg", "profile_banner_url": "https://pbs.twimg.com/profile_banners/201509748/1594088551", "profile_link_color": "009999", "profile_sidebar_border_color": "EEEEEE", "profile_sidebar_fill_color": "EFEFEF", "profile_text_color": "333333", "profile_use_background_image": true, "has_extended_profile": true, "default_profile": false, "default_profile_image": false, "following": false, "follow_request_sent": false, "notifications": false, "translator_type": "none"}, "geo": null, "coordinates": null, "place": null, "contributors": null, "is_quote_status": false, "retweet_count": 0, "favorite_count": 0, "favorited": false, "retweeted": false, "lang": "en"}