{"created_at": "Sat Mar 31 11:00:45 +0000 2018", "id": 980037177299087361, "id_str": "980037177299087361", "text": "Encouraging news out of the US Department of Education that fewer teens are being bullied. The report states that \"\u2026 https://t.co/9A4PY9MIq0", "truncated": true, "entities": {"hashtags": [], "symbols": [], "user_mentions": [], "urls": [{"url": "https://t.co/9A4PY9MIq0", "expanded_url": "https://twitter.com/i/web/status/980037177299087361", "display_url": "twitter.com/i/web/status/9\u2026", "indices": [117, 140]}]}, "source": "<a href=\"http://www.hootsuite.com\" rel=\"nofollow\">Hootsuite</a>", "in_reply_to_status_id": null, "in_reply_to_status_id_str": null, "in_reply_to_user_id": null, "in_reply_to_user_id_str": null, "in_reply_to_screen_name": null, "user": {"id": 18195250, "id_str": "18195250", "name": "CCA CT", "screen_name": "cca_ct", "location": "Hartford, Conn.", "description": "Center for Children's Advocacy is a non-profit organization that fights for the legal rights of the most vulnerable children in Connecticut.", "url": "https://t.co/ibvI4zJaU4", "entities": {"url": {"urls": [{"url": "https://t.co/ibvI4zJaU4", "expanded_url": "http://bit.ly/2U3jLIE", "display_url": "bit.ly/2U3jLIE", "indices": [0, 23]}]}, "description": {"urls": []}}, "protected": false, "followers_count": 762, "friends_count": 532, "listed_count": 26, "created_at": "Wed Dec 17 18:18:26 +0000 2008", "favourites_count": 437, "utc_offset": null, "time_zone": null, "geo_enabled": true, "verified": false, "statuses_count": 1754, "lang": null, "contributors_enabled": false, "is_translator": false, "is_translation_enabled": true, "profile_background_color": "000000", "profile_background_image_url": "http://abs.twimg.com/images/themes/theme1/bg.png", "profile_background_image_url_https": "https://abs.twimg.com/images/themes/theme1/bg.png", "profile_background_tile": false, "profile_image_url": "http://pbs.twimg.com/profile_images/910942910228631552/Nlbg8a-L_normal.jpg", "profile_image_url_https": "https://pbs.twimg.com/profile_images/910942910228631552/Nlbg8a-L_normal.jpg", "profile_banner_url": "https://pbs.twimg.com/profile_banners/18195250/1542746609", "profile_link_color": "6893BC", "profile_sidebar_border_color": "000000", "profile_sidebar_fill_color": "000000", "profile_text_color": "000000", "profile_use_background_image": false, "has_extended_profile": false, "default_profile": false, "default_profile_image": false, "following": false, "follow_request_sent": false, "notifications": false, "translator_type": "none"}, "geo": null, "coordinates": null, "place": null, "contributors": null, "is_quote_status": false, "retweet_count": 0, "favorite_count": 0, "favorited": false, "retweeted": false, "possibly_sensitive": false, "lang": "en"}