{"created_at": "Wed Apr 04 09:43:31 +0000 2018", "id": 981467290410594305, "id_str": "981467290410594305", "text": "Retweeted Harvard Health (@HarvardHealth):\n\nNew data from the US Department of Education brings some really good ne\u2026 https://t.co/MPVjnDnZ3n", "truncated": true, "entities": {"hashtags": [], "symbols": [], "user_mentions": [{"screen_name": "HarvardHealth", "name": "Harvard Health", "id": 22708797, "id_str": "22708797", "indices": [26, 40]}], "urls": [{"url": "https://t.co/MPVjnDnZ3n", "expanded_url": "https://twitter.com/i/web/status/981467290410594305", "display_url": "twitter.com/i/web/status/9\u2026", "indices": [117, 140]}]}, "source": "<a href=\"http://www.facebook.com/twitter\" rel=\"nofollow\">Facebook</a>", "in_reply_to_status_id": null, "in_reply_to_status_id_str": null, "in_reply_to_user_id": null, "in_reply_to_user_id_str": null, "in_reply_to_screen_name": null, "user": {"id": 15036391, "id_str": "15036391", "name": "NonaCare, LLC", "screen_name": "nCareSmartCare1", "location": "U.S.A", "description": "NonaCare\u00ae  makes it possible for u to buy & Pay 4  HomeCareServices  on the Go! U have options to buy & pay hourly, weekly & or monthly basis\ud83d\udc68\ud83c\udfff\u200d\u2695\ufe0f\ud83d\udc69\ud83c\udfff\u200d\u2695\ufe0f\ud83d\udc68\u200d\u2695\ufe0f\ud83d\udc69\u200d\u2695\ufe0f", "url": "https://t.co/glSkD47yjD", "entities": {"url": {"urls": [{"url": "https://t.co/glSkD47yjD", "expanded_url": "http://www.nonacare.com", "display_url": "nonacare.com", "indices": [0, 23]}]}, "description": {"urls": []}}, "protected": false, "followers_count": 878, "friends_count": 1139, "listed_count": 41, "created_at": "Sat Jun 07 06:43:00 +0000 2008", "favourites_count": 1281, "utc_offset": null, "time_zone": null, "geo_enabled": true, "verified": false, "statuses_count": 9483, "lang": null, "contributors_enabled": false, "is_translator": false, "is_translation_enabled": false, "profile_background_color": "FA743E", "profile_background_image_url": "http://abs.twimg.com/images/themes/theme4/bg.gif", "profile_background_image_url_https": "https://abs.twimg.com/images/themes/theme4/bg.gif", "profile_background_tile": true, "profile_image_url": "http://pbs.twimg.com/profile_images/606787065842401280/0ilX9qno_normal.jpg", "profile_image_url_https": "https://pbs.twimg.com/profile_images/606787065842401280/0ilX9qno_normal.jpg", "profile_banner_url": "https://pbs.twimg.com/profile_banners/15036391/1445898020", "profile_link_color": "2B3856", "profile_sidebar_border_color": "000000", "profile_sidebar_fill_color": "B196EB", "profile_text_color": "4C44B0", "profile_use_background_image": true, "has_extended_profile": true, "default_profile": false, "default_profile_image": false, "following": false, "follow_request_sent": false, "notifications": false, "translator_type": "none"}, "geo": null, "coordinates": null, "place": null, "contributors": null, "is_quote_status": false, "retweet_count": 0, "favorite_count": 0, "favorited": false, "retweeted": false, "possibly_sensitive": false, "lang": "en"}