{"created_at": "Thu Apr 05 04:50:35 +0000 2018", "id": 981755960157921280, "id_str": "981755960157921280", "text": "@karakuri3000 It\u2019s Turok the Dinosaur Hunter comic book reboot. Issue #1 from 1993.", "truncated": false, "entities": {"hashtags": [], "symbols": [], "user_mentions": [], "urls": []}, "source": "<a href=\"http://twitter.com/download/iphone\" rel=\"nofollow\">Twitter for iPhone</a>", "in_reply_to_status_id": null, "in_reply_to_status_id_str": null, "in_reply_to_user_id": null, "in_reply_to_user_id_str": null, "in_reply_to_screen_name": null, "user": {"id": 222203900, "id_str": "222203900", "name": "SickDogg-OCMW- AKA Mr. Nintendo", "screen_name": "SickDogg_OCMW", "location": "West Side California", "description": "Nintendo in my heart Super Nerd by heart. Mario Bros Arcade Is where I officially start. Azul, Olimpia,Barca we be. My father J.C. my G\ud83d\ude07UCI. Game On!!!!!", "url": "https://t.co/lGIfl5j5V3", "entities": {"url": {"urls": [{"url": "https://t.co/lGIfl5j5V3", "expanded_url": "http://youtube.com/channel/UCEC2T05Sks8UtmrKXzLIRaw/featured", "display_url": "youtube.com/channel/UCEC2T\u2026", "indices": [0, 23]}]}, "description": {"urls": []}}, "protected": false, "followers_count": 742, "friends_count": 815, "listed_count": 1, "created_at": "Thu Dec 02 19:09:10 +0000 2010", "favourites_count": 15459, "utc_offset": null, "time_zone": null, "geo_enabled": true, "verified": false, "statuses_count": 9606, "lang": null, "contributors_enabled": false, "is_translator": false, "is_translation_enabled": false, "profile_background_color": "000000", "profile_background_image_url": "http://abs.twimg.com/images/themes/theme4/bg.gif", "profile_background_image_url_https": "https://abs.twimg.com/images/themes/theme4/bg.gif", "profile_background_tile": false, "profile_image_url": "http://pbs.twimg.com/profile_images/1304854539820908544/L8KAeRTt_normal.jpg", "profile_image_url_https": "https://pbs.twimg.com/profile_images/1304854539820908544/L8KAeRTt_normal.jpg", "profile_banner_url": "https://pbs.twimg.com/profile_banners/222203900/1516250332", "profile_link_color": "1B95E0", "profile_sidebar_border_color": "000000", "profile_sidebar_fill_color": "000000", "profile_text_color": "000000", "profile_use_background_image": false, "has_extended_profile": true, "default_profile": false, "default_profile_image": false, "following": false, "follow_request_sent": false, "notifications": false, "translator_type": "none"}, "geo": null, "coordinates": null, "place": null, "contributors": null, "is_quote_status": false, "retweet_count": 0, "favorite_count": 0, "favorited": false, "retweeted": false, "lang": "en"}