{"created_at": "Thu Apr 05 16:05:18 +0000 2018", "id": 981925755377635328, "id_str": "981925755377635328", "text": "@michaelianblack that tells me right there about the bump stocks and the Brady bill and age limits.  When I was fiv\u2026 https://t.co/gp5rPiATl4", "truncated": true, "entities": {"hashtags": [], "symbols": [], "user_mentions": [{"screen_name": "michaelianblack", "name": "Michael Ian Black", "id": 21035409, "id_str": "21035409", "indices": [0, 16]}], "urls": [{"url": "https://t.co/gp5rPiATl4", "expanded_url": "https://twitter.com/i/web/status/981925755377635328", "display_url": "twitter.com/i/web/status/9\u2026", "indices": [117, 140]}]}, "source": "<a href=\"http://twitter.com\" rel=\"nofollow\">Twitter Web Client</a>", "in_reply_to_status_id": 981669817106223104, "in_reply_to_status_id_str": "981669817106223104", "in_reply_to_user_id": 21035409, "in_reply_to_user_id_str": "21035409", "in_reply_to_screen_name": "michaelianblack", "user": {"id": 896735338433060865, "id_str": "896735338433060865", "name": "Sheila Burk", "screen_name": "SheilaBurk3", "location": "Michigan, USA", "description": "50 year old former Small Business owner and mother to a special needs, special child!!!", "url": null, "entities": {"description": {"urls": []}}, "protected": false, "followers_count": 146, "friends_count": 741, "listed_count": 0, "created_at": "Sun Aug 13 14:09:00 +0000 2017", "favourites_count": 3900, "utc_offset": null, "time_zone": null, "geo_enabled": false, "verified": false, "statuses_count": 2031, "lang": null, "contributors_enabled": false, "is_translator": false, "is_translation_enabled": false, "profile_background_color": "000000", "profile_background_image_url": "http://abs.twimg.com/images/themes/theme1/bg.png", "profile_background_image_url_https": "https://abs.twimg.com/images/themes/theme1/bg.png", "profile_background_tile": false, "profile_image_url": "http://pbs.twimg.com/profile_images/1001485545703272453/3tCJ-JPh_normal.jpg", "profile_image_url_https": "https://pbs.twimg.com/profile_images/1001485545703272453/3tCJ-JPh_normal.jpg", "profile_banner_url": "https://pbs.twimg.com/profile_banners/896735338433060865/1527607813", "profile_link_color": "91D2FA", "profile_sidebar_border_color": "000000", "profile_sidebar_fill_color": "000000", "profile_text_color": "000000", "profile_use_background_image": false, "has_extended_profile": true, "default_profile": false, "default_profile_image": false, "following": false, "follow_request_sent": false, "notifications": false, "translator_type": "none"}, "geo": null, "coordinates": null, "place": null, "contributors": null, "is_quote_status": false, "retweet_count": 0, "favorite_count": 0, "favorited": false, "retweeted": false, "lang": "en"}