{"created_at": "Sun Apr 08 18:06:55 +0000 2018", "id": 983043525884379137, "id_str": "983043525884379137", "text": "@therealdorrell @VonnieR57 @SenWarren @NRA I understand the reasoning, and the concern, however, they DIDN'T move o\u2026 https://t.co/GFJV2lszVB", "truncated": true, "entities": {"hashtags": [], "symbols": [], "user_mentions": [{"screen_name": "therealdorrell", "name": "Derek", "id": 849821088825716737, "id_str": "849821088825716737", "indices": [0, 15]}, {"screen_name": "SenWarren", "name": "Elizabeth Warren", "id": 970207298, "id_str": "970207298", "indices": [27, 37]}, {"screen_name": "NRA", "name": "NRA", "id": 21829541, "id_str": "21829541", "indices": [38, 42]}], "urls": [{"url": "https://t.co/GFJV2lszVB", "expanded_url": "https://twitter.com/i/web/status/983043525884379137", "display_url": "twitter.com/i/web/status/9\u2026", "indices": [117, 140]}]}, "source": "<a href=\"http://twitter.com\" rel=\"nofollow\">Twitter Web Client</a>", "in_reply_to_status_id": 983042506014232577, "in_reply_to_status_id_str": "983042506014232577", "in_reply_to_user_id": 849821088825716737, "in_reply_to_user_id_str": "849821088825716737", "in_reply_to_screen_name": "therealdorrell", "user": {"id": 104865001, "id_str": "104865001", "name": "Nancy Krempa", "screen_name": "WiccanMethusela", "location": "Michigan", "description": "#Resisting #NotMyPresident Not a real Wiccan  LIST=BLOCK! #VoteBlueNoMatterWho #StrongerTogether #BlackLivesMatter #WearTheDamnMask!!", "url": null, "entities": {"description": {"urls": []}}, "protected": false, "followers_count": 12522, "friends_count": 13631, "listed_count": 60, "created_at": "Thu Jan 14 16:54:46 +0000 2010", "favourites_count": 276956, "utc_offset": null, "time_zone": null, "geo_enabled": true, "verified": false, "statuses_count": 300409, "lang": null, "contributors_enabled": false, "is_translator": false, "is_translation_enabled": false, "profile_background_color": "C0DEED", "profile_background_image_url": "http://abs.twimg.com/images/themes/theme1/bg.png", "profile_background_image_url_https": "https://abs.twimg.com/images/themes/theme1/bg.png", "profile_background_tile": false, "profile_image_url": "http://pbs.twimg.com/profile_images/940586098912256002/HauZcfXm_normal.jpg", "profile_image_url_https": "https://pbs.twimg.com/profile_images/940586098912256002/HauZcfXm_normal.jpg", "profile_banner_url": "https://pbs.twimg.com/profile_banners/104865001/1482776156", "profile_link_color": "1DA1F2", "profile_sidebar_border_color": "C0DEED", "profile_sidebar_fill_color": "DDEEF6", "profile_text_color": "333333", "profile_use_background_image": true, "has_extended_profile": true, "default_profile": true, "default_profile_image": false, "following": false, "follow_request_sent": false, "notifications": false, "translator_type": "none"}, "geo": null, "coordinates": null, "place": null, "contributors": null, "is_quote_status": false, "retweet_count": 0, "favorite_count": 0, "favorited": false, "retweeted": false, "lang": "en"}