{"created_at": "Mon Apr 09 03:33:36 +0000 2018", "id": 983186138373480449, "id_str": "983186138373480449", "text": "@PlowPlot @InSpiteOfTrump @Bill_Cimbrelo @DNC @HillaryClinton @realDonaldTrump @NancyPelosi @SenSanders There were\u2026 https://t.co/R7q9RkDyPS", "truncated": true, "entities": {"hashtags": [], "symbols": [], "user_mentions": [{"screen_name": "PlowPlot", "name": "Plow Plot\ud83d\udd07", "id": 505122066, "id_str": "505122066", "indices": [0, 9]}, {"screen_name": "InSpiteOfTrump", "name": "In Spite of Trump \ud83c\udf0a", "id": 797547199928422401, "id_str": "797547199928422401", "indices": [10, 25]}, {"screen_name": "Bill_Cimbrelo", "name": "Bill Cimbrelo \ud83c\udf3b\ud83c\udf39", "id": 398331179, "id_str": "398331179", "indices": [26, 40]}, {"screen_name": "DNC", "name": "Democratic Party", "id": 722793491059769344, "id_str": "722793491059769344", "indices": [41, 45]}, {"screen_name": "HillaryClinton", "name": "Hillary Clinton", "id": 1339835893, "id_str": "1339835893", "indices": [46, 61]}, {"screen_name": "realDonaldTrump", "name": "Donald J. Trump", "id": 25073877, "id_str": "25073877", "indices": [62, 78]}, {"screen_name": "SenSanders", "name": "Bernie Sanders", "id": 29442313, "id_str": "29442313", "indices": [92, 103]}], "urls": [{"url": "https://t.co/R7q9RkDyPS", "expanded_url": "https://twitter.com/i/web/status/983186138373480449", "display_url": "twitter.com/i/web/status/9\u2026", "indices": [116, 139]}]}, "source": "<a href=\"http://twitter.com\" rel=\"nofollow\">Twitter Web Client</a>", "in_reply_to_status_id": 982747293974753280, "in_reply_to_status_id_str": "982747293974753280", "in_reply_to_user_id": 505122066, "in_reply_to_user_id_str": "505122066", "in_reply_to_screen_name": "PlowPlot", "user": {"id": 722236180226441216, "id_str": "722236180226441216", "name": "Really Fricking Tired", "screen_name": "Liberty_Chip", "location": "Somewhere over here", "description": "#Biden2020 #NoMalarkey. Other hashtags in no particular order; #StillWithHer #DumpTrump #NeverBernie #resist #FBR  #Enough. Here for snark and signal boosting.", "url": null, "entities": {"description": {"urls": []}}, "protected": false, "followers_count": 1501, "friends_count": 2639, "listed_count": 4, "created_at": "Tue Apr 19 01:31:38 +0000 2016", "favourites_count": 137652, "utc_offset": null, "time_zone": null, "geo_enabled": false, "verified": false, "statuses_count": 22682, "lang": null, "contributors_enabled": false, "is_translator": false, "is_translation_enabled": false, "profile_background_color": "F5F8FA", "profile_background_image_url": null, "profile_background_image_url_https": null, "profile_background_tile": false, "profile_image_url": "http://pbs.twimg.com/profile_images/798414943443947520/40VYppSe_normal.jpg", "profile_image_url_https": "https://pbs.twimg.com/profile_images/798414943443947520/40VYppSe_normal.jpg", "profile_banner_url": "https://pbs.twimg.com/profile_banners/722236180226441216/1479190970", "profile_link_color": "1DA1F2", "profile_sidebar_border_color": "C0DEED", "profile_sidebar_fill_color": "DDEEF6", "profile_text_color": "333333", "profile_use_background_image": true, "has_extended_profile": false, "default_profile": true, "default_profile_image": false, "following": false, "follow_request_sent": false, "notifications": false, "translator_type": "none"}, "geo": null, "coordinates": null, "place": null, "contributors": null, "is_quote_status": false, "retweet_count": 0, "favorite_count": 1, "favorited": false, "retweeted": false, "possibly_sensitive": false, "lang": "en"}