{"created_at": "Mon Apr 09 14:29:27 +0000 2018", "id": 983351188589494272, "id_str": "983351188589494272", "text": "US Department of Education reports Texas Education Agency violated special education law - Community Impact Newspap\u2026 https://t.co/cYDZYGygCi", "truncated": true, "entities": {"hashtags": [], "symbols": [], "user_mentions": [], "urls": [{"url": "https://t.co/cYDZYGygCi", "expanded_url": "https://twitter.com/i/web/status/983351188589494272", "display_url": "twitter.com/i/web/status/9\u2026", "indices": [117, 140]}]}, "source": "<a href=\"https://dlvrit.com/\" rel=\"nofollow\">dlvr.it</a>", "in_reply_to_status_id": null, "in_reply_to_status_id_str": null, "in_reply_to_user_id": null, "in_reply_to_user_id_str": null, "in_reply_to_screen_name": null, "user": {"id": 579955173, "id_str": "579955173", "name": "Education Policy", "screen_name": "EducationPolicy", "location": "New York City", "description": "Your source for the latest news on Education Policy.", "url": null, "entities": {"description": {"urls": []}}, "protected": false, "followers_count": 5952, "friends_count": 4770, "listed_count": 128, "created_at": "Mon May 14 13:23:29 +0000 2012", "favourites_count": 0, "utc_offset": null, "time_zone": null, "geo_enabled": false, "verified": false, "statuses_count": 19990, "lang": null, "contributors_enabled": false, "is_translator": false, "is_translation_enabled": false, "profile_background_color": "022330", "profile_background_image_url": "http://abs.twimg.com/images/themes/theme15/bg.png", "profile_background_image_url_https": "https://abs.twimg.com/images/themes/theme15/bg.png", "profile_background_tile": true, "profile_image_url": "http://pbs.twimg.com/profile_images/2633018491/db775334ba7e55287d7ac84560395fd8_normal.png", "profile_image_url_https": "https://pbs.twimg.com/profile_images/2633018491/db775334ba7e55287d7ac84560395fd8_normal.png", "profile_link_color": "0084B4", "profile_sidebar_border_color": "FFFFFF", "profile_sidebar_fill_color": "C0DFEC", "profile_text_color": "333333", "profile_use_background_image": true, "has_extended_profile": false, "default_profile": false, "default_profile_image": false, "following": false, "follow_request_sent": false, "notifications": false, "translator_type": "none"}, "geo": null, "coordinates": null, "place": null, "contributors": null, "is_quote_status": false, "retweet_count": 0, "favorite_count": 0, "favorited": false, "retweeted": false, "possibly_sensitive": false, "lang": "en"}