{"created_at": "Mon Apr 09 19:48:43 +0000 2018", "id": 983431532013481984, "id_str": "983431532013481984", "text": "@doofface99 @KyleKashuv Lots of conservatives like Reagan Battalion R pro common sense gun reform. Like Brady Bill\u2026 https://t.co/GWejmnIT5D", "truncated": true, "entities": {"hashtags": [], "symbols": [], "user_mentions": [{"screen_name": "KyleKashuv", "name": "Kyle Kashuv", "id": 862493306382626818, "id_str": "862493306382626818", "indices": [12, 23]}], "urls": [{"url": "https://t.co/GWejmnIT5D", "expanded_url": "https://twitter.com/i/web/status/983431532013481984", "display_url": "twitter.com/i/web/status/9\u2026", "indices": [116, 139]}]}, "source": "<a href=\"http://twitter.com/download/iphone\" rel=\"nofollow\">Twitter for iPhone</a>", "in_reply_to_status_id": 983423622957207553, "in_reply_to_status_id_str": "983423622957207553", "in_reply_to_user_id": 901145492389855234, "in_reply_to_user_id_str": "901145492389855234", "in_reply_to_screen_name": "NumOneSupporter", "user": {"id": 977346339586691072, "id_str": "977346339586691072", "name": "\ud83e\udde1#DisarmHate\ud83e\udde1PeacefLPatriot\ud83e\udde1", "screen_name": "PeacefLpatriot", "location": "Usa", "description": "Promote Peace & stop spread of Fear/H8 & Violence. Radical Days 2 Need USA School Shooter Drills. don\u2019t hve 2 H8 2 debate. i add a\ud83d\udd252 Stand & Act 4\u262e\ufe0f", "url": null, "entities": {"description": {"urls": []}}, "protected": false, "followers_count": 1316, "friends_count": 3585, "listed_count": 2, "created_at": "Sat Mar 24 00:48:20 +0000 2018", "favourites_count": 36380, "utc_offset": null, "time_zone": null, "geo_enabled": false, "verified": false, "statuses_count": 24117, "lang": null, "contributors_enabled": false, "is_translator": false, "is_translation_enabled": false, "profile_background_color": "F5F8FA", "profile_background_image_url": null, "profile_background_image_url_https": null, "profile_background_tile": false, "profile_image_url": "http://pbs.twimg.com/profile_images/977361923258793984/pKzvi5Rr_normal.jpg", "profile_image_url_https": "https://pbs.twimg.com/profile_images/977361923258793984/pKzvi5Rr_normal.jpg", "profile_banner_url": "https://pbs.twimg.com/profile_banners/977346339586691072/1521856478", "profile_link_color": "1DA1F2", "profile_sidebar_border_color": "C0DEED", "profile_sidebar_fill_color": "DDEEF6", "profile_text_color": "333333", "profile_use_background_image": true, "has_extended_profile": false, "default_profile": true, "default_profile_image": false, "following": false, "follow_request_sent": false, "notifications": false, "translator_type": "none"}, "geo": null, "coordinates": null, "place": null, "contributors": null, "is_quote_status": false, "retweet_count": 0, "favorite_count": 1, "favorited": false, "retweeted": false, "lang": "en"}