{"created_at": "Tue Apr 10 00:36:33 +0000 2018", "id": 983503969573105665, "id_str": "983503969573105665", "text": "@Mikeyseuro @IronStache @NNUBonnie @PortiaABoulger @ninaturner @CalNurses @NationalNurses @OurRevolution\u2026 https://t.co/JXxjfTmp5u", "truncated": true, "entities": {"hashtags": [], "symbols": [], "user_mentions": [{"screen_name": "IronStache", "name": "Randy Bryce", "id": 292083207, "id_str": "292083207", "indices": [12, 23]}, {"screen_name": "NNUBonnie", "name": "Bonnie Castillo", "id": 3506130508, "id_str": "3506130508", "indices": [24, 34]}, {"screen_name": "PortiaABoulger", "name": "\ud83c\udf39#PortiaABoulger", "id": 21398055, "id_str": "21398055", "indices": [35, 50]}, {"screen_name": "ninaturner", "name": "Nina Turner", "id": 188793260, "id_str": "188793260", "indices": [51, 62]}, {"screen_name": "CalNurses", "name": "California Nurses", "id": 634030587, "id_str": "634030587", "indices": [63, 73]}, {"screen_name": "NationalNurses", "name": "NationalNursesUnited", "id": 21146733, "id_str": "21146733", "indices": [74, 89]}, {"screen_name": "OurRevolution", "name": "Our Revolution", "id": 753623149929869312, "id_str": "753623149929869312", "indices": [90, 104]}], "urls": [{"url": "https://t.co/JXxjfTmp5u", "expanded_url": "https://twitter.com/i/web/status/983503969573105665", "display_url": "twitter.com/i/web/status/9\u2026", "indices": [106, 129]}]}, "source": "<a href=\"http://twitter.com\" rel=\"nofollow\">Twitter Web Client</a>", "in_reply_to_status_id": 983195391289122816, "in_reply_to_status_id_str": "983195391289122816", "in_reply_to_user_id": 1214120809, "in_reply_to_user_id_str": "1214120809", "in_reply_to_screen_name": "Typical_Mikey", "user": {"id": 33394634, "id_str": "33394634", "name": "(((BuffaloMeg)))\ud83d\udc78\ud83c\udffc \ud83d\udc69\ud83c\udffb\u200d\u2696\ufe0f \ud83d\udc9b\ud83d\udc1d\ud83e\udd40", "screen_name": "mwolfers", "location": "Rodhamville", "description": "I reserve the right not to reply to the grammar/spelling-challenged. #BillsMafia #WhoDey #StillWithHer #BLM #Resist #VoteLikeBlackWomen #Khive #KamalaForVeep", "url": null, "entities": {"description": {"urls": []}}, "protected": false, "followers_count": 6121, "friends_count": 6732, "listed_count": 35, "created_at": "Mon Apr 20 02:49:43 +0000 2009", "favourites_count": 334404, "utc_offset": null, "time_zone": null, "geo_enabled": true, "verified": false, "statuses_count": 88112, "lang": null, "contributors_enabled": false, "is_translator": false, "is_translation_enabled": false, "profile_background_color": "C0DEED", "profile_background_image_url": "http://abs.twimg.com/images/themes/theme1/bg.png", "profile_background_image_url_https": "https://abs.twimg.com/images/themes/theme1/bg.png", "profile_background_tile": false, "profile_image_url": "http://pbs.twimg.com/profile_images/821917846364008448/_kFP3nE3_normal.jpg", "profile_image_url_https": "https://pbs.twimg.com/profile_images/821917846364008448/_kFP3nE3_normal.jpg", "profile_banner_url": "https://pbs.twimg.com/profile_banners/33394634/1457818799", "profile_link_color": "1DA1F2", "profile_sidebar_border_color": "C0DEED", "profile_sidebar_fill_color": "DDEEF6", "profile_text_color": "333333", "profile_use_background_image": true, "has_extended_profile": true, "default_profile": true, "default_profile_image": false, "following": false, "follow_request_sent": false, "notifications": false, "translator_type": "none"}, "geo": null, "coordinates": null, "place": null, "contributors": null, "is_quote_status": false, "retweet_count": 0, "favorite_count": 0, "favorited": false, "retweeted": false, "lang": "en"}