{"created_at": "Wed Apr 11 15:28:06 +0000 2018", "id": 984090722600210433, "id_str": "984090722600210433", "text": "@JABinjail @sonofcivility @SimpleWonders82 @socialist_angel @BenjaminHyle @fjrsally @kall963 @JohnSmithChgo\u2026 https://t.co/QAJl0Ma5o5", "truncated": true, "entities": {"hashtags": [], "symbols": [], "user_mentions": [{"screen_name": "JABinjail", "name": "\u262d Neon Milf Evangelion\ud83c\udff4", "id": 977872837741563904, "id_str": "977872837741563904", "indices": [0, 10]}, {"screen_name": "sonofcivility", "name": "\ud83c\udf5eStealthy Kung Fu Sun (still respectful tho)\ud83c\udf39", "id": 979598013478748160, "id_str": "979598013478748160", "indices": [11, 25]}, {"screen_name": "socialist_angel", "name": "Socialist Angel\ud83c\udf39\ud83c\udff3\ufe0f\u200d\ud83c\udf08", "id": 947722277508079616, "id_str": "947722277508079616", "indices": [43, 59]}, {"screen_name": "BenjaminHyle", "name": "Benjamin Hyle", "id": 552453719, "id_str": "552453719", "indices": [60, 73]}, {"screen_name": "fjrsally", "name": "Sally Ambrose", "id": 165896153, "id_str": "165896153", "indices": [74, 83]}, {"screen_name": "kall963", "name": "Kall", "id": 719271153987108864, "id_str": "719271153987108864", "indices": [84, 92]}, {"screen_name": "JohnSmithChgo", "name": "John Smith Chicago", "id": 928829323, "id_str": "928829323", "indices": [93, 107]}], "urls": [{"url": "https://t.co/QAJl0Ma5o5", "expanded_url": "https://twitter.com/i/web/status/984090722600210433", "display_url": "twitter.com/i/web/status/9\u2026", "indices": [109, 132]}]}, "source": "<a href=\"http://twitter.com/download/iphone\" rel=\"nofollow\">Twitter for iPhone</a>", "in_reply_to_status_id": 983962761733591040, "in_reply_to_status_id_str": "983962761733591040", "in_reply_to_user_id": 977872837741563904, "in_reply_to_user_id_str": "977872837741563904", "in_reply_to_screen_name": "JABinjail", "user": {"id": 127238794, "id_str": "127238794", "name": "\u201cNorth Eastern Liberal Intellectual Elite\u201d", "screen_name": "jglewis1983", "location": "Lowell, MA", "description": "Massachusetts Democrat, photographer, disabled PoC. Just living the dream! \u2764\ufe0f\ud83d\udc9c\ud83d\udc99", "url": null, "entities": {"description": {"urls": []}}, "protected": false, "followers_count": 1651, "friends_count": 1148, "listed_count": 16, "created_at": "Sun Mar 28 15:00:19 +0000 2010", "favourites_count": 76506, "utc_offset": null, "time_zone": null, "geo_enabled": true, "verified": false, "statuses_count": 41180, "lang": null, "contributors_enabled": false, "is_translator": false, "is_translation_enabled": false, "profile_background_color": "000000", "profile_background_image_url": "http://abs.twimg.com/images/themes/theme9/bg.gif", "profile_background_image_url_https": "https://abs.twimg.com/images/themes/theme9/bg.gif", "profile_background_tile": false, "profile_image_url": "http://pbs.twimg.com/profile_images/965805287709036546/Hzz8UQBo_normal.jpg", "profile_image_url_https": "https://pbs.twimg.com/profile_images/965805287709036546/Hzz8UQBo_normal.jpg", "profile_banner_url": "https://pbs.twimg.com/profile_banners/127238794/1562292799", "profile_link_color": "ABB8C2", "profile_sidebar_border_color": "000000", "profile_sidebar_fill_color": "000000", "profile_text_color": "000000", "profile_use_background_image": false, "has_extended_profile": false, "default_profile": false, "default_profile_image": false, "following": false, "follow_request_sent": false, "notifications": false, "translator_type": "none"}, "geo": null, "coordinates": null, "place": null, "contributors": null, "is_quote_status": false, "retweet_count": 1, "favorite_count": 3, "favorited": false, "retweeted": false, "lang": "en"}