{"created_at": "Sat Apr 14 20:14:29 +0000 2018", "id": 985249956855533574, "id_str": "985249956855533574", "text": "How the importance of strength coaches explains some of the Tom Brady-Bill Belichick tension. https://t.co/I93qRqex34", "truncated": false, "entities": {"hashtags": [], "symbols": [], "user_mentions": [], "urls": [{"url": "https://t.co/I93qRqex34", "expanded_url": "https://trib.al/nago0DT", "display_url": "trib.al/nago0DT", "indices": [94, 117]}]}, "source": "<a href=\"http://www.socialflow.com\" rel=\"nofollow\">SocialFlow</a>", "in_reply_to_status_id": null, "in_reply_to_status_id_str": null, "in_reply_to_user_id": null, "in_reply_to_user_id_str": null, "in_reply_to_screen_name": null, "user": {"id": 19780938, "id_str": "19780938", "name": "Boston Globe Sports", "screen_name": "BGlobeSports", "location": "Boston", "description": "Sports coverage from @BostonGlobe. Managed by @mattpep15, @cpriceglobe, @GlobeMahoney, and @k8tmac.", "url": "https://t.co/xhHQUit4jj", "entities": {"url": {"urls": [{"url": "https://t.co/xhHQUit4jj", "expanded_url": "https://www.bostonglobe.com/sports", "display_url": "bostonglobe.com/sports", "indices": [0, 23]}]}, "description": {"urls": []}}, "protected": false, "followers_count": 34499, "friends_count": 71, "listed_count": 919, "created_at": "Fri Jan 30 18:41:06 +0000 2009", "favourites_count": 951, "utc_offset": null, "time_zone": null, "geo_enabled": false, "verified": true, "statuses_count": 114462, "lang": null, "contributors_enabled": false, "is_translator": false, "is_translation_enabled": false, "profile_background_color": "EDECE9", "profile_background_image_url": "http://abs.twimg.com/images/themes/theme1/bg.png", "profile_background_image_url_https": "https://abs.twimg.com/images/themes/theme1/bg.png", "profile_background_tile": false, "profile_image_url": "http://pbs.twimg.com/profile_images/1157305359033389056/I_0JmsYJ_normal.jpg", "profile_image_url_https": "https://pbs.twimg.com/profile_images/1157305359033389056/I_0JmsYJ_normal.jpg", "profile_banner_url": "https://pbs.twimg.com/profile_banners/19780938/1597875579", "profile_link_color": "096F23", "profile_sidebar_border_color": "DEDEDE", "profile_sidebar_fill_color": "FFFFFF", "profile_text_color": "000000", "profile_use_background_image": true, "has_extended_profile": false, "default_profile": false, "default_profile_image": false, "following": false, "follow_request_sent": false, "notifications": false, "translator_type": "none"}, "geo": null, "coordinates": null, "place": null, "contributors": null, "is_quote_status": false, "retweet_count": 3, "favorite_count": 4, "favorited": false, "retweeted": false, "possibly_sensitive": false, "lang": "en"}