{"created_at": "Sun Apr 22 15:07:37 +0000 2018", "id": 988071835068780544, "id_str": "988071835068780544", "text": "Back in the service where I belong \u2014 at Apostolic Church of God - Chicago https://t.co/OORVcimpLc", "truncated": false, "entities": {"hashtags": [], "symbols": [], "user_mentions": [], "urls": [{"url": "https://t.co/OORVcimpLc", "expanded_url": "https://www.facebook.com/patrice.brazil/posts/10211808703833950", "display_url": "facebook.com/patrice.brazil\u2026", "indices": [74, 97]}]}, "source": "<a href=\"http://www.facebook.com/twitter\" rel=\"nofollow\">Facebook</a>", "in_reply_to_status_id": null, "in_reply_to_status_id_str": null, "in_reply_to_user_id": null, "in_reply_to_user_id_str": null, "in_reply_to_screen_name": null, "user": {"id": 27163802, "id_str": "27163802", "name": "Patrice Brazil", "screen_name": "pbrazil99", "location": "Chicago, Illinois", "description": "I help people get where they want to go - I help people find the job of their dreams, help them find a home, and help tourists see Chicago", "url": "https://t.co/kvh66CO9DK", "entities": {"url": {"urls": [{"url": "https://t.co/kvh66CO9DK", "expanded_url": "http://www.brazilonlife.blogspot.com", "display_url": "brazilonlife.blogspot.com", "indices": [0, 23]}]}, "description": {"urls": []}}, "protected": false, "followers_count": 204, "friends_count": 301, "listed_count": 6, "created_at": "Sat Mar 28 02:54:33 +0000 2009", "favourites_count": 61, "utc_offset": null, "time_zone": null, "geo_enabled": true, "verified": false, "statuses_count": 21632, "lang": null, "contributors_enabled": false, "is_translator": false, "is_translation_enabled": false, "profile_background_color": "642D8B", "profile_background_image_url": "http://abs.twimg.com/images/themes/theme10/bg.gif", "profile_background_image_url_https": "https://abs.twimg.com/images/themes/theme10/bg.gif", "profile_background_tile": true, "profile_image_url": "http://pbs.twimg.com/profile_images/1380935217/My_Universal_Picture_normal.jpg", "profile_image_url_https": "https://pbs.twimg.com/profile_images/1380935217/My_Universal_Picture_normal.jpg", "profile_link_color": "FF0000", "profile_sidebar_border_color": "65B0DA", "profile_sidebar_fill_color": "7AC3EE", "profile_text_color": "3D1957", "profile_use_background_image": true, "has_extended_profile": true, "default_profile": false, "default_profile_image": false, "following": false, "follow_request_sent": false, "notifications": false, "translator_type": "none"}, "geo": null, "coordinates": null, "place": null, "contributors": null, "is_quote_status": false, "retweet_count": 0, "favorite_count": 0, "favorited": false, "retweeted": false, "possibly_sensitive": false, "lang": "en"}