{"created_at": "Sun Apr 22 10:26:41 +0000 2018", "id": 988001137356783618, "id_str": "988001137356783618", "text": "(R) Gop Mbr Orrin Hatch TOUGHER THAN ANYBODY been around during the Brady Bill Fiasco has interesting report to con\u2026 https://t.co/LfuQ7875nP", "truncated": true, "entities": {"hashtags": [], "symbols": [], "user_mentions": [], "urls": [{"url": "https://t.co/LfuQ7875nP", "expanded_url": "https://twitter.com/i/web/status/988001137356783618", "display_url": "twitter.com/i/web/status/9\u2026", "indices": [117, 140]}]}, "source": "<a href=\"http://twitter.com\" rel=\"nofollow\">Twitter Web Client</a>", "in_reply_to_status_id": null, "in_reply_to_status_id_str": null, "in_reply_to_user_id": null, "in_reply_to_user_id_str": null, "in_reply_to_screen_name": null, "user": {"id": 1365718207, "id_str": "1365718207", "name": "Desert_Deplorable\u3030\ufe0f\ud83c\udf21\u2600\ufe0f", "screen_name": "MeliszahSez", "location": "California City, California", "description": "\u274c\ud83d\udcafDemagogue=POLITICAL LEADER who tries to make ppl feel Strong Emotions to INFLUENCE their OPINIONS\nreally Democrats? \n\n#Trump2020  LETS DO THIS !", "url": "https://t.co/FpFyXLYgmD", "entities": {"url": {"urls": [{"url": "https://t.co/FpFyXLYgmD", "expanded_url": "https://insight2govpollution.blogspot.com/", "display_url": "insight2govpollution.blogspot.com", "indices": [0, 23]}]}, "description": {"urls": []}}, "protected": false, "followers_count": 1413, "friends_count": 2106, "listed_count": 16, "created_at": "Sat Apr 20 00:13:37 +0000 2013", "favourites_count": 18278, "utc_offset": null, "time_zone": null, "geo_enabled": true, "verified": false, "statuses_count": 39624, "lang": null, "contributors_enabled": false, "is_translator": false, "is_translation_enabled": false, "profile_background_color": "000000", "profile_background_image_url": "http://abs.twimg.com/images/themes/theme4/bg.gif", "profile_background_image_url_https": "https://abs.twimg.com/images/themes/theme4/bg.gif", "profile_background_tile": false, "profile_image_url": "http://pbs.twimg.com/profile_images/596951625224228864/Xd8owQ9V_normal.png", "profile_image_url_https": "https://pbs.twimg.com/profile_images/596951625224228864/Xd8owQ9V_normal.png", "profile_banner_url": "https://pbs.twimg.com/profile_banners/1365718207/1554842783", "profile_link_color": "F58EA8", "profile_sidebar_border_color": "000000", "profile_sidebar_fill_color": "000000", "profile_text_color": "000000", "profile_use_background_image": false, "has_extended_profile": true, "default_profile": false, "default_profile_image": false, "following": false, "follow_request_sent": false, "notifications": false, "translator_type": "none"}, "geo": null, "coordinates": null, "place": null, "contributors": null, "is_quote_status": true, "quoted_status_id": 987856978469900289, "quoted_status_id_str": "987856978469900289", "quoted_status": {"created_at": "Sun Apr 22 00:53:51 +0000 2018", "id": 987856978469900289, "id_str": "987856978469900289", "text": ".@senorrinhatch on @POTUS ~\n\u201c...The people like him...you can\u2019t help but like the guy, he\u2019s a Go-To, Get it Done ty\u2026 https://t.co/3LDUiyf6Rb", "truncated": true, "entities": {"hashtags": [], "symbols": [], "user_mentions": [{"screen_name": "senorrinhatch", "name": "Senator Hatch Office", "id": 262756641, "id_str": "262756641", "indices": [1, 15]}, {"screen_name": "POTUS", "name": "President Trump", "id": 822215679726100480, "id_str": "822215679726100480", "indices": [19, 25]}], "urls": [{"url": "https://t.co/3LDUiyf6Rb", "expanded_url": "https://twitter.com/i/web/status/987856978469900289", "display_url": "twitter.com/i/web/status/9\u2026", "indices": [117, 140]}]}, "source": "<a href=\"http://twitter.com/download/iphone\" rel=\"nofollow\">Twitter for iPhone</a>", "in_reply_to_status_id": null, "in_reply_to_status_id_str": null, "in_reply_to_user_id": null, "in_reply_to_user_id_str": null, "in_reply_to_screen_name": null, "user": {"id": 31228313, "id_str": "31228313", "name": "Don\ud83c\uddfa\ud83c\uddf8", "screen_name": "Phil4gop26", "location": "", "description": "\u201cWhere liberty dwells, there is my country.\u201d Benjamin Franklin", "url": null, "entities": {"description": {"urls": []}}, "protected": false, "followers_count": 48619, "friends_count": 42370, "listed_count": 1, "created_at": "Tue Apr 14 21:15:06 +0000 2009", "favourites_count": 146634, "utc_offset": null, "time_zone": null, "geo_enabled": false, "verified": false, "statuses_count": 129298, "lang": null, "contributors_enabled": false, "is_translator": false, "is_translation_enabled": false, "profile_background_color": "C0DEED", "profile_background_image_url": "http://abs.twimg.com/images/themes/theme1/bg.png", "profile_background_image_url_https": "https://abs.twimg.com/images/themes/theme1/bg.png", "profile_background_tile": false, "profile_image_url": "http://pbs.twimg.com/profile_images/1259122826059137027/JzzyLnfI_normal.jpg", "profile_image_url_https": "https://pbs.twimg.com/profile_images/1259122826059137027/JzzyLnfI_normal.jpg", "profile_banner_url": "https://pbs.twimg.com/profile_banners/31228313/1598714676", "profile_link_color": "1DA1F2", "profile_sidebar_border_color": "C0DEED", "profile_sidebar_fill_color": "DDEEF6", "profile_text_color": "333333", "profile_use_background_image": true, "has_extended_profile": false, "default_profile": true, "default_profile_image": false, "following": false, "follow_request_sent": false, "notifications": false, "translator_type": "none"}, "geo": null, "coordinates": null, "place": null, "contributors": null, "is_quote_status": false, "retweet_count": 174, "favorite_count": 277, "favorited": false, "retweeted": false, "possibly_sensitive": false, "lang": "en"}, "retweet_count": 0, "favorite_count": 0, "favorited": false, "retweeted": false, "possibly_sensitive": true, "lang": "en"}