{"created_at": "Sun Apr 22 12:44:28 +0000 2018", "id": 988035808027398145, "id_str": "988035808027398145", "text": "Turok the Dinosaur Hunter had that affect on me too \ud83e\udd22", "truncated": false, "entities": {"hashtags": [], "symbols": [], "user_mentions": [], "urls": []}, "source": "<a href=\"http://twitter.com/download/iphone\" rel=\"nofollow\">Twitter for iPhone</a>", "in_reply_to_status_id": null, "in_reply_to_status_id_str": null, "in_reply_to_user_id": null, "in_reply_to_user_id_str": null, "in_reply_to_screen_name": null, "user": {"id": 17940394, "id_str": "17940394", "name": "Stakes is High", "screen_name": "JussGreg", "location": "Boston, MA, USA", "description": "Staying in my lane with blinders on |\ud83c\udded\ud83c\uddf9| eating good | drinking water | Investing | minding my business | Traveling | blah blah | nobody cares | YKTFV", "url": null, "entities": {"description": {"urls": []}}, "protected": false, "followers_count": 397, "friends_count": 626, "listed_count": 12, "created_at": "Sun Dec 07 12:58:50 +0000 2008", "favourites_count": 10196, "utc_offset": null, "time_zone": null, "geo_enabled": false, "verified": false, "statuses_count": 67071, "lang": null, "contributors_enabled": false, "is_translator": false, "is_translation_enabled": false, "profile_background_color": "352726", "profile_background_image_url": "http://abs.twimg.com/images/themes/theme5/bg.gif", "profile_background_image_url_https": "https://abs.twimg.com/images/themes/theme5/bg.gif", "profile_background_tile": false, "profile_image_url": "http://pbs.twimg.com/profile_images/1287492553063960578/zHokWtoF_normal.jpg", "profile_image_url_https": "https://pbs.twimg.com/profile_images/1287492553063960578/zHokWtoF_normal.jpg", "profile_banner_url": "https://pbs.twimg.com/profile_banners/17940394/1595886846", "profile_link_color": "D02B55", "profile_sidebar_border_color": "829D5E", "profile_sidebar_fill_color": "99CC33", "profile_text_color": "3E4415", "profile_use_background_image": true, "has_extended_profile": false, "default_profile": false, "default_profile_image": false, "following": false, "follow_request_sent": false, "notifications": false, "translator_type": "none"}, "geo": null, "coordinates": null, "place": null, "contributors": null, "is_quote_status": false, "retweet_count": 0, "favorite_count": 0, "favorited": false, "retweeted": false, "lang": "en"}