{"created_at": "Wed Apr 25 11:18:46 +0000 2018", "id": 989101405335183360, "id_str": "989101405335183360", "text": "@KyleKashuv NFA, NICS, and Brady Bill are all unconstitutional infringements on the right to bear arms.  #2A.", "truncated": false, "entities": {"hashtags": [{"text": "2A", "indices": [105, 108]}], "symbols": [], "user_mentions": [{"screen_name": "KyleKashuv", "name": "Kyle Kashuv", "id": 862493306382626818, "id_str": "862493306382626818", "indices": [0, 11]}], "urls": []}, "source": "<a href=\"http://twitter.com/download/iphone\" rel=\"nofollow\">Twitter for iPhone</a>", "in_reply_to_status_id": 989005932515528710, "in_reply_to_status_id_str": "989005932515528710", "in_reply_to_user_id": 862493306382626818, "in_reply_to_user_id_str": "862493306382626818", "in_reply_to_screen_name": "KyleKashuv", "user": {"id": 114279518, "id_str": "114279518", "name": "Quixotic Prescient Analysis", "screen_name": "DARogers2010", "location": "Squirrel Nest, God's Country", "description": "I diagnosed George Floyd OD on day 3.  I called Smollett, NASCAR & Covington hoaxes STAT, and predicted the Kamala flameout.\n\nBlocked: vulgarians & morons.", "url": "https://t.co/i0tEdsn4AH", "entities": {"url": {"urls": [{"url": "https://t.co/i0tEdsn4AH", "expanded_url": "https://www.eastbaytimes.com/2020/07/16/colorado-plague-human-case/", "display_url": "eastbaytimes.com/2020/07/16/col\u2026", "indices": [0, 23]}]}, "description": {"urls": []}}, "protected": false, "followers_count": 920, "friends_count": 1543, "listed_count": 11, "created_at": "Sun Feb 14 20:46:39 +0000 2010", "favourites_count": 183568, "utc_offset": null, "time_zone": null, "geo_enabled": true, "verified": false, "statuses_count": 59245, "lang": null, "contributors_enabled": false, "is_translator": false, "is_translation_enabled": false, "profile_background_color": "C0DEED", "profile_background_image_url": "http://abs.twimg.com/images/themes/theme1/bg.png", "profile_background_image_url_https": "https://abs.twimg.com/images/themes/theme1/bg.png", "profile_background_tile": false, "profile_image_url": "http://pbs.twimg.com/profile_images/1274112768086618115/RyRp69CD_normal.jpg", "profile_image_url_https": "https://pbs.twimg.com/profile_images/1274112768086618115/RyRp69CD_normal.jpg", "profile_banner_url": "https://pbs.twimg.com/profile_banners/114279518/1543249543", "profile_link_color": "1DA1F2", "profile_sidebar_border_color": "C0DEED", "profile_sidebar_fill_color": "DDEEF6", "profile_text_color": "333333", "profile_use_background_image": true, "has_extended_profile": false, "default_profile": true, "default_profile_image": false, "following": false, "follow_request_sent": false, "notifications": false, "translator_type": "none"}, "geo": null, "coordinates": null, "place": null, "contributors": null, "is_quote_status": false, "retweet_count": 0, "favorite_count": 0, "favorited": false, "retweeted": false, "lang": "en"}