{"created_at": "Thu Apr 26 00:38:08 +0000 2018", "id": 989302574795902976, "id_str": "989302574795902976", "text": "I liked a @YouTube video https://t.co/iG7QxZbVMN Meet The Dinosaur Trophy Hunter - Ted Levine's Ken Wheatley in Jurassic World: Fallen", "truncated": false, "entities": {"hashtags": [], "symbols": [], "user_mentions": [{"screen_name": "YouTube", "name": "YouTube", "id": 10228272, "id_str": "10228272", "indices": [10, 18]}], "urls": [{"url": "https://t.co/iG7QxZbVMN", "expanded_url": "http://youtu.be/lDnP_-DR7fY?a", "display_url": "youtu.be/lDnP_-DR7fY?a", "indices": [25, 48]}]}, "source": "<a href=\"https://www.google.com/\" rel=\"nofollow\">Google</a>", "in_reply_to_status_id": null, "in_reply_to_status_id_str": null, "in_reply_to_user_id": null, "in_reply_to_user_id_str": null, "in_reply_to_screen_name": null, "user": {"id": 454345598, "id_str": "454345598", "name": "RP Mental", "screen_name": "RP_Mental", "location": "", "description": "white, male, black hair, dark brown eyes, single, likes playing video games, music in general, reading, i love anime, and youtube... i like a lot?!", "url": null, "entities": {"description": {"urls": []}}, "protected": false, "followers_count": 54, "friends_count": 252, "listed_count": 3, "created_at": "Tue Jan 03 22:05:24 +0000 2012", "favourites_count": 187, "utc_offset": null, "time_zone": null, "geo_enabled": false, "verified": false, "statuses_count": 3621, "lang": null, "contributors_enabled": false, "is_translator": false, "is_translation_enabled": false, "profile_background_color": "000000", "profile_background_image_url": "http://abs.twimg.com/images/themes/theme1/bg.png", "profile_background_image_url_https": "https://abs.twimg.com/images/themes/theme1/bg.png", "profile_background_tile": false, "profile_image_url": "http://pbs.twimg.com/profile_images/1010648751545966592/ySotqa32_normal.jpg", "profile_image_url_https": "https://pbs.twimg.com/profile_images/1010648751545966592/ySotqa32_normal.jpg", "profile_banner_url": "https://pbs.twimg.com/profile_banners/454345598/1350275826", "profile_link_color": "9266CC", "profile_sidebar_border_color": "000000", "profile_sidebar_fill_color": "F0B593", "profile_text_color": "F85A69", "profile_use_background_image": true, "has_extended_profile": true, "default_profile": false, "default_profile_image": false, "following": false, "follow_request_sent": false, "notifications": false, "translator_type": "none"}, "geo": null, "coordinates": null, "place": null, "contributors": null, "is_quote_status": false, "retweet_count": 0, "favorite_count": 0, "favorited": false, "retweeted": false, "possibly_sensitive": false, "lang": "en"}