{"created_at": "Thu Apr 26 17:32:41 +0000 2018", "id": 989557895187574784, "id_str": "989557895187574784", "text": "#MovieMustSee: DREAM BIG. ENGINEERING OUR WORLD.\n\nPresented by Bechtel Corporation and in partnership with the Amer\u2026 https://t.co/J5MtaMoqoi", "truncated": true, "entities": {"hashtags": [{"text": "MovieMustSee", "indices": [0, 13]}], "symbols": [], "user_mentions": [], "urls": [{"url": "https://t.co/J5MtaMoqoi", "expanded_url": "https://twitter.com/i/web/status/989557895187574784", "display_url": "twitter.com/i/web/status/9\u2026", "indices": [117, 140]}]}, "source": "<a href=\"http://twitter.com\" rel=\"nofollow\">Twitter Web Client</a>", "in_reply_to_status_id": null, "in_reply_to_status_id_str": null, "in_reply_to_user_id": null, "in_reply_to_user_id_str": null, "in_reply_to_screen_name": null, "user": {"id": 65450795, "id_str": "65450795", "name": "Talascend - Where Opportunities Await.", "screen_name": "Talascend", "location": "7 Regional Offices Nationwide", "description": "A veteran-owned recruiting company and workforce development partner.", "url": "http://t.co/dPZz7mKykv", "entities": {"url": {"urls": [{"url": "http://t.co/dPZz7mKykv", "expanded_url": "http://www.talascend.com", "display_url": "talascend.com", "indices": [0, 22]}]}, "description": {"urls": []}}, "protected": false, "followers_count": 552, "friends_count": 345, "listed_count": 18, "created_at": "Thu Aug 13 19:53:00 +0000 2009", "favourites_count": 68, "utc_offset": null, "time_zone": null, "geo_enabled": false, "verified": false, "statuses_count": 1549, "lang": null, "contributors_enabled": false, "is_translator": false, "is_translation_enabled": false, "profile_background_color": "FAFAFA", "profile_background_image_url": "http://abs.twimg.com/images/themes/theme15/bg.png", "profile_background_image_url_https": "https://abs.twimg.com/images/themes/theme15/bg.png", "profile_background_tile": true, "profile_image_url": "http://pbs.twimg.com/profile_images/953648669185552384/r8q6Erp8_normal.jpg", "profile_image_url_https": "https://pbs.twimg.com/profile_images/953648669185552384/r8q6Erp8_normal.jpg", "profile_banner_url": "https://pbs.twimg.com/profile_banners/65450795/1566997869", "profile_link_color": "ABB8C2", "profile_sidebar_border_color": "000000", "profile_sidebar_fill_color": "C0DFEC", "profile_text_color": "333333", "profile_use_background_image": true, "has_extended_profile": false, "default_profile": false, "default_profile_image": false, "following": false, "follow_request_sent": false, "notifications": false, "translator_type": "none"}, "geo": null, "coordinates": null, "place": null, "contributors": null, "is_quote_status": false, "retweet_count": 0, "favorite_count": 1, "favorited": false, "retweeted": false, "possibly_sensitive": false, "lang": "en"}