{"created_at": "Mon Apr 30 19:24:49 +0000 2018", "id": 991035663805042689, "id_str": "991035663805042689", "text": "This brief look at the passage of the Brady Bill &amp; what happened next clarifies some of the challenges of the\u2026 https://t.co/N3ahYMUBXM", "truncated": true, "entities": {"hashtags": [], "symbols": [], "user_mentions": [], "urls": [{"url": "https://t.co/N3ahYMUBXM", "expanded_url": "https://twitter.com/i/web/status/991035663805042689", "display_url": "twitter.com/i/web/status/9\u2026", "indices": [115, 138]}]}, "source": "<a href=\"http://www.hootsuite.com\" rel=\"nofollow\">Hootsuite</a>", "in_reply_to_status_id": null, "in_reply_to_status_id_str": null, "in_reply_to_user_id": null, "in_reply_to_user_id_str": null, "in_reply_to_screen_name": null, "user": {"id": 21776664, "id_str": "21776664", "name": "Jeremy Shatan", "screen_name": "Jshatan", "location": "New York City", "description": "Music obsessive, NYC dweller, dad, childhood cancer advocate, former pro photographer. Dir. of Proposal Dev. @mountsinainyc. Talking music @AnEarful.", "url": "https://t.co/BJppZBZSav", "entities": {"url": {"urls": [{"url": "https://t.co/BJppZBZSav", "expanded_url": "http://www.anearful.blogspot.com", "display_url": "anearful.blogspot.com", "indices": [0, 23]}]}, "description": {"urls": []}}, "protected": false, "followers_count": 1240, "friends_count": 2743, "listed_count": 77, "created_at": "Tue Feb 24 17:57:48 +0000 2009", "favourites_count": 8526, "utc_offset": null, "time_zone": null, "geo_enabled": true, "verified": false, "statuses_count": 7073, "lang": null, "contributors_enabled": false, "is_translator": false, "is_translation_enabled": false, "profile_background_color": "352726", "profile_background_image_url": "http://abs.twimg.com/images/themes/theme5/bg.gif", "profile_background_image_url_https": "https://abs.twimg.com/images/themes/theme5/bg.gif", "profile_background_tile": false, "profile_image_url": "http://pbs.twimg.com/profile_images/1400589592/Close_Up._Blip_normal.jpg", "profile_image_url_https": "https://pbs.twimg.com/profile_images/1400589592/Close_Up._Blip_normal.jpg", "profile_banner_url": "https://pbs.twimg.com/profile_banners/21776664/1348761528", "profile_link_color": "D02B55", "profile_sidebar_border_color": "829D5E", "profile_sidebar_fill_color": "99CC33", "profile_text_color": "3E4415", "profile_use_background_image": true, "has_extended_profile": false, "default_profile": false, "default_profile_image": false, "following": false, "follow_request_sent": false, "notifications": false, "translator_type": "none"}, "geo": null, "coordinates": null, "place": null, "contributors": null, "is_quote_status": false, "retweet_count": 3, "favorite_count": 2, "favorited": false, "retweeted": false, "possibly_sensitive": false, "lang": "en"}