{"created_at": "Thu May 03 11:10:21 +0000 2018", "id": 991998389645664256, "id_str": "991998389645664256", "text": "#RudyGiuliani during a semi-scripted interview with Sean \"Alfalfa\" Hannity: \"These are very busy people! There are\u2026 https://t.co/IwpPxQHXnp", "truncated": true, "entities": {"hashtags": [{"text": "RudyGiuliani", "indices": [0, 13]}], "symbols": [], "user_mentions": [], "urls": [{"url": "https://t.co/IwpPxQHXnp", "expanded_url": "https://twitter.com/i/web/status/991998389645664256", "display_url": "twitter.com/i/web/status/9\u2026", "indices": [116, 139]}]}, "source": "<a href=\"http://twitter.com/download/iphone\" rel=\"nofollow\">Twitter for iPhone</a>", "in_reply_to_status_id": null, "in_reply_to_status_id_str": null, "in_reply_to_user_id": null, "in_reply_to_user_id_str": null, "in_reply_to_screen_name": null, "user": {"id": 80310716, "id_str": "80310716", "name": "Preston MacDougall", "screen_name": "ChemicalEyeGuy", "location": "Murfreesboro, TN", "description": "I'm a master of the atomic domain, with elective affinities for computers and microphones. Politically above center.", "url": "https://t.co/usf9kjUxqR", "entities": {"url": {"urls": [{"url": "https://t.co/usf9kjUxqR", "expanded_url": "https://mtsu.academia.edu/PrestonMacDougall", "display_url": "mtsu.academia.edu/PrestonMacDoug\u2026", "indices": [0, 23]}]}, "description": {"urls": []}}, "protected": false, "followers_count": 797, "friends_count": 100, "listed_count": 94, "created_at": "Tue Oct 06 14:08:41 +0000 2009", "favourites_count": 112590, "utc_offset": null, "time_zone": null, "geo_enabled": true, "verified": false, "statuses_count": 91645, "lang": null, "contributors_enabled": false, "is_translator": false, "is_translation_enabled": false, "profile_background_color": "C0DEED", "profile_background_image_url": "http://abs.twimg.com/images/themes/theme1/bg.png", "profile_background_image_url_https": "https://abs.twimg.com/images/themes/theme1/bg.png", "profile_background_tile": true, "profile_image_url": "http://pbs.twimg.com/profile_images/1477474730/CH3F_normal.jpg", "profile_image_url_https": "https://pbs.twimg.com/profile_images/1477474730/CH3F_normal.jpg", "profile_banner_url": "https://pbs.twimg.com/profile_banners/80310716/1428338187", "profile_link_color": "0084B4", "profile_sidebar_border_color": "C0DEED", "profile_sidebar_fill_color": "DDEEF6", "profile_text_color": "333333", "profile_use_background_image": true, "has_extended_profile": false, "default_profile": false, "default_profile_image": false, "following": false, "follow_request_sent": false, "notifications": false, "translator_type": "none"}, "geo": null, "coordinates": null, "place": null, "contributors": null, "is_quote_status": false, "retweet_count": 1, "favorite_count": 3, "favorited": false, "retweeted": false, "lang": "en"}