{"created_at": "Thu May 03 19:02:14 +0000 2018", "id": 992117143264284675, "id_str": "992117143264284675", "text": "Great Podcast Daily Caller .. Rudy Giuliani\u2019s interview with Sean Hannity Explained .. https://t.co/XglQfY2pqk https://t.co/mZpaKZqogl", "truncated": false, "entities": {"hashtags": [], "symbols": [], "user_mentions": [], "urls": [{"url": "https://t.co/XglQfY2pqk", "expanded_url": "http://dailycaller.com/wp-content/uploads/2018/05/Daily-Daily-Caller-Podcast-May-3.mp3", "display_url": "dailycaller.com/wp-content/upl\u2026", "indices": [87, 110]}, {"url": "https://t.co/mZpaKZqogl", "expanded_url": "https://twitter.com/goingglobal2/status/992114408804507648", "display_url": "twitter.com/goingglobal2/s\u2026", "indices": [111, 134]}]}, "source": "<a href=\"http://twitter.com\" rel=\"nofollow\">Twitter Web Client</a>", "in_reply_to_status_id": null, "in_reply_to_status_id_str": null, "in_reply_to_user_id": null, "in_reply_to_user_id_str": null, "in_reply_to_screen_name": null, "user": {"id": 340367718, "id_str": "340367718", "name": "going global", "screen_name": "goingglobal2", "location": "", "description": "Searching for truth .. collecting and providing news headlines from around the world", "url": "https://t.co/nBwerOQJBz", "entities": {"url": {"urls": [{"url": "https://t.co/nBwerOQJBz", "expanded_url": "http://goingglobaleastmeetswest.blogspot.com/", "display_url": "goingglobaleastmeetswest.blogspot.com", "indices": [0, 23]}]}, "description": {"urls": []}}, "protected": false, "followers_count": 1155, "friends_count": 589, "listed_count": 17, "created_at": "Fri Jul 22 15:51:13 +0000 2011", "favourites_count": 35908, "utc_offset": null, "time_zone": null, "geo_enabled": false, "verified": false, "statuses_count": 87568, "lang": null, "contributors_enabled": false, "is_translator": false, "is_translation_enabled": false, "profile_background_color": "000000", "profile_background_image_url": "http://abs.twimg.com/images/themes/theme15/bg.png", "profile_background_image_url_https": "https://abs.twimg.com/images/themes/theme15/bg.png", "profile_background_tile": false, "profile_image_url": "http://pbs.twimg.com/profile_images/867905968134377474/_j_Vhiac_normal.jpg", "profile_image_url_https": "https://pbs.twimg.com/profile_images/867905968134377474/_j_Vhiac_normal.jpg", "profile_banner_url": "https://pbs.twimg.com/profile_banners/340367718/1500249835", "profile_link_color": "000088", "profile_sidebar_border_color": "000000", "profile_sidebar_fill_color": "000000", "profile_text_color": "000000", "profile_use_background_image": false, "has_extended_profile": false, "default_profile": false, "default_profile_image": false, "following": false, "follow_request_sent": false, "notifications": false, "translator_type": "none"}, "geo": null, "coordinates": null, "place": null, "contributors": null, "is_quote_status": true, "quoted_status_id": 992114408804507648, "quoted_status_id_str": "992114408804507648", "quoted_status": {"created_at": "Thu May 03 18:51:22 +0000 2018", "id": 992114408804507648, "id_str": "992114408804507648", "text": "Did Rudy Drop The Ball? Listen to podcast .. https://t.co/RxLA8WgTEE via @dailycaller", "truncated": false, "entities": {"hashtags": [], "symbols": [], "user_mentions": [{"screen_name": "DailyCaller", "name": "Daily Caller", "id": 39308549, "id_str": "39308549", "indices": [73, 85]}], "urls": [{"url": "https://t.co/RxLA8WgTEE", "expanded_url": "http://dailycaller.com/2018/05/03/daily-daily-caller-podcast-did-rudy-drop-the-ball/?utm_medium=social&utm_source=twitter&utm_campaign=site-share", "display_url": "dailycaller.com/2018/05/03/dai\u2026", "indices": [45, 68]}]}, "source": "<a href=\"http://twitter.com\" rel=\"nofollow\">Twitter Web Client</a>", "in_reply_to_status_id": null, "in_reply_to_status_id_str": null, "in_reply_to_user_id": null, "in_reply_to_user_id_str": null, "in_reply_to_screen_name": null, "user": {"id": 340367718, "id_str": "340367718", "name": "going global", "screen_name": "goingglobal2", "location": "", "description": "Searching for truth .. collecting and providing news headlines from around the world", "url": "https://t.co/nBwerOQJBz", "entities": {"url": {"urls": [{"url": "https://t.co/nBwerOQJBz", "expanded_url": "http://goingglobaleastmeetswest.blogspot.com/", "display_url": "goingglobaleastmeetswest.blogspot.com", "indices": [0, 23]}]}, "description": {"urls": []}}, "protected": false, "followers_count": 1155, "friends_count": 589, "listed_count": 17, "created_at": "Fri Jul 22 15:51:13 +0000 2011", "favourites_count": 35908, "utc_offset": null, "time_zone": null, "geo_enabled": false, "verified": false, "statuses_count": 87568, "lang": null, "contributors_enabled": false, "is_translator": false, "is_translation_enabled": false, "profile_background_color": "000000", "profile_background_image_url": "http://abs.twimg.com/images/themes/theme15/bg.png", "profile_background_image_url_https": "https://abs.twimg.com/images/themes/theme15/bg.png", "profile_background_tile": false, "profile_image_url": "http://pbs.twimg.com/profile_images/867905968134377474/_j_Vhiac_normal.jpg", "profile_image_url_https": "https://pbs.twimg.com/profile_images/867905968134377474/_j_Vhiac_normal.jpg", "profile_banner_url": "https://pbs.twimg.com/profile_banners/340367718/1500249835", "profile_link_color": "000088", "profile_sidebar_border_color": "000000", "profile_sidebar_fill_color": "000000", "profile_text_color": "000000", "profile_use_background_image": false, "has_extended_profile": false, "default_profile": false, "default_profile_image": false, "following": false, "follow_request_sent": false, "notifications": false, "translator_type": "none"}, "geo": null, "coordinates": null, "place": null, "contributors": null, "is_quote_status": false, "retweet_count": 0, "favorite_count": 0, "favorited": false, "retweeted": false, "possibly_sensitive": false, "lang": "en"}, "retweet_count": 0, "favorite_count": 0, "favorited": false, "retweeted": false, "possibly_sensitive": false, "lang": "en"}