{"created_at": "Thu May 03 22:40:57 +0000 2018", "id": 992172187229609985, "id_str": "992172187229609985", "text": "In an interview with Fox News\u2019 Sean Hannity on Wednesday, former New York City Mayor Rudy Giuliani, one of the pres\u2026 https://t.co/P81ttqtmOg", "truncated": true, "entities": {"hashtags": [], "symbols": [], "user_mentions": [], "urls": [{"url": "https://t.co/P81ttqtmOg", "expanded_url": "https://twitter.com/i/web/status/992172187229609985", "display_url": "twitter.com/i/web/status/9\u2026", "indices": [117, 140]}]}, "source": "<a href=\"http://www.socialflow.com\" rel=\"nofollow\">SocialFlow</a>", "in_reply_to_status_id": null, "in_reply_to_status_id_str": null, "in_reply_to_user_id": null, "in_reply_to_user_id_str": null, "in_reply_to_screen_name": null, "user": {"id": 13492102, "id_str": "13492102", "name": "The World", "screen_name": "TheWorld", "location": "Boston, MA, USA", "description": "Hosted by @MarcoWerman. We're in your ears five times a week, offering news, features, interviews and music from around the globe. From @PRX and @GBH.", "url": "https://t.co/qlCrm5UY04", "entities": {"url": {"urls": [{"url": "https://t.co/qlCrm5UY04", "expanded_url": "http://www.theworld.org", "display_url": "theworld.org", "indices": [0, 23]}]}, "description": {"urls": []}}, "protected": false, "followers_count": 38560, "friends_count": 2438, "listed_count": 1581, "created_at": "Thu Feb 14 22:18:56 +0000 2008", "favourites_count": 11919, "utc_offset": null, "time_zone": null, "geo_enabled": true, "verified": true, "statuses_count": 64580, "lang": null, "contributors_enabled": false, "is_translator": false, "is_translation_enabled": false, "profile_background_color": "022330", "profile_background_image_url": "http://abs.twimg.com/images/themes/theme15/bg.png", "profile_background_image_url_https": "https://abs.twimg.com/images/themes/theme15/bg.png", "profile_background_tile": false, "profile_image_url": "http://pbs.twimg.com/profile_images/1189970295802732545/oCbwHshN_normal.jpg", "profile_image_url_https": "https://pbs.twimg.com/profile_images/1189970295802732545/oCbwHshN_normal.jpg", "profile_banner_url": "https://pbs.twimg.com/profile_banners/13492102/1563220859", "profile_link_color": "0084B4", "profile_sidebar_border_color": "A8C7F7", "profile_sidebar_fill_color": "C0DFEC", "profile_text_color": "333333", "profile_use_background_image": true, "has_extended_profile": true, "default_profile": false, "default_profile_image": false, "following": false, "follow_request_sent": false, "notifications": false, "translator_type": "none"}, "geo": null, "coordinates": null, "place": null, "contributors": null, "is_quote_status": false, "retweet_count": 1, "favorite_count": 0, "favorited": false, "retweeted": false, "possibly_sensitive": false, "lang": "en"}