{"created_at": "Sat May 05 16:31:59 +0000 2018", "id": 992804106866655232, "id_str": "992804106866655232", "text": "Turok Dinosaur Hunter! Anyone play the remaster yet? #Nintendo64 #retrogaming #retrogamelovers https://t.co/e8z6HZyvB9", "truncated": false, "entities": {"hashtags": [{"text": "Nintendo64", "indices": [53, 64]}, {"text": "retrogaming", "indices": [65, 77]}, {"text": "retrogamelovers", "indices": [78, 94]}], "symbols": [], "user_mentions": [], "urls": [], "media": [{"id": 992804084473266176, "id_str": "992804084473266176", "indices": [95, 118], "media_url": "http://pbs.twimg.com/tweet_video_thumb/DccmDgKWAAAIcfJ.jpg", "media_url_https": "https://pbs.twimg.com/tweet_video_thumb/DccmDgKWAAAIcfJ.jpg", "url": "https://t.co/e8z6HZyvB9", "display_url": "pic.twitter.com/e8z6HZyvB9", "expanded_url": "https://twitter.com/RetroGameLovers/status/992804106866655232/photo/1", "type": "photo", "sizes": {"large": {"w": 600, "h": 340, "resize": "fit"}, "thumb": {"w": 150, "h": 150, "resize": "crop"}, "small": {"w": 600, "h": 340, "resize": "fit"}, "medium": {"w": 600, "h": 340, "resize": "fit"}}}]}, "extended_entities": {"media": [{"id": 992804084473266176, "id_str": "992804084473266176", "indices": [95, 118], "media_url": "http://pbs.twimg.com/tweet_video_thumb/DccmDgKWAAAIcfJ.jpg", "media_url_https": "https://pbs.twimg.com/tweet_video_thumb/DccmDgKWAAAIcfJ.jpg", "url": "https://t.co/e8z6HZyvB9", "display_url": "pic.twitter.com/e8z6HZyvB9", "expanded_url": "https://twitter.com/RetroGameLovers/status/992804106866655232/photo/1", "type": "animated_gif", "sizes": {"large": {"w": 600, "h": 340, "resize": "fit"}, "thumb": {"w": 150, "h": 150, "resize": "crop"}, "small": {"w": 600, "h": 340, "resize": "fit"}, "medium": {"w": 600, "h": 340, "resize": "fit"}}, "video_info": {"aspect_ratio": [30, 17], "variants": [{"bitrate": 0, "content_type": "video/mp4", "url": "https://video.twimg.com/tweet_video/DccmDgKWAAAIcfJ.mp4"}]}}]}, "source": "<a href=\"http://twitter.com/download/android\" rel=\"nofollow\">Twitter for Android</a>", "in_reply_to_status_id": null, "in_reply_to_status_id_str": null, "in_reply_to_user_id": null, "in_reply_to_user_id_str": null, "in_reply_to_screen_name": null, "user": {"id": 3422706639, "id_str": "3422706639", "name": "Retro Game Lovers", "screen_name": "RetroGameLovers", "location": "Ohio, USA", "description": "A page dedicated to Retro Gaming!", "url": "https://t.co/mMMQUvqZ2X", "entities": {"url": {"urls": [{"url": "https://t.co/mMMQUvqZ2X", "expanded_url": "https://www.youtube.com/channel/UCBQ1UoX6CmuDVqHx9VKiKaQ", "display_url": "youtube.com/channel/UCBQ1U\u2026", "indices": [0, 23]}]}, "description": {"urls": []}}, "protected": false, "followers_count": 5014, "friends_count": 1392, "listed_count": 86, "created_at": "Fri Aug 14 19:36:12 +0000 2015", "favourites_count": 9634, "utc_offset": null, "time_zone": null, "geo_enabled": false, "verified": false, "statuses_count": 11649, "lang": null, "contributors_enabled": false, "is_translator": false, "is_translation_enabled": false, "profile_background_color": "C0DEED", "profile_background_image_url": "http://abs.twimg.com/images/themes/theme1/bg.png", "profile_background_image_url_https": "https://abs.twimg.com/images/themes/theme1/bg.png", "profile_background_tile": false, "profile_image_url": "http://pbs.twimg.com/profile_images/875540524895268864/Jtk-sLME_normal.jpg", "profile_image_url_https": "https://pbs.twimg.com/profile_images/875540524895268864/Jtk-sLME_normal.jpg", "profile_banner_url": "https://pbs.twimg.com/profile_banners/3422706639/1591993833", "profile_link_color": "1DA1F2", "profile_sidebar_border_color": "C0DEED", "profile_sidebar_fill_color": "DDEEF6", "profile_text_color": "333333", "profile_use_background_image": true, "has_extended_profile": false, "default_profile": true, "default_profile_image": false, "following": false, "follow_request_sent": false, "notifications": false, "translator_type": "none"}, "geo": null, "coordinates": null, "place": null, "contributors": null, "is_quote_status": false, "retweet_count": 4, "favorite_count": 9, "favorited": false, "retweeted": false, "possibly_sensitive": false, "lang": "en"}