{"created_at": "Sun May 06 14:03:20 +0000 2018", "id": 993129086909337600, "id_str": "993129086909337600", "text": "If this were boxing...\n\nA referee would have stopped @MichaelAvenatti \u2018s interview with @GStephanopoulos after Rudy\u2026 https://t.co/WCgzChPX9E", "truncated": true, "entities": {"hashtags": [], "symbols": [], "user_mentions": [{"screen_name": "MichaelAvenatti", "name": "Michael Avenatti", "id": 251918778, "id_str": "251918778", "indices": [53, 69]}, {"screen_name": "GStephanopoulos", "name": "GeorgeStephanopoulos", "id": 17074440, "id_str": "17074440", "indices": [88, 104]}], "urls": [{"url": "https://t.co/WCgzChPX9E", "expanded_url": "https://twitter.com/i/web/status/993129086909337600", "display_url": "twitter.com/i/web/status/9\u2026", "indices": [117, 140]}]}, "source": "<a href=\"http://twitter.com/download/iphone\" rel=\"nofollow\">Twitter for iPhone</a>", "in_reply_to_status_id": 993126150787477506, "in_reply_to_status_id_str": "993126150787477506", "in_reply_to_user_id": 336081443, "in_reply_to_user_id_str": "336081443", "in_reply_to_screen_name": "BrianSpencer21", "user": {"id": 336081443, "id_str": "336081443", "name": "Buffalo History", "screen_name": "BrianSpencer21", "location": "Buffalo, New York USA", "description": "#TalkingProud about #Buffalo, New York. Maui Lover. Recovering Bills Season Ticket Holder. I get ALL of the side effects disclosed in drug commercials!", "url": null, "entities": {"description": {"urls": []}}, "protected": false, "followers_count": 889, "friends_count": 657, "listed_count": 25, "created_at": "Fri Jul 15 18:21:47 +0000 2011", "favourites_count": 4230, "utc_offset": null, "time_zone": null, "geo_enabled": true, "verified": false, "statuses_count": 13554, "lang": null, "contributors_enabled": false, "is_translator": false, "is_translation_enabled": false, "profile_background_color": "C0DEED", "profile_background_image_url": "http://abs.twimg.com/images/themes/theme1/bg.png", "profile_background_image_url_https": "https://abs.twimg.com/images/themes/theme1/bg.png", "profile_background_tile": true, "profile_image_url": "http://pbs.twimg.com/profile_images/982212338412470280/qmjVmqDR_normal.jpg", "profile_image_url_https": "https://pbs.twimg.com/profile_images/982212338412470280/qmjVmqDR_normal.jpg", "profile_banner_url": "https://pbs.twimg.com/profile_banners/336081443/1476819840", "profile_link_color": "0084B4", "profile_sidebar_border_color": "C0DEED", "profile_sidebar_fill_color": "DDEEF6", "profile_text_color": "333333", "profile_use_background_image": true, "has_extended_profile": false, "default_profile": false, "default_profile_image": false, "following": false, "follow_request_sent": false, "notifications": false, "translator_type": "none"}, "geo": null, "coordinates": null, "place": {"id": "7dabbf75534f6cee", "url": "https://api.twitter.com/1.1/geo/id/7dabbf75534f6cee.json", "place_type": "city", "name": "Amherst", "full_name": "Amherst, NY", "country_code": "US", "country": "United States", "contained_within": [], "bounding_box": {"type": "Polygon", "coordinates": [[[-78.832497, 42.948903], [-78.696766, 42.948903], [-78.696766, 43.06933], [-78.832497, 43.06933]]]}, "attributes": {}}, "contributors": null, "is_quote_status": false, "retweet_count": 0, "favorite_count": 1, "favorited": false, "retweeted": false, "lang": "en"}