{"created_at": "Mon May 07 00:11:28 +0000 2018", "id": 993282127503462400, "id_str": "993282127503462400", "text": "#Trump meets with Rudy Giuliani at golf club following calamitous Sunday morning interview: report - https://t.co/DnzbWzkcJf", "truncated": false, "entities": {"hashtags": [{"text": "Trump", "indices": [0, 6]}], "symbols": [], "user_mentions": [], "urls": [{"url": "https://t.co/DnzbWzkcJf", "expanded_url": "http://hotpagenews.com/r/222477", "display_url": "hotpagenews.com/r/222477", "indices": [101, 124]}]}, "source": "<a href=\"https://about.twitter.com/products/tweetdeck\" rel=\"nofollow\">TweetDeck</a>", "in_reply_to_status_id": null, "in_reply_to_status_id_str": null, "in_reply_to_user_id": null, "in_reply_to_user_id_str": null, "in_reply_to_screen_name": null, "user": {"id": 23954327, "id_str": "23954327", "name": "Hotpage News", "screen_name": "Hotpage_News", "location": "United States", "description": "Top 50 Headlines of the Day #COVID19 #Coronavirus", "url": "http://t.co/tBHEZ1PaKD", "entities": {"url": {"urls": [{"url": "http://t.co/tBHEZ1PaKD", "expanded_url": "http://www.hotpagenews.com", "display_url": "hotpagenews.com", "indices": [0, 22]}]}, "description": {"urls": []}}, "protected": false, "followers_count": 25997, "friends_count": 13140, "listed_count": 530, "created_at": "Thu Mar 12 14:16:30 +0000 2009", "favourites_count": 1, "utc_offset": null, "time_zone": null, "geo_enabled": false, "verified": false, "statuses_count": 293577, "lang": null, "contributors_enabled": false, "is_translator": false, "is_translation_enabled": false, "profile_background_color": "C0DEED", "profile_background_image_url": "http://abs.twimg.com/images/themes/theme1/bg.png", "profile_background_image_url_https": "https://abs.twimg.com/images/themes/theme1/bg.png", "profile_background_tile": false, "profile_image_url": "http://pbs.twimg.com/profile_images/513815303906545664/t8BNuo1P_normal.jpeg", "profile_image_url_https": "https://pbs.twimg.com/profile_images/513815303906545664/t8BNuo1P_normal.jpeg", "profile_banner_url": "https://pbs.twimg.com/profile_banners/23954327/1458591160", "profile_link_color": "1DA1F2", "profile_sidebar_border_color": "C0DEED", "profile_sidebar_fill_color": "DDEEF6", "profile_text_color": "333333", "profile_use_background_image": true, "has_extended_profile": false, "default_profile": true, "default_profile_image": false, "following": false, "follow_request_sent": false, "notifications": false, "translator_type": "none"}, "geo": null, "coordinates": null, "place": null, "contributors": null, "is_quote_status": false, "retweet_count": 1, "favorite_count": 0, "favorited": false, "retweeted": false, "possibly_sensitive": false, "lang": "en"}