{"created_at": "Mon May 07 14:08:31 +0000 2018", "id": 993492780994449409, "id_str": "993492780994449409", "text": "UCF planetary physicist Philip Metzger was crowned a space engineering rock star by the American Society of Civil E\u2026 https://t.co/q2sh2E7siI", "truncated": true, "entities": {"hashtags": [], "symbols": [], "user_mentions": [], "urls": [{"url": "https://t.co/q2sh2E7siI", "expanded_url": "https://twitter.com/i/web/status/993492780994449409", "display_url": "twitter.com/i/web/status/9\u2026", "indices": [117, 140]}]}, "source": "<a href=\"http://www.hootsuite.com\" rel=\"nofollow\">Hootsuite</a>", "in_reply_to_status_id": null, "in_reply_to_status_id_str": null, "in_reply_to_user_id": null, "in_reply_to_user_id_str": null, "in_reply_to_screen_name": null, "user": {"id": 366000916, "id_str": "366000916", "name": "UCF College of Sciences", "screen_name": "UCFSciences", "location": "Orlando, Florida", "description": "We are the College of Sciences at the University of Central Florida in Orlando. Send your COS story ideas to cosmarketing@ucf.edu.", "url": "https://t.co/EjxjcghuFT", "entities": {"url": {"urls": [{"url": "https://t.co/EjxjcghuFT", "expanded_url": "http://sciences.ucf.edu", "display_url": "sciences.ucf.edu", "indices": [0, 23]}]}, "description": {"urls": []}}, "protected": false, "followers_count": 1436, "friends_count": 542, "listed_count": 44, "created_at": "Thu Sep 01 11:52:56 +0000 2011", "favourites_count": 1775, "utc_offset": null, "time_zone": null, "geo_enabled": true, "verified": false, "statuses_count": 2949, "lang": null, "contributors_enabled": false, "is_translator": false, "is_translation_enabled": true, "profile_background_color": "C0DEED", "profile_background_image_url": "http://abs.twimg.com/images/themes/theme1/bg.png", "profile_background_image_url_https": "https://abs.twimg.com/images/themes/theme1/bg.png", "profile_background_tile": false, "profile_image_url": "http://pbs.twimg.com/profile_images/839149221550960640/G1qjotgF_normal.jpg", "profile_image_url_https": "https://pbs.twimg.com/profile_images/839149221550960640/G1qjotgF_normal.jpg", "profile_banner_url": "https://pbs.twimg.com/profile_banners/366000916/1555610407", "profile_link_color": "1DA1F2", "profile_sidebar_border_color": "C0DEED", "profile_sidebar_fill_color": "DDEEF6", "profile_text_color": "333333", "profile_use_background_image": true, "has_extended_profile": false, "default_profile": true, "default_profile_image": false, "following": false, "follow_request_sent": false, "notifications": false, "translator_type": "none"}, "geo": null, "coordinates": null, "place": null, "contributors": null, "is_quote_status": false, "retweet_count": 0, "favorite_count": 1, "favorited": false, "retweeted": false, "possibly_sensitive": false, "lang": "en"}