{"created_at": "Tue May 08 03:06:04 +0000 2018", "id": 993688456386752513, "id_str": "993688456386752513", "text": "After watching his interview with @GStephanopoulos on @ThisWeekABC , I learned that Rudy Giuliani has as much regar\u2026 https://t.co/NH0GMacoaa", "truncated": true, "entities": {"hashtags": [], "symbols": [], "user_mentions": [{"screen_name": "GStephanopoulos", "name": "GeorgeStephanopoulos", "id": 17074440, "id_str": "17074440", "indices": [34, 50]}, {"screen_name": "ThisWeekABC", "name": "This Week", "id": 450941680, "id_str": "450941680", "indices": [54, 66]}], "urls": [{"url": "https://t.co/NH0GMacoaa", "expanded_url": "https://twitter.com/i/web/status/993688456386752513", "display_url": "twitter.com/i/web/status/9\u2026", "indices": [117, 140]}]}, "source": "<a href=\"http://twitter.com\" rel=\"nofollow\">Twitter Web Client</a>", "in_reply_to_status_id": null, "in_reply_to_status_id_str": null, "in_reply_to_user_id": null, "in_reply_to_user_id_str": null, "in_reply_to_screen_name": null, "user": {"id": 14230406, "id_str": "14230406", "name": "David Eisner", "screen_name": "deisner", "location": "Wherever I go", "description": "\u05d3\u05e2\u05e8 \u05de\u05e2\u05e0\u05d8\u05e9 \u05d8\u05e8\u05d0\u05b7\u05db\u05d8 \u05d0\u05d5\u05df \u05d2\u05d0\u05b8\u05d8 \u05dc\u05d0\u05b7\u05db\u05d8.", "url": null, "entities": {"description": {"urls": []}}, "protected": false, "followers_count": 118, "friends_count": 642, "listed_count": 6, "created_at": "Wed Mar 26 22:23:11 +0000 2008", "favourites_count": 1090, "utc_offset": null, "time_zone": null, "geo_enabled": false, "verified": false, "statuses_count": 1004, "lang": null, "contributors_enabled": false, "is_translator": false, "is_translation_enabled": false, "profile_background_color": "000000", "profile_background_image_url": "http://abs.twimg.com/images/themes/theme2/bg.gif", "profile_background_image_url_https": "https://abs.twimg.com/images/themes/theme2/bg.gif", "profile_background_tile": false, "profile_image_url": "http://pbs.twimg.com/profile_images/1278477659039727627/oQB47ILM_normal.jpg", "profile_image_url_https": "https://pbs.twimg.com/profile_images/1278477659039727627/oQB47ILM_normal.jpg", "profile_banner_url": "https://pbs.twimg.com/profile_banners/14230406/1504904617", "profile_link_color": "1B95E0", "profile_sidebar_border_color": "000000", "profile_sidebar_fill_color": "000000", "profile_text_color": "000000", "profile_use_background_image": false, "has_extended_profile": false, "default_profile": false, "default_profile_image": false, "following": false, "follow_request_sent": false, "notifications": false, "translator_type": "none"}, "geo": null, "coordinates": null, "place": null, "contributors": null, "is_quote_status": false, "retweet_count": 0, "favorite_count": 1, "favorited": false, "retweeted": false, "possibly_sensitive": false, "lang": "en"}