{"created_at": "Tue May 08 13:41:42 +0000 2018", "id": 993848419679600641, "id_str": "993848419679600641", "text": "Trump and people like him, including YOU, are bad for America. Trump ran on a campaign of hate and bigotry and that\u2026 https://t.co/7l5ehZd92E", "truncated": true, "entities": {"hashtags": [], "symbols": [], "user_mentions": [], "urls": [{"url": "https://t.co/7l5ehZd92E", "expanded_url": "https://twitter.com/i/web/status/993848419679600641", "display_url": "twitter.com/i/web/status/9\u2026", "indices": [117, 140]}]}, "source": "<a href=\"http://twitter.com\" rel=\"nofollow\">Twitter Web Client</a>", "in_reply_to_status_id": null, "in_reply_to_status_id_str": null, "in_reply_to_user_id": null, "in_reply_to_user_id_str": null, "in_reply_to_screen_name": null, "user": {"id": 56258516, "id_str": "56258516", "name": "Pablo Hurtado for IN-85", "screen_name": "ImPABLO_i_WRITE", "location": "Fort Wayne, IN", "description": "I write poems - Bilingual. Mexican.\nPresident of the Latino Democrats of Allen County.\nRunning for State Representative District 85.", "url": "https://t.co/MoX2M7j4GY", "entities": {"url": {"urls": [{"url": "https://t.co/MoX2M7j4GY", "expanded_url": "http://PabloFor85.com", "display_url": "PabloFor85.com", "indices": [0, 23]}]}, "description": {"urls": []}}, "protected": false, "followers_count": 842, "friends_count": 797, "listed_count": 11, "created_at": "Mon Jul 13 02:14:38 +0000 2009", "favourites_count": 14104, "utc_offset": null, "time_zone": null, "geo_enabled": true, "verified": false, "statuses_count": 56236, "lang": null, "contributors_enabled": false, "is_translator": false, "is_translation_enabled": false, "profile_background_color": "131516", "profile_background_image_url": "http://abs.twimg.com/images/themes/theme7/bg.gif", "profile_background_image_url_https": "https://abs.twimg.com/images/themes/theme7/bg.gif", "profile_background_tile": false, "profile_image_url": "http://pbs.twimg.com/profile_images/1296996317080817664/w2CYKfK6_normal.jpg", "profile_image_url_https": "https://pbs.twimg.com/profile_images/1296996317080817664/w2CYKfK6_normal.jpg", "profile_banner_url": "https://pbs.twimg.com/profile_banners/56258516/1579790281", "profile_link_color": "009999", "profile_sidebar_border_color": "FFFFFF", "profile_sidebar_fill_color": "F3F3F3", "profile_text_color": "333333", "profile_use_background_image": true, "has_extended_profile": true, "default_profile": false, "default_profile_image": false, "following": false, "follow_request_sent": false, "notifications": false, "translator_type": "none"}, "geo": null, "coordinates": null, "place": null, "contributors": null, "is_quote_status": true, "quoted_status_id": 993490644441051142, "quoted_status_id_str": "993490644441051142", "quoted_status": {"created_at": "Mon May 07 14:00:02 +0000 2018", "id": 993490644441051142, "id_str": "993490644441051142", "text": "Americans knew about Donald Trump's social resume when the election was held. What we didn\u2019t know was the intensity\u2026 https://t.co/JaSzj66BqG", "truncated": true, "entities": {"hashtags": [], "symbols": [], "user_mentions": [], "urls": [{"url": "https://t.co/JaSzj66BqG", "expanded_url": "https://twitter.com/i/web/status/993490644441051142", "display_url": "twitter.com/i/web/status/9\u2026", "indices": [117, 140]}]}, "source": "<a href=\"https://about.twitter.com/products/tweetdeck\" rel=\"nofollow\">TweetDeck</a>", "in_reply_to_status_id": null, "in_reply_to_status_id_str": null, "in_reply_to_user_id": null, "in_reply_to_user_id_str": null, "in_reply_to_screen_name": null, "user": {"id": 23970102, "id_str": "23970102", "name": "Bill O'Reilly", "screen_name": "BillOReilly", "location": "", "description": "'Killing Crazy Horse,' new Killing book available now!", "url": "https://t.co/hpWgo7ZQVB", "entities": {"url": {"urls": [{"url": "https://t.co/hpWgo7ZQVB", "expanded_url": "https://amzn.to/3dh7XeV", "display_url": "amzn.to/3dh7XeV", "indices": [0, 23]}]}, "description": {"urls": []}}, "protected": false, "followers_count": 3275334, "friends_count": 79, "listed_count": 11401, "created_at": "Thu Mar 12 15:44:18 +0000 2009", "favourites_count": 316, "utc_offset": null, "time_zone": null, "geo_enabled": true, "verified": true, "statuses_count": 15592, "lang": null, "contributors_enabled": false, "is_translator": false, "is_translation_enabled": false, "profile_background_color": "C0DEED", "profile_background_image_url": "http://abs.twimg.com/images/themes/theme1/bg.png", "profile_background_image_url_https": "https://abs.twimg.com/images/themes/theme1/bg.png", "profile_background_tile": false, "profile_image_url": "http://pbs.twimg.com/profile_images/1124085945530298370/x9EsUs56_normal.png", "profile_image_url_https": "https://pbs.twimg.com/profile_images/1124085945530298370/x9EsUs56_normal.png", "profile_banner_url": "https://pbs.twimg.com/profile_banners/23970102/1599576248", "profile_link_color": "E21016", "profile_sidebar_border_color": "FFFFFF", "profile_sidebar_fill_color": "C4CAD4", "profile_text_color": "333333", "profile_use_background_image": true, "has_extended_profile": false, "default_profile": false, "default_profile_image": false, "following": false, "follow_request_sent": false, "notifications": false, "translator_type": "none"}, "geo": null, "coordinates": null, "place": null, "contributors": null, "is_quote_status": false, "retweet_count": 2278, "favorite_count": 9961, "favorited": false, "retweeted": false, "lang": "en"}, "retweet_count": 0, "favorite_count": 1, "favorited": false, "retweeted": false, "possibly_sensitive": false, "lang": "en"}