{"created_at": "Tue May 08 11:24:19 +0000 2018", "id": 993813843565535232, "id_str": "993813843565535232", "text": "This might beat the Mooch\u2019s record.\n\nTrump considers benching Giuliani from doing TV interviews.\n\nIs  growing incre\u2026 https://t.co/ALAHKAB9fV", "truncated": true, "entities": {"hashtags": [], "symbols": [], "user_mentions": [], "urls": [{"url": "https://t.co/ALAHKAB9fV", "expanded_url": "https://twitter.com/i/web/status/993813843565535232", "display_url": "twitter.com/i/web/status/9\u2026", "indices": [117, 140]}]}, "source": "<a href=\"https://about.twitter.com/products/tweetdeck\" rel=\"nofollow\">TweetDeck</a>", "in_reply_to_status_id": null, "in_reply_to_status_id_str": null, "in_reply_to_user_id": null, "in_reply_to_user_id_str": null, "in_reply_to_screen_name": null, "user": {"id": 18124790, "id_str": "18124790", "name": "Michelangelo Signorile, subscribe to my newsletter", "screen_name": "MSignorile", "location": "NYC", "description": "\ud83c\udff3\ufe0f\u200d\ud83c\udf08 Host, Michelangelo Signorile Show @SiriusXM @SXMProgress 3-6 ET M-F | journalist | commentator | best-selling author | Pit bull lover| mike@signorile.com", "url": "https://t.co/YFbX1fw395", "entities": {"url": {"urls": [{"url": "https://t.co/YFbX1fw395", "expanded_url": "https://signorile.substack.com/", "display_url": "signorile.substack.com", "indices": [0, 23]}]}, "description": {"urls": []}}, "protected": false, "followers_count": 94185, "friends_count": 13204, "listed_count": 1561, "created_at": "Sun Dec 14 22:59:12 +0000 2008", "favourites_count": 19421, "utc_offset": null, "time_zone": null, "geo_enabled": true, "verified": true, "statuses_count": 73270, "lang": null, "contributors_enabled": false, "is_translator": false, "is_translation_enabled": false, "profile_background_color": "9AE4E8", "profile_background_image_url": "http://abs.twimg.com/images/themes/theme1/bg.png", "profile_background_image_url_https": "https://abs.twimg.com/images/themes/theme1/bg.png", "profile_background_tile": true, "profile_image_url": "http://pbs.twimg.com/profile_images/1021362810100617217/zrvH549d_normal.jpg", "profile_image_url_https": "https://pbs.twimg.com/profile_images/1021362810100617217/zrvH549d_normal.jpg", "profile_banner_url": "https://pbs.twimg.com/profile_banners/18124790/1547399648", "profile_link_color": "F58EA8", "profile_sidebar_border_color": "BDDCAD", "profile_sidebar_fill_color": "DDFFCC", "profile_text_color": "333333", "profile_use_background_image": true, "has_extended_profile": false, "default_profile": false, "default_profile_image": false, "following": false, "follow_request_sent": false, "notifications": false, "translator_type": "none"}, "geo": null, "coordinates": null, "place": null, "contributors": null, "is_quote_status": false, "retweet_count": 18, "favorite_count": 50, "favorited": false, "retweeted": false, "possibly_sensitive": false, "lang": "en"}