{"created_at": "Tue May 08 13:53:53 +0000 2018", "id": 993851486168932352, "id_str": "993851486168932352", "text": "QUOTE OF THE DAY\n\n\"Every day we swing a little different.\"\n\nTrump attorney Rudy Giuliani, in an interview with the\u2026 https://t.co/ls0rkGjolU", "truncated": true, "entities": {"hashtags": [], "symbols": [], "user_mentions": [], "urls": [{"url": "https://t.co/ls0rkGjolU", "expanded_url": "https://twitter.com/i/web/status/993851486168932352", "display_url": "twitter.com/i/web/status/9\u2026", "indices": [116, 139]}]}, "source": "<a href=\"http://www.linkedin.com/\" rel=\"nofollow\">LinkedIn</a>", "in_reply_to_status_id": null, "in_reply_to_status_id_str": null, "in_reply_to_user_id": null, "in_reply_to_user_id_str": null, "in_reply_to_screen_name": null, "user": {"id": 1101343261, "id_str": "1101343261", "name": "Dr. Kent Acheson", "screen_name": "kentacheson", "location": "Tulsa, OK", "description": "I currently live in Tulsa, OK.  I have an MBA and a doctorate business admin.  I am a professor of graduate healthcare finance with Purdue Univ.", "url": null, "entities": {"description": {"urls": []}}, "protected": false, "followers_count": 252, "friends_count": 92, "listed_count": 2, "created_at": "Fri Jan 18 16:01:56 +0000 2013", "favourites_count": 4, "utc_offset": null, "time_zone": null, "geo_enabled": false, "verified": false, "statuses_count": 3000, "lang": null, "contributors_enabled": false, "is_translator": false, "is_translation_enabled": false, "profile_background_color": "709397", "profile_background_image_url": "http://abs.twimg.com/images/themes/theme6/bg.gif", "profile_background_image_url_https": "https://abs.twimg.com/images/themes/theme6/bg.gif", "profile_background_tile": false, "profile_image_url": "http://pbs.twimg.com/profile_images/1238074397384232961/SexRl7iD_normal.jpg", "profile_image_url_https": "https://pbs.twimg.com/profile_images/1238074397384232961/SexRl7iD_normal.jpg", "profile_banner_url": "https://pbs.twimg.com/profile_banners/1101343261/1532185516", "profile_link_color": "0066FF", "profile_sidebar_border_color": "86A4A6", "profile_sidebar_fill_color": "A0C5C7", "profile_text_color": "333333", "profile_use_background_image": true, "has_extended_profile": true, "default_profile": false, "default_profile_image": false, "following": false, "follow_request_sent": false, "notifications": false, "translator_type": "none"}, "geo": null, "coordinates": null, "place": null, "contributors": null, "is_quote_status": false, "retweet_count": 0, "favorite_count": 0, "favorited": false, "retweeted": false, "possibly_sensitive": false, "lang": "en"}