{"created_at": "Sat May 12 22:42:01 +0000 2018", "id": 995433947260702720, "id_str": "995433947260702720", "text": "Michael Avenatti challenged Rudy Giuliani to a debate on twitter this week. In an interview with Business Insider,\u2026 https://t.co/M19Ue0fhEf", "truncated": true, "entities": {"hashtags": [], "symbols": [], "user_mentions": [], "urls": [{"url": "https://t.co/M19Ue0fhEf", "expanded_url": "https://twitter.com/i/web/status/995433947260702720", "display_url": "twitter.com/i/web/status/9\u2026", "indices": [116, 139]}]}, "source": "<a href=\"http://www.socialflow.com\" rel=\"nofollow\">SocialFlow</a>", "in_reply_to_status_id": null, "in_reply_to_status_id_str": null, "in_reply_to_user_id": null, "in_reply_to_user_id_str": null, "in_reply_to_screen_name": null, "user": {"id": 205864193, "id_str": "205864193", "name": "The ReidOut", "screen_name": "thereidout", "location": "Washington, D.C.", "description": "The ReidOut with @JoyAnnReid airs weeknights at 7 P.M. ET on MSNBC. Join the conversation with #TheReidOut", "url": "https://t.co/VdotDlYeas", "entities": {"url": {"urls": [{"url": "https://t.co/VdotDlYeas", "expanded_url": "http://msnbc.com/reidout", "display_url": "msnbc.com/reidout", "indices": [0, 23]}]}, "description": {"urls": []}}, "protected": false, "followers_count": 515603, "friends_count": 1092, "listed_count": 2536, "created_at": "Thu Oct 21 19:32:51 +0000 2010", "favourites_count": 610, "utc_offset": null, "time_zone": null, "geo_enabled": true, "verified": true, "statuses_count": 67370, "lang": null, "contributors_enabled": false, "is_translator": false, "is_translation_enabled": false, "profile_background_color": "C0DEED", "profile_background_image_url": "http://abs.twimg.com/images/themes/theme1/bg.png", "profile_background_image_url_https": "https://abs.twimg.com/images/themes/theme1/bg.png", "profile_background_tile": false, "profile_image_url": "http://pbs.twimg.com/profile_images/1285652031118737410/BFlWVIYG_normal.jpg", "profile_image_url_https": "https://pbs.twimg.com/profile_images/1285652031118737410/BFlWVIYG_normal.jpg", "profile_banner_url": "https://pbs.twimg.com/profile_banners/205864193/1595358307", "profile_link_color": "0084B4", "profile_sidebar_border_color": "FFFFFF", "profile_sidebar_fill_color": "DDEEF6", "profile_text_color": "333333", "profile_use_background_image": true, "has_extended_profile": false, "default_profile": false, "default_profile_image": false, "following": false, "follow_request_sent": false, "notifications": false, "translator_type": "none"}, "geo": null, "coordinates": null, "place": null, "contributors": null, "is_quote_status": false, "retweet_count": 29, "favorite_count": 123, "favorited": false, "retweeted": false, "possibly_sensitive": false, "lang": "en"}