{"created_at": "Sun May 13 20:48:03 +0000 2018", "id": 995767651593998336, "id_str": "995767651593998336", "text": "@NRA I guess Reagan was a celebrity actor before NRA endorsed him for President. Reagan endorsed 1993 Brady Bill &amp;\u2026 https://t.co/Tr3jyKFtvl", "truncated": true, "entities": {"hashtags": [], "symbols": [], "user_mentions": [{"screen_name": "NRA", "name": "NRA", "id": 21829541, "id_str": "21829541", "indices": [0, 4]}], "urls": [{"url": "https://t.co/Tr3jyKFtvl", "expanded_url": "https://twitter.com/i/web/status/995767651593998336", "display_url": "twitter.com/i/web/status/9\u2026", "indices": [120, 143]}]}, "source": "<a href=\"http://twitter.com\" rel=\"nofollow\">Twitter Web Client</a>", "in_reply_to_status_id": 995453570546831360, "in_reply_to_status_id_str": "995453570546831360", "in_reply_to_user_id": 21829541, "in_reply_to_user_id_str": "21829541", "in_reply_to_screen_name": "NRA", "user": {"id": 967064304020111361, "id_str": "967064304020111361", "name": "Demand References", "screen_name": "Ask4References", "location": "", "description": "USA needs reference checks. 1 reference per cartridge a gun holds. A reference would be a US citizen who trusts a buyer with that gun. Gun dealers should verify", "url": null, "entities": {"description": {"urls": []}}, "protected": false, "followers_count": 76, "friends_count": 281, "listed_count": 26, "created_at": "Fri Feb 23 15:51:12 +0000 2018", "favourites_count": 8676, "utc_offset": null, "time_zone": null, "geo_enabled": false, "verified": false, "statuses_count": 17344, "lang": null, "contributors_enabled": false, "is_translator": false, "is_translation_enabled": false, "profile_background_color": "F5F8FA", "profile_background_image_url": null, "profile_background_image_url_https": null, "profile_background_tile": false, "profile_image_url": "http://pbs.twimg.com/profile_images/1060302968493244416/XC23B4dg_normal.jpg", "profile_image_url_https": "https://pbs.twimg.com/profile_images/1060302968493244416/XC23B4dg_normal.jpg", "profile_banner_url": "https://pbs.twimg.com/profile_banners/967064304020111361/1540941747", "profile_link_color": "1DA1F2", "profile_sidebar_border_color": "C0DEED", "profile_sidebar_fill_color": "DDEEF6", "profile_text_color": "333333", "profile_use_background_image": true, "has_extended_profile": false, "default_profile": true, "default_profile_image": false, "following": false, "follow_request_sent": false, "notifications": false, "translator_type": "none"}, "geo": null, "coordinates": null, "place": null, "contributors": null, "is_quote_status": false, "retweet_count": 0, "favorite_count": 0, "favorited": false, "retweeted": false, "lang": "en"}