{"created_at": "Tue May 15 10:30:06 +0000 2018", "id": 996336915812114433, "id_str": "996336915812114433", "text": "We hear it's #DinosaurDay. Edward Jenner was a keen fossil hunter, often taking time out to search for specimens al\u2026 https://t.co/V0ZFoxyGec", "truncated": true, "entities": {"hashtags": [{"text": "DinosaurDay", "indices": [13, 25]}], "symbols": [], "user_mentions": [], "urls": [{"url": "https://t.co/V0ZFoxyGec", "expanded_url": "https://twitter.com/i/web/status/996336915812114433", "display_url": "twitter.com/i/web/status/9\u2026", "indices": [117, 140]}]}, "source": "<a href=\"http://twitter.com\" rel=\"nofollow\">Twitter Web Client</a>", "in_reply_to_status_id": null, "in_reply_to_status_id_str": null, "in_reply_to_user_id": null, "in_reply_to_user_id_str": null, "in_reply_to_screen_name": null, "user": {"id": 24679530, "id_str": "24679530", "name": "Dr Jenner\u2019s House", "screen_name": "DrJennersHouse", "location": "Berkeley, Gloucestershire", "description": "The home of vaccination. Independent charity celebrating Edward Jenner's pioneering work on vaccination and its continued impact around the world.", "url": "https://t.co/q9mMInZWER", "entities": {"url": {"urls": [{"url": "https://t.co/q9mMInZWER", "expanded_url": "https://jennermuseum.com", "display_url": "jennermuseum.com", "indices": [0, 23]}]}, "description": {"urls": []}}, "protected": false, "followers_count": 6237, "friends_count": 808, "listed_count": 117, "created_at": "Mon Mar 16 11:48:43 +0000 2009", "favourites_count": 3969, "utc_offset": null, "time_zone": null, "geo_enabled": false, "verified": false, "statuses_count": 9223, "lang": null, "contributors_enabled": false, "is_translator": false, "is_translation_enabled": false, "profile_background_color": "EDECE9", "profile_background_image_url": "http://abs.twimg.com/images/themes/theme3/bg.gif", "profile_background_image_url_https": "https://abs.twimg.com/images/themes/theme3/bg.gif", "profile_background_tile": false, "profile_image_url": "http://pbs.twimg.com/profile_images/1253570030631075840/Tl-kBKzZ_normal.jpg", "profile_image_url_https": "https://pbs.twimg.com/profile_images/1253570030631075840/Tl-kBKzZ_normal.jpg", "profile_banner_url": "https://pbs.twimg.com/profile_banners/24679530/1595243361", "profile_link_color": "088253", "profile_sidebar_border_color": "D3D2CF", "profile_sidebar_fill_color": "E3E2DE", "profile_text_color": "634047", "profile_use_background_image": true, "has_extended_profile": true, "default_profile": false, "default_profile_image": false, "following": false, "follow_request_sent": false, "notifications": false, "translator_type": "none"}, "geo": null, "coordinates": null, "place": null, "contributors": null, "is_quote_status": false, "retweet_count": 2, "favorite_count": 3, "favorited": false, "retweeted": false, "possibly_sensitive": false, "lang": "en"}