{"created_at": "Tue May 15 21:23:42 +0000 2018", "id": 996501401147715590, "id_str": "996501401147715590", "text": "@westeastindian I've read a lot about them being both hunters and scavengers, mostly in books tho, no internet arti\u2026 https://t.co/dBr45YWb0p", "truncated": true, "entities": {"hashtags": [], "symbols": [], "user_mentions": [], "urls": [{"url": "https://t.co/dBr45YWb0p", "expanded_url": "https://twitter.com/i/web/status/996501401147715590", "display_url": "twitter.com/i/web/status/9\u2026", "indices": [117, 140]}]}, "source": "<a href=\"http://twitter.com\" rel=\"nofollow\">Twitter Web Client</a>", "in_reply_to_status_id": null, "in_reply_to_status_id_str": null, "in_reply_to_user_id": null, "in_reply_to_user_id_str": null, "in_reply_to_screen_name": null, "user": {"id": 586719195, "id_str": "586719195", "name": "nameless, formless entity", "screen_name": "_cats_are_cool_", "location": "", "description": "she/her.", "url": null, "entities": {"description": {"urls": []}}, "protected": false, "followers_count": 328, "friends_count": 185, "listed_count": 1, "created_at": "Mon May 21 15:37:23 +0000 2012", "favourites_count": 15891, "utc_offset": null, "time_zone": null, "geo_enabled": false, "verified": false, "statuses_count": 22492, "lang": null, "contributors_enabled": false, "is_translator": false, "is_translation_enabled": false, "profile_background_color": "000000", "profile_background_image_url": "http://abs.twimg.com/images/themes/theme1/bg.png", "profile_background_image_url_https": "https://abs.twimg.com/images/themes/theme1/bg.png", "profile_background_tile": false, "profile_image_url": "http://pbs.twimg.com/profile_images/1248018393807982592/Un_Azur7_normal.jpg", "profile_image_url_https": "https://pbs.twimg.com/profile_images/1248018393807982592/Un_Azur7_normal.jpg", "profile_banner_url": "https://pbs.twimg.com/profile_banners/586719195/1553463427", "profile_link_color": "E81C4F", "profile_sidebar_border_color": "000000", "profile_sidebar_fill_color": "000000", "profile_text_color": "000000", "profile_use_background_image": false, "has_extended_profile": false, "default_profile": false, "default_profile_image": false, "following": false, "follow_request_sent": false, "notifications": false, "translator_type": "none"}, "geo": null, "coordinates": null, "place": null, "contributors": null, "is_quote_status": false, "retweet_count": 0, "favorite_count": 0, "favorited": false, "retweeted": false, "lang": "en"}