{"created_at": "Wed May 16 00:31:39 +0000 2018", "id": 996548699265294336, "id_str": "996548699265294336", "text": "THE DINOSAUR HUNTERS/Deborah Cadbury https://t.co/WXpXRVIY3N https://t.co/WmIrNKC7JY", "truncated": false, "entities": {"hashtags": [], "symbols": [], "user_mentions": [], "urls": [{"url": "https://t.co/WXpXRVIY3N", "expanded_url": "https://trademe.co.nz/1633494447", "display_url": "trademe.co.nz/1633494447", "indices": [37, 60]}], "media": [{"id": 996548697746915328, "id_str": "996548697746915328", "indices": [61, 84], "media_url": "http://pbs.twimg.com/media/DdRzwrqVQAApGM7.jpg", "media_url_https": "https://pbs.twimg.com/media/DdRzwrqVQAApGM7.jpg", "url": "https://t.co/WmIrNKC7JY", "display_url": "pic.twitter.com/WmIrNKC7JY", "expanded_url": "https://twitter.com/PlumtreeCross/status/996548699265294336/photo/1", "type": "photo", "sizes": {"thumb": {"w": 150, "h": 150, "resize": "crop"}, "medium": {"w": 800, "h": 600, "resize": "fit"}, "small": {"w": 680, "h": 510, "resize": "fit"}, "large": {"w": 800, "h": 600, "resize": "fit"}}}]}, "extended_entities": {"media": [{"id": 996548697746915328, "id_str": "996548697746915328", "indices": [61, 84], "media_url": "http://pbs.twimg.com/media/DdRzwrqVQAApGM7.jpg", "media_url_https": "https://pbs.twimg.com/media/DdRzwrqVQAApGM7.jpg", "url": "https://t.co/WmIrNKC7JY", "display_url": "pic.twitter.com/WmIrNKC7JY", "expanded_url": "https://twitter.com/PlumtreeCross/status/996548699265294336/photo/1", "type": "photo", "sizes": {"thumb": {"w": 150, "h": 150, "resize": "crop"}, "medium": {"w": 800, "h": 600, "resize": "fit"}, "small": {"w": 680, "h": 510, "resize": "fit"}, "large": {"w": 800, "h": 600, "resize": "fit"}}}]}, "source": "<a href=\"http://twitter.com/#!/download/ipad\" rel=\"nofollow\">Twitter for iPad</a>", "in_reply_to_status_id": null, "in_reply_to_status_id_str": null, "in_reply_to_user_id": null, "in_reply_to_user_id_str": null, "in_reply_to_screen_name": null, "user": {"id": 600730992, "id_str": "600730992", "name": "Harry Cross", "screen_name": "PlumtreeCross", "location": "Kerikeri", "description": "Passionate about books. Every book has the right owner", "url": null, "entities": {"description": {"urls": []}}, "protected": false, "followers_count": 30, "friends_count": 12, "listed_count": 1, "created_at": "Wed Jun 06 03:42:28 +0000 2012", "favourites_count": 8, "utc_offset": null, "time_zone": null, "geo_enabled": false, "verified": false, "statuses_count": 37155, "lang": null, "contributors_enabled": false, "is_translator": false, "is_translation_enabled": false, "profile_background_color": "C0DEED", "profile_background_image_url": "http://abs.twimg.com/images/themes/theme1/bg.png", "profile_background_image_url_https": "https://abs.twimg.com/images/themes/theme1/bg.png", "profile_background_tile": false, "profile_image_url": "http://pbs.twimg.com/profile_images/711741800138969089/tmJyMuFF_normal.jpg", "profile_image_url_https": "https://pbs.twimg.com/profile_images/711741800138969089/tmJyMuFF_normal.jpg", "profile_banner_url": "https://pbs.twimg.com/profile_banners/600730992/1458526836", "profile_link_color": "1DA1F2", "profile_sidebar_border_color": "C0DEED", "profile_sidebar_fill_color": "DDEEF6", "profile_text_color": "333333", "profile_use_background_image": true, "has_extended_profile": false, "default_profile": true, "default_profile_image": false, "following": false, "follow_request_sent": false, "notifications": false, "translator_type": "none"}, "geo": null, "coordinates": null, "place": null, "contributors": null, "is_quote_status": false, "retweet_count": 0, "favorite_count": 0, "favorited": false, "retweeted": false, "possibly_sensitive": false, "lang": "en"}