{"created_at": "Fri May 18 13:53:37 +0000 2018", "id": 997475297535627265, "id_str": "997475297535627265", "text": "Rudy #Giuliani: Robert #Mueller will narrow scope of possible interview with Donald #Trump #RussiaGate https://t.co/fvWNC3oqWZ", "truncated": false, "entities": {"hashtags": [{"text": "Giuliani", "indices": [5, 14]}, {"text": "Mueller", "indices": [23, 31]}, {"text": "Trump", "indices": [84, 90]}, {"text": "RussiaGate", "indices": [91, 102]}], "symbols": [], "user_mentions": [], "urls": [{"url": "https://t.co/fvWNC3oqWZ", "expanded_url": "https://nypost.com/2018/05/18/giuliani-mueller-agreed-to-limit-topics-in-potential-trump-interview/", "display_url": "nypost.com/2018/05/18/giu\u2026", "indices": [103, 126]}]}, "source": "<a href=\"http://www.apple.com\" rel=\"nofollow\">iOS</a>", "in_reply_to_status_id": null, "in_reply_to_status_id_str": null, "in_reply_to_user_id": null, "in_reply_to_user_id_str": null, "in_reply_to_screen_name": null, "user": {"id": 135151712, "id_str": "135151712", "name": "#InGodWeTrust\ud83d\uddfd\ud83c\uddfa\ud83c\uddf8", "screen_name": "buzzyanne", "location": "Boston USA", "description": "Lovin' all things Biblical. \ud83d\ude4f Used to love all things Boston & Big Apple. Motown native. Print MSM in NY well before the Age of Twitter. In the end, God wins.", "url": null, "entities": {"description": {"urls": []}}, "protected": false, "followers_count": 1834, "friends_count": 4993, "listed_count": 63, "created_at": "Tue Apr 20 13:41:54 +0000 2010", "favourites_count": 6273, "utc_offset": null, "time_zone": null, "geo_enabled": false, "verified": false, "statuses_count": 113097, "lang": null, "contributors_enabled": false, "is_translator": false, "is_translation_enabled": false, "profile_background_color": "0099B9", "profile_background_image_url": "http://abs.twimg.com/images/themes/theme4/bg.gif", "profile_background_image_url_https": "https://abs.twimg.com/images/themes/theme4/bg.gif", "profile_background_tile": true, "profile_image_url": "http://pbs.twimg.com/profile_images/1095846308080947200/rdfF5QIN_normal.jpg", "profile_image_url_https": "https://pbs.twimg.com/profile_images/1095846308080947200/rdfF5QIN_normal.jpg", "profile_banner_url": "https://pbs.twimg.com/profile_banners/135151712/1593885403", "profile_link_color": "0099B9", "profile_sidebar_border_color": "000000", "profile_sidebar_fill_color": "000000", "profile_text_color": "000000", "profile_use_background_image": false, "has_extended_profile": false, "default_profile": false, "default_profile_image": false, "following": false, "follow_request_sent": false, "notifications": false, "translator_type": "none"}, "geo": null, "coordinates": null, "place": null, "contributors": null, "is_quote_status": false, "retweet_count": 0, "favorite_count": 0, "favorited": false, "retweeted": false, "possibly_sensitive": false, "lang": "en"}