{"created_at": "Sat May 19 10:20:02 +0000 2018", "id": 997783936184012800, "id_str": "997783936184012800", "text": "\"I'm a lawyer, this is what I do best...\"\n \u2014 Rudy Giuliani\n\nI defy anyone who watches the entirety of this intervie\u2026 https://t.co/xpbUy4hSjC", "truncated": true, "entities": {"hashtags": [], "symbols": [], "user_mentions": [], "urls": [{"url": "https://t.co/xpbUy4hSjC", "expanded_url": "https://twitter.com/i/web/status/997783936184012800", "display_url": "twitter.com/i/web/status/9\u2026", "indices": [117, 140]}]}, "source": "<a href=\"http://twitter.com/download/android\" rel=\"nofollow\">Twitter for Android</a>", "in_reply_to_status_id": null, "in_reply_to_status_id_str": null, "in_reply_to_user_id": null, "in_reply_to_user_id_str": null, "in_reply_to_screen_name": null, "user": {"id": 166585184, "id_str": "166585184", "name": "Yeah, I said it \u270c\ud83c\udffb\u270c\ud83c\udffc\u270c\ud83c\udffd\u270c\ud83c\udffe\u270c\ud83c\udfff", "screen_name": "aalleyne", "location": "\ud83c\udfbcSomewhere, over the \ud83c\udf08", "description": "Neither asking permission nor begging forgiveness | Views = my own | Thinking g|obal, acting local | No lists | pic @Mensweardog | #StandWithPP | #TheResistance", "url": null, "entities": {"description": {"urls": []}}, "protected": false, "followers_count": 1591, "friends_count": 4254, "listed_count": 10, "created_at": "Wed Jul 14 14:37:43 +0000 2010", "favourites_count": 265872, "utc_offset": null, "time_zone": null, "geo_enabled": false, "verified": false, "statuses_count": 55775, "lang": null, "contributors_enabled": false, "is_translator": false, "is_translation_enabled": false, "profile_background_color": "C0DEED", "profile_background_image_url": "http://abs.twimg.com/images/themes/theme1/bg.png", "profile_background_image_url_https": "https://abs.twimg.com/images/themes/theme1/bg.png", "profile_background_tile": false, "profile_image_url": "http://pbs.twimg.com/profile_images/1293797333835165702/D1E3vUWb_normal.jpg", "profile_image_url_https": "https://pbs.twimg.com/profile_images/1293797333835165702/D1E3vUWb_normal.jpg", "profile_banner_url": "https://pbs.twimg.com/profile_banners/166585184/1597691708", "profile_link_color": "1DA1F2", "profile_sidebar_border_color": "C0DEED", "profile_sidebar_fill_color": "DDEEF6", "profile_text_color": "333333", "profile_use_background_image": true, "has_extended_profile": false, "default_profile": true, "default_profile_image": false, "following": false, "follow_request_sent": false, "notifications": false, "translator_type": "none"}, "geo": null, "coordinates": null, "place": null, "contributors": null, "is_quote_status": false, "retweet_count": 0, "favorite_count": 0, "favorited": false, "retweeted": false, "possibly_sensitive": false, "lang": "en"}