{"created_at": "Sun May 20 13:44:59 +0000 2018", "id": 998197901020024833, "id_str": "998197901020024833", "text": "Trump should refuse interview with Robert Mueller until he gets more info on FBI informant, says Rudy Giuliani https://t.co/TW0wdJjuFR", "truncated": false, "entities": {"hashtags": [], "symbols": [], "user_mentions": [], "urls": [{"url": "https://t.co/TW0wdJjuFR", "expanded_url": "http://bit.ly/2KDeH7Y", "display_url": "bit.ly/2KDeH7Y", "indices": [111, 134]}]}, "source": "<a href=\"http://www.socialflow.com\" rel=\"nofollow\">SocialFlow</a>", "in_reply_to_status_id": null, "in_reply_to_status_id_str": null, "in_reply_to_user_id": null, "in_reply_to_user_id_str": null, "in_reply_to_screen_name": null, "user": {"id": 724702259712499713, "id_str": "724702259712499713", "name": "Daily on Defense", "screen_name": "dailyondefense", "location": "Washington, DC", "description": "@dcexaminer news and analysis on defense and national security.\nIn your inbox every weekday morning. Sign up here: https://t.co/7PouePJXux", "url": "https://t.co/7PouePJXux", "entities": {"url": {"urls": [{"url": "https://t.co/7PouePJXux", "expanded_url": "http://washex.am/2o1UEs9", "display_url": "washex.am/2o1UEs9", "indices": [0, 23]}]}, "description": {"urls": [{"url": "https://t.co/7PouePJXux", "expanded_url": "http://washex.am/2o1UEs9", "display_url": "washex.am/2o1UEs9", "indices": [115, 138]}]}}, "protected": false, "followers_count": 1808, "friends_count": 1698, "listed_count": 82, "created_at": "Mon Apr 25 20:50:57 +0000 2016", "favourites_count": 0, "utc_offset": null, "time_zone": null, "geo_enabled": false, "verified": false, "statuses_count": 19571, "lang": null, "contributors_enabled": false, "is_translator": false, "is_translation_enabled": false, "profile_background_color": "F5F8FA", "profile_background_image_url": null, "profile_background_image_url_https": null, "profile_background_tile": false, "profile_image_url": "http://pbs.twimg.com/profile_images/829060397772595200/MzL-4YxH_normal.jpg", "profile_image_url_https": "https://pbs.twimg.com/profile_images/829060397772595200/MzL-4YxH_normal.jpg", "profile_banner_url": "https://pbs.twimg.com/profile_banners/724702259712499713/1478035669", "profile_link_color": "1DA1F2", "profile_sidebar_border_color": "C0DEED", "profile_sidebar_fill_color": "DDEEF6", "profile_text_color": "333333", "profile_use_background_image": true, "has_extended_profile": false, "default_profile": true, "default_profile_image": false, "following": false, "follow_request_sent": false, "notifications": false, "translator_type": "none"}, "geo": null, "coordinates": null, "place": null, "contributors": null, "is_quote_status": false, "retweet_count": 0, "favorite_count": 0, "favorited": false, "retweeted": false, "possibly_sensitive": false, "lang": "en"}