{"created_at": "Sun May 20 19:57:19 +0000 2018", "id": 998291600395636736, "id_str": "998291600395636736", "text": "@101Stormbringer @pmm526 @NBCNews As a part of his \u201ceffectiveness\u201d he voted against the Brady Bill 5 times so...", "truncated": false, "entities": {"hashtags": [], "symbols": [], "user_mentions": [{"screen_name": "NBCNews", "name": "NBC News", "id": 14173315, "id_str": "14173315", "indices": [25, 33]}], "urls": []}, "source": "<a href=\"http://twitter.com/download/iphone\" rel=\"nofollow\">Twitter for iPhone</a>", "in_reply_to_status_id": null, "in_reply_to_status_id_str": null, "in_reply_to_user_id": null, "in_reply_to_user_id_str": null, "in_reply_to_screen_name": null, "user": {"id": 2587603297, "id_str": "2587603297", "name": "Danielle", "screen_name": "PantherNGA", "location": "", "description": "I like video games (Nintendo and Sony fangirl) and FOOTBAW (Auburn and Carolina Panthers). Also Power Rangers and other general nerdery.", "url": null, "entities": {"description": {"urls": []}}, "protected": false, "followers_count": 1659, "friends_count": 2838, "listed_count": 26, "created_at": "Wed Jun 25 14:03:33 +0000 2014", "favourites_count": 435593, "utc_offset": null, "time_zone": null, "geo_enabled": false, "verified": false, "statuses_count": 68847, "lang": null, "contributors_enabled": false, "is_translator": false, "is_translation_enabled": false, "profile_background_color": "C0DEED", "profile_background_image_url": "http://abs.twimg.com/images/themes/theme1/bg.png", "profile_background_image_url_https": "https://abs.twimg.com/images/themes/theme1/bg.png", "profile_background_tile": false, "profile_image_url": "http://pbs.twimg.com/profile_images/514525734518685696/5V1ZbJ2p_normal.jpeg", "profile_image_url_https": "https://pbs.twimg.com/profile_images/514525734518685696/5V1ZbJ2p_normal.jpeg", "profile_banner_url": "https://pbs.twimg.com/profile_banners/2587603297/1554116227", "profile_link_color": "1DA1F2", "profile_sidebar_border_color": "C0DEED", "profile_sidebar_fill_color": "DDEEF6", "profile_text_color": "333333", "profile_use_background_image": true, "has_extended_profile": true, "default_profile": true, "default_profile_image": false, "following": false, "follow_request_sent": false, "notifications": false, "translator_type": "none"}, "geo": null, "coordinates": null, "place": null, "contributors": null, "is_quote_status": false, "retweet_count": 15, "favorite_count": 222, "favorited": false, "retweeted": false, "lang": "en"}