{"created_at": "Mon May 21 01:05:59 +0000 2018", "id": 998369280541515776, "id_str": "998369280541515776", "text": "@eclecticbrotha @thekohler What were his reasonings for voting against the Brady bill?", "truncated": false, "entities": {"hashtags": [], "symbols": [], "user_mentions": [{"screen_name": "eclecticbrotha", "name": "Ragnarok Lobster", "id": 300642262, "id_str": "300642262", "indices": [0, 15]}, {"screen_name": "thekohler", "name": "Michael Kohler", "id": 153996343, "id_str": "153996343", "indices": [16, 26]}], "urls": []}, "source": "<a href=\"http://twitter.com\" rel=\"nofollow\">Twitter Web Client</a>", "in_reply_to_status_id": 998348045979963392, "in_reply_to_status_id_str": "998348045979963392", "in_reply_to_user_id": 300642262, "in_reply_to_user_id_str": "300642262", "in_reply_to_screen_name": "eclecticbrotha", "user": {"id": 3404470091, "id_str": "3404470091", "name": "Anon O'Mouse", "screen_name": "Anon_OMouse", "location": "", "description": "My avatar is my opinion of the current state of political affairs. I am a Republican, but will never be a member of the GOP again.", "url": null, "entities": {"description": {"urls": []}}, "protected": false, "followers_count": 248, "friends_count": 283, "listed_count": 3, "created_at": "Wed Aug 05 17:33:46 +0000 2015", "favourites_count": 24404, "utc_offset": null, "time_zone": null, "geo_enabled": false, "verified": false, "statuses_count": 26919, "lang": null, "contributors_enabled": false, "is_translator": false, "is_translation_enabled": false, "profile_background_color": "000000", "profile_background_image_url": "http://abs.twimg.com/images/themes/theme1/bg.png", "profile_background_image_url_https": "https://abs.twimg.com/images/themes/theme1/bg.png", "profile_background_tile": false, "profile_image_url": "http://pbs.twimg.com/profile_images/823214008794632193/mnRTKY5D_normal.jpg", "profile_image_url_https": "https://pbs.twimg.com/profile_images/823214008794632193/mnRTKY5D_normal.jpg", "profile_link_color": "FF691F", "profile_sidebar_border_color": "000000", "profile_sidebar_fill_color": "000000", "profile_text_color": "000000", "profile_use_background_image": false, "has_extended_profile": false, "default_profile": false, "default_profile_image": false, "following": false, "follow_request_sent": false, "notifications": false, "translator_type": "none"}, "geo": null, "coordinates": null, "place": null, "contributors": null, "is_quote_status": false, "retweet_count": 0, "favorite_count": 0, "favorited": false, "retweeted": false, "lang": "en"}