{"created_at": "Wed May 23 06:57:35 +0000 2018", "id": 999182539406348289, "id_str": "999182539406348289", "text": "Yes We Can - Barack Obama Music Video https://t.co/ApttTlrGTL via @YouTube", "truncated": false, "entities": {"hashtags": [], "symbols": [], "user_mentions": [{"screen_name": "YouTube", "name": "YouTube", "id": 10228272, "id_str": "10228272", "indices": [66, 74]}], "urls": [{"url": "https://t.co/ApttTlrGTL", "expanded_url": "https://youtu.be/jjXyqcx-mYY", "display_url": "youtu.be/jjXyqcx-mYY", "indices": [38, 61]}]}, "source": "<a href=\"http://twitter.com\" rel=\"nofollow\">Twitter Web Client</a>", "in_reply_to_status_id": null, "in_reply_to_status_id_str": null, "in_reply_to_user_id": null, "in_reply_to_user_id_str": null, "in_reply_to_screen_name": null, "user": {"id": 11282612, "id_str": "11282612", "name": "Daniel Stevens \ud83c\udf39\u262d\ud83d\udea9", "screen_name": "ComradeDan", "location": "Daingerfield, TX", "description": "I am a generally nice guy. I post a lot on politics, and I'm a  Socialist", "url": "https://t.co/EHuHW8fLqk", "entities": {"url": {"urls": [{"url": "https://t.co/EHuHW8fLqk", "expanded_url": "http://about.me/danielalanstevens", "display_url": "about.me/danielalanstev\u2026", "indices": [0, 23]}]}, "description": {"urls": []}}, "protected": false, "followers_count": 2223, "friends_count": 4281, "listed_count": 37, "created_at": "Tue Dec 18 05:21:54 +0000 2007", "favourites_count": 8198, "utc_offset": null, "time_zone": null, "geo_enabled": true, "verified": false, "statuses_count": 15127, "lang": null, "contributors_enabled": false, "is_translator": false, "is_translation_enabled": false, "profile_background_color": "1C130E", "profile_background_image_url": "http://abs.twimg.com/images/themes/theme6/bg.gif", "profile_background_image_url_https": "https://abs.twimg.com/images/themes/theme6/bg.gif", "profile_background_tile": false, "profile_image_url": "http://pbs.twimg.com/profile_images/1258705248136441859/jR6wh2fs_normal.jpg", "profile_image_url_https": "https://pbs.twimg.com/profile_images/1258705248136441859/jR6wh2fs_normal.jpg", "profile_banner_url": "https://pbs.twimg.com/profile_banners/11282612/1444013508", "profile_link_color": "838978", "profile_sidebar_border_color": "9DB98C", "profile_sidebar_fill_color": "140E0A", "profile_text_color": "4F3F38", "profile_use_background_image": true, "has_extended_profile": true, "default_profile": false, "default_profile_image": false, "following": false, "follow_request_sent": false, "notifications": false, "translator_type": "none"}, "geo": null, "coordinates": null, "place": null, "contributors": null, "is_quote_status": false, "retweet_count": 0, "favorite_count": 0, "favorited": false, "retweeted": false, "possibly_sensitive": false, "lang": "en"}