{"created_at": "Wed May 23 20:00:02 +0000 2018", "id": 999379445361381376, "id_str": "999379445361381376", "text": "President Donald Trump's attorney Rudy Giuliani says he currently opposes letting Trump sit for an interview with S\u2026 https://t.co/wSUAkmVZmQ", "truncated": true, "entities": {"hashtags": [], "symbols": [], "user_mentions": [], "urls": [{"url": "https://t.co/wSUAkmVZmQ", "expanded_url": "https://twitter.com/i/web/status/999379445361381376", "display_url": "twitter.com/i/web/status/9\u2026", "indices": [117, 140]}]}, "source": "<a href=\"https://about.twitter.com/products/tweetdeck\" rel=\"nofollow\">TweetDeck</a>", "in_reply_to_status_id": null, "in_reply_to_status_id_str": null, "in_reply_to_user_id": null, "in_reply_to_user_id_str": null, "in_reply_to_screen_name": null, "user": {"id": 19293193, "id_str": "19293193", "name": "55KRC", "screen_name": "55KRC", "location": "Cincinnati, Ohio", "description": "Home of Brian Thomas, Glenn Beck, Rush, Hannity, and @athomesullivan! Listen on #iHeartRadio http://t.co/Yk8cWuBTaS", "url": "http://t.co/lDBL5cl59C", "entities": {"url": {"urls": [{"url": "http://t.co/lDBL5cl59C", "expanded_url": "http://www.55krc.com", "display_url": "55krc.com", "indices": [0, 22]}]}, "description": {"urls": [{"url": "http://t.co/Yk8cWuBTaS", "expanded_url": "http://55krc.com/listen", "display_url": "55krc.com/listen", "indices": [93, 115]}]}}, "protected": false, "followers_count": 3729, "friends_count": 209, "listed_count": 118, "created_at": "Wed Jan 21 16:07:11 +0000 2009", "favourites_count": 53, "utc_offset": null, "time_zone": null, "geo_enabled": true, "verified": false, "statuses_count": 33204, "lang": null, "contributors_enabled": false, "is_translator": false, "is_translation_enabled": false, "profile_background_color": "690E20", "profile_background_image_url": "http://abs.twimg.com/images/themes/theme1/bg.png", "profile_background_image_url_https": "https://abs.twimg.com/images/themes/theme1/bg.png", "profile_background_tile": true, "profile_image_url": "http://pbs.twimg.com/profile_images/73496884/55krc_normal.jpg", "profile_image_url_https": "https://pbs.twimg.com/profile_images/73496884/55krc_normal.jpg", "profile_banner_url": "https://pbs.twimg.com/profile_banners/19293193/1557836078", "profile_link_color": "0084B4", "profile_sidebar_border_color": "BDDCAD", "profile_sidebar_fill_color": "DDFFCC", "profile_text_color": "333333", "profile_use_background_image": true, "has_extended_profile": false, "default_profile": false, "default_profile_image": false, "following": false, "follow_request_sent": false, "notifications": false, "translator_type": "none"}, "geo": null, "coordinates": null, "place": null, "contributors": null, "is_quote_status": false, "retweet_count": 0, "favorite_count": 0, "favorited": false, "retweeted": false, "possibly_sensitive": false, "lang": "en"}