{"created_at": "Thu May 24 06:31:58 +0000 2018", "id": 999538477279592448, "id_str": "999538477279592448", "text": "VIDEO: HRC Projects Message to Betsy DeVos on US Department of Education Building - Human Rights Campaign (blog) https://t.co/6gJxHKLp4c", "truncated": false, "entities": {"hashtags": [], "symbols": [], "user_mentions": [], "urls": [{"url": "https://t.co/6gJxHKLp4c", "expanded_url": "http://dlvr.it/QTvzS5", "display_url": "dlvr.it/QTvzS5", "indices": [113, 136]}]}, "source": "<a href=\"https://dlvrit.com/\" rel=\"nofollow\">dlvr.it</a>", "in_reply_to_status_id": null, "in_reply_to_status_id_str": null, "in_reply_to_user_id": null, "in_reply_to_user_id_str": null, "in_reply_to_screen_name": null, "user": {"id": 620484097, "id_str": "620484097", "name": "Education View", "screen_name": "EducationView", "location": "United States, Colorado", "description": "Your best source of Education News on Twitter", "url": null, "entities": {"description": {"urls": []}}, "protected": false, "followers_count": 4019, "friends_count": 3732, "listed_count": 92, "created_at": "Thu Jun 28 00:37:00 +0000 2012", "favourites_count": 0, "utc_offset": null, "time_zone": null, "geo_enabled": false, "verified": false, "statuses_count": 41575, "lang": null, "contributors_enabled": false, "is_translator": false, "is_translation_enabled": false, "profile_background_color": "000000", "profile_background_image_url": "http://abs.twimg.com/images/themes/theme1/bg.png", "profile_background_image_url_https": "https://abs.twimg.com/images/themes/theme1/bg.png", "profile_background_tile": true, "profile_image_url": "http://pbs.twimg.com/profile_images/2917302403/78856f35834e5e6c50be81e74df9da01_normal.png", "profile_image_url_https": "https://pbs.twimg.com/profile_images/2917302403/78856f35834e5e6c50be81e74df9da01_normal.png", "profile_link_color": "0000FF", "profile_sidebar_border_color": "FFFFFF", "profile_sidebar_fill_color": "DDEEF6", "profile_text_color": "333333", "profile_use_background_image": true, "has_extended_profile": false, "default_profile": false, "default_profile_image": false, "following": false, "follow_request_sent": false, "notifications": false, "translator_type": "none"}, "geo": null, "coordinates": null, "place": null, "contributors": null, "is_quote_status": false, "retweet_count": 0, "favorite_count": 0, "favorited": false, "retweeted": false, "possibly_sensitive": false, "lang": "en"}