{"created_at": "Thu May 24 21:16:09 +0000 2018", "id": 999760991050194944, "id_str": "999760991050194944", "text": "@TeaPainUSA @realDonaldTrump #GeorgeCostanzaDefense @realDonaldTrump defense is his truth is not the same as\u2026 https://t.co/knDRPGgs40", "truncated": true, "entities": {"hashtags": [{"text": "GeorgeCostanzaDefense", "indices": [29, 51]}], "symbols": [], "user_mentions": [{"screen_name": "TeaPainUSA", "name": "Tea Pain", "id": 2421067430, "id_str": "2421067430", "indices": [0, 11]}, {"screen_name": "realDonaldTrump", "name": "Donald J. Trump", "id": 25073877, "id_str": "25073877", "indices": [12, 28]}, {"screen_name": "realDonaldTrump", "name": "Donald J. Trump", "id": 25073877, "id_str": "25073877", "indices": [52, 68]}], "urls": [{"url": "https://t.co/knDRPGgs40", "expanded_url": "https://twitter.com/i/web/status/999760991050194944", "display_url": "twitter.com/i/web/status/9\u2026", "indices": [110, 133]}]}, "source": "<a href=\"http://twitter.com/download/android\" rel=\"nofollow\">Twitter for Android</a>", "in_reply_to_status_id": 999740290520010752, "in_reply_to_status_id_str": "999740290520010752", "in_reply_to_user_id": 2421067430, "in_reply_to_user_id_str": "2421067430", "in_reply_to_screen_name": "TeaPainUSA", "user": {"id": 1699360596, "id_str": "1699360596", "name": "Riseandshine Leia", "screen_name": "lizabet17109", "location": "Pennsylvania, USA", "description": "I am a Republican since the 1970's but  \nCountry before Party, Truth before Lies, \n#GOPVotingBlue \n\nFreedom's just another word for nothing left to lose.", "url": null, "entities": {"description": {"urls": []}}, "protected": false, "followers_count": 375, "friends_count": 555, "listed_count": 2, "created_at": "Sun Aug 25 14:50:44 +0000 2013", "favourites_count": 14508, "utc_offset": null, "time_zone": null, "geo_enabled": true, "verified": false, "statuses_count": 49637, "lang": null, "contributors_enabled": false, "is_translator": false, "is_translation_enabled": false, "profile_background_color": "C0DEED", "profile_background_image_url": "http://abs.twimg.com/images/themes/theme1/bg.png", "profile_background_image_url_https": "https://abs.twimg.com/images/themes/theme1/bg.png", "profile_background_tile": false, "profile_image_url": "http://pbs.twimg.com/profile_images/1228677565696618496/42g2N5Zi_normal.jpg", "profile_image_url_https": "https://pbs.twimg.com/profile_images/1228677565696618496/42g2N5Zi_normal.jpg", "profile_banner_url": "https://pbs.twimg.com/profile_banners/1699360596/1541979343", "profile_link_color": "1DA1F2", "profile_sidebar_border_color": "C0DEED", "profile_sidebar_fill_color": "DDEEF6", "profile_text_color": "333333", "profile_use_background_image": true, "has_extended_profile": true, "default_profile": true, "default_profile_image": false, "following": false, "follow_request_sent": false, "notifications": false, "translator_type": "none"}, "geo": null, "coordinates": null, "place": null, "contributors": null, "is_quote_status": false, "retweet_count": 0, "favorite_count": 0, "favorited": false, "retweeted": false, "lang": "en"}