{"created_at": "Thu May 24 22:24:26 +0000 2018", "id": 999778175730118658, "id_str": "999778175730118658", "text": "Rudy Giuliani wants 'spygate' report before Mueller can interview Trump: https://t.co/eVQVi1g4zk via @AOL-The great\u2026 https://t.co/qlM7VYvzQN", "truncated": true, "entities": {"hashtags": [], "symbols": [], "user_mentions": [{"screen_name": "AOL", "name": "AOL.com", "id": 66237835, "id_str": "66237835", "indices": [101, 105]}], "urls": [{"url": "https://t.co/eVQVi1g4zk", "expanded_url": "https://www.aol.com/article/news/2018/05/24/rudy-giuliani-wants-spygate-report-before-mueller-can-interview-trump/23442873/?a_dgi=aolshare_twitter", "display_url": "aol.com/article/news/2\u2026", "indices": [73, 96]}, {"url": "https://t.co/qlM7VYvzQN", "expanded_url": "https://twitter.com/i/web/status/999778175730118658", "display_url": "twitter.com/i/web/status/9\u2026", "indices": [117, 140]}]}, "source": "<a href=\"http://twitter.com\" rel=\"nofollow\">Twitter Web Client</a>", "in_reply_to_status_id": null, "in_reply_to_status_id_str": null, "in_reply_to_user_id": null, "in_reply_to_user_id_str": null, "in_reply_to_screen_name": null, "user": {"id": 58221464, "id_str": "58221464", "name": "Dapo Sobomehin", "screen_name": "tetede", "location": "Portland, Oregon", "description": "Born and raised well in a little village in West Africa. People care for one another. I care very much too.", "url": "http://t.co/aJR0nrc32l", "entities": {"url": {"urls": [{"url": "http://t.co/aJR0nrc32l", "expanded_url": "http://www.easykids.org", "display_url": "easykids.org", "indices": [0, 22]}]}, "description": {"urls": []}}, "protected": false, "followers_count": 716, "friends_count": 2340, "listed_count": 1, "created_at": "Sun Jul 19 15:43:09 +0000 2009", "favourites_count": 6, "utc_offset": null, "time_zone": null, "geo_enabled": true, "verified": false, "statuses_count": 6855, "lang": null, "contributors_enabled": false, "is_translator": false, "is_translation_enabled": false, "profile_background_color": "C0DEED", "profile_background_image_url": "http://abs.twimg.com/images/themes/theme1/bg.png", "profile_background_image_url_https": "https://abs.twimg.com/images/themes/theme1/bg.png", "profile_background_tile": false, "profile_image_url": "http://pbs.twimg.com/profile_images/378800000864095470/YO23HGEC_normal.jpeg", "profile_image_url_https": "https://pbs.twimg.com/profile_images/378800000864095470/YO23HGEC_normal.jpeg", "profile_link_color": "1DA1F2", "profile_sidebar_border_color": "C0DEED", "profile_sidebar_fill_color": "DDEEF6", "profile_text_color": "333333", "profile_use_background_image": true, "has_extended_profile": false, "default_profile": true, "default_profile_image": false, "following": false, "follow_request_sent": false, "notifications": false, "translator_type": "none"}, "geo": null, "coordinates": null, "place": null, "contributors": null, "is_quote_status": false, "retweet_count": 0, "favorite_count": 0, "favorited": false, "retweeted": false, "possibly_sensitive": false, "lang": "en"}